Representative	AS	DW	GW	Group	MW	NW	WW
SRR7369916_k141_337259_1_13919172	111	111	49	0	0	283	138
SRR9852176_k141_2154404_1_273804043	209	81	36	0	0	260	218
SRR446576_k99_205925_1_49339595	18	93	85	0	56	158	242
SRR1763381_k119_24196_29_13685084	352	58	26	0	2	117	342
SRR14143314_k141_120193_9_28880644	227	142	32	0	55	244	93
ERR1713372_k141_210550_1_128163779	148	69	32	0	0	236	203
ERR4678566_k141_726640_1_161442685	175	60	35	0	0	136	349
SRR18749947_k141_473535_93_98680098	90	50	34	0	0	90	276
ERR4678571_k141_970917_3_8840585	13	68	61	0	11	168	122
ERR4678628_k141_1319370_1_32904678	27	82	69	0	10	159	306
SRR22752042_k141_1136401_1_284482853	347	218	115	0	8	532	497
SRR2962470_k119_25936_3_495587803	158	50	30	0	1	264	237
ERR4678591_k141_18905_1_55616151	5	53	42	0	6	89	210
ERR3281021_k141_607451_2_1008319	230	85	73	0	2	203	473
SRR11088410_k141_643517_1_18468516	181	92	48	0	5	331	210
SRR21802947_k141_429581_2_589743407	158	60	32	0	0	257	132
SRR21802946_k141_97569_1_602944377	22	76	71	0	14	157	251
ERR2592256_k141_5232_1_24046921	20	75	63	0	7	149	247
SRR14932614_k141_1501579_74_658458473	371	94	23	0	1	220	80
ERR4678659_k141_362089_1_135151960	268	55	36	0	3	225	426
ERR3281039_k141_61213_2_12316107	177	54	24	0	0	241	313
ERR3761240_k141_885914_3_47586214	304	49	64	0	0	184	367
SRR9261017_k141_149018_1_232497833	150	44	28	0	0	114	116
SRR13727531_k141_21547_1_129567666	137	75	24	0	1	127	67
SRR13608705_k141_900733_1_354850716	289	89	58	0	1	165	171
ERR4678594_k141_331227_1_58700854	165	63	43	0	1	225	437
SRR22752025_k141_1316385_1_263550407	39	49	23	0	0	262	180
ERR5954409_k141_737995_1_199581477	141	55	26	0	0	216	294
SRR12396704_k141_21917_7_236411795	254	138	40	0	3	185	116
SRR22105537_k141_854361_1_146272477	189	47	52	0	0	124	96
SRR8797412_k141_658072_3_60394918	30	46	58	0	9	137	140
SRR12404958_k141_385946_2_49002573	179	114	37	0	1	378	121
SRR11088460_k141_406959_1_391393375	102	51	66	0	0	111	411
ERR4678619_k141_1312437_2_95347652	5	45	39	0	3	91	176
ERR4678630_k141_287899_1_107876482	187	58	64	0	3	168	462
SRR9261019_k141_190039_24_233369858	235	109	25	0	23	362	245
SRR13608700_k141_1180583_4_385568506	399	251	138	0	20	590	507
SRR14932569_k141_1127248_2_593197343	196	62	42	0	5	193	162
SRR10388245_k141_318534_1_77893193	197	67	29	0	17	103	101
SRR13727520_k141_92710_64_119208732	114	58	23	0	0	181	179
SRR14932639_k141_1538627_2_699227359	373	175	34	0	57	548	222
ERR11269305_k141_1055941_3_202971527	127	60	44	0	0	202	70
SRR10132624_k141_636833_2_283636534	56	68	94	0	1	242	130
SRR18331977_k141_34058_3_178640961	122	122	50	0	3	121	59
ERR5954433_k141_350591_1_216406902	56	57	37	0	0	253	311
SRR12964613_k141_101788_2_114375857	370	182	102	0	5	486	489
SRR19786847_k141_38364_1_565975234	111	89	30	0	5	323	304
ERR1713352_k141_659105_1_107177014	138	105	28	0	0	346	276
SRR14932528_k141_207939_3_519571163	380	162	91	0	3	476	468
ERR9855099_k141_369558_2_67111318	291	165	38	0	4	224	148
ERR11269309_k141_102814_1_208860289	50	79	80	0	14	177	315
SRR11088394_k141_925783_2_371306243	26	46	41	0	0	115	200
SRR12404955_k141_1472559_9_148697266	116	70	28	0	2	231	63
SRR14560391_k141_274964_1_400829560	254	86	34	0	52	197	128
ERR1713349_k141_1600469_1_101441001	164	55	68	0	1	123	454
SRR14932533_k141_308893_1_531046990	226	97	40	0	25	373	348
SRR18749955_k141_465119_1_108413086	204	240	71	0	36	226	102
SRR15237807_k141_214280_10_225345544	226	124	48	0	1	427	427
ERR4869719_k141_257179_5_75071663	162	157	28	0	2	485	124
SRR14751602_k141_1828395_1_456078813	14	46	57	0	17	136	144
SRR21802943_k141_624616_3_175542768	301	96	29	0	0	170	127
SRR25018385_k141_583298_1_617911601	152	51	38	0	0	175	179
ERR1725986_k141_162242_1_74295171	104	55	53	0	1	158	445
SRR18749963_k141_436707_56_96812223	22	68	62	0	19	201	231
ERR3858110_k141_234867_3_13615485	248	221	87	0	54	160	313
SRR8863435_k119_232884_33_63479462	342	161	71	0	3	399	295
SRR26726063_k141_36743_19_158307404	24	94	68	0	9	189	136
SRR26726064_k141_190807_5_158748797	150	101	38	0	1	274	390
ERR4678625_k141_1028456_1_102925705	19	61	56	0	4	122	271
SRR22372587_k141_138272_1_186423512	13	98	63	0	1	158	77
ERR4678638_k141_281415_1_138890805	95	47	47	0	1	167	401
ERR3281034_k141_187640_4_9908907	336	201	50	0	11	95	188
ERR4678559_k141_96571_1_214410718	194	74	78	0	1	148	454
ERR4678559_k141_793058_1_214755900	100	64	37	0	0	85	385
SRR21427519_k141_43701_1_147451425	97	57	60	0	1	203	249
SRR13608725_k141_2462733_2_359331281	144	56	27	0	1	138	67
ERR4678615_k141_425869_2_86463104	124	47	25	0	0	141	240
SRR16108675_k141_741115_2_580090329	166	82	56	0	148	203	140
SRR9852171_k141_674027_4_262429581	402	61	67	0	2	162	274
ERR1713361_k141_38052_4_115353108	304	194	125	0	4	419	489
ERR4678677_k141_641513_1_195650834	236	67	63	0	5	106	306
SRR21802943_k141_286971_3_175438819	273	167	74	0	5	456	373
ERR2592267_k141_164737_2_1372160	79	50	69	0	0	97	381
SRR14932627_k141_735317_36_678544488	206	80	36	0	3	342	274
SRR14751605_k141_1333369_4_465053793	283	194	47	0	59	517	201
ERR1713406_k141_782422_1_165527362	76	71	23	0	8	107	82
ERR11269297_k141_581874_3_53612931	32	67	62	0	7	136	193
SRR22752042_k141_580672_1_282710111	128	61	32	0	2	100	87
SRR17063164_k141_725180_7_88901242	233	71	34	0	36	269	131
SRR11088392_k141_1366178_11_9102441	60	44	32	0	22	118	205
SRR21203042_k141_19455_2_178290571	261	131	81	0	4	404	411
SRR14932643_k141_835672_6_710737053	7	46	40	0	2	82	240
ERR1726006_k141_167083_2_81026600	514	62	73	0	22	141	492
SRR11088471_k141_277096_2_399546885	24	56	69	0	11	153	182
SRR13727538_k141_461966_1_134553083	68	60	50	0	0	220	329
SRR14751621_k141_2073539_2_518828213	87	59	27	0	2	317	298
SRR11088457_k141_716218_2_16216750	135	108	25	0	12	363	314
SRR13727527_k141_18353_104_123923562	189	83	56	0	0	205	89
SRR11088427_k141_817538_1_32880891	184	57	39	0	1	157	339
SRR13225455_k141_746646_1_342866129	21	64	53	0	6	153	134
SRR4754859_k141_324455_1_130617872	79	53	31	0	1	82	88
ERR3281041_k141_162461_3_13294404	274	124	70	0	7	419	451
ERR5954406_k141_240789_4_196397894	76	111	24	0	5	439	143
SRR13225448_k141_213589_1_336538818	202	69	32	0	3	291	271
SRR8797414_k141_67312_1_62937428	13	47	41	0	11	123	118
SRR22372548_k141_85874_1_218303891	63	159	36	0	20	107	76
SRR11088457_k141_1662638_1_14656882	294	173	90	0	3	419	489
SRR14932632_k141_1286574_1_689982849	93	106	37	0	11	161	103
ERR4678577_k141_943859_1_39807725	204	83	50	0	2	158	463
ERR1713337_k141_785791_1_89067801	185	64	67	0	1	159	467
ERR4678613_k141_196308_2_29416898	74	50	38	0	0	192	386
SRR11088396_k141_94278_3_372649469	163	56	26	0	6	85	376
SRR14932480_k141_465423_5_447620224	282	79	23	0	2	247	209
ERR1414226_k119_253884_3_5014679	122	201	84	0	0	181	87
SRR12964613_k141_111772_2_114770481	62	48	51	0	0	85	330
SRR8503604_k141_3347012_1_68813792	275	62	37	0	576	280	175
ERR5954398_k141_480499_2_191870267	376	284	88	0	55	350	226
SRR9261028_k141_403639_6_238837587	294	85	50	0	1	281	112
SRR12964614_k141_464243_7_115269303	539	225	146	0	32	228	519
ERR1725992_k141_369419_3_64563854	9	55	48	0	2	110	241
ERR3281040_k141_221009_2_22841977	60	58	53	0	0	96	307
SRR12404952_k141_903878_2_96996208	212	85	26	0	1	230	63
SRR1763384_k119_181712_14_14314135	199	46	32	0	3	100	334
SRR18749959_k141_176336_2_92117539	315	191	105	0	5	435	383
SRR22372582_k141_386353_2_229752850	206	116	25	0	1	405	299
SRR26726063_k141_69652_1_158290093	56	60	26	0	0	154	59
SRR1168486_k141_469869_2_11700738	416	193	71	0	6	154	61
ERR11269306_k141_1253266_1_204623035	478	322	104	0	75	458	338
SRR1144841_k119_179160_9_604457	161	65	58	0	1	136	451
ERR2592250_k141_582761_1_72803253	8	45	50	0	3	82	164
SRR18331990_k141_14371_1_174281299	440	235	130	0	11	553	507
ERR5954389_k141_951528_1_186711076	13	83	58	0	6	146	71
SRR12354360_k141_390572_1_234794184	228	85	67	0	0	236	428
ERR1713358_k141_549304_2_113507958	321	58	55	0	3	215	450
SRR11088454_k141_558344_1_87621058	229	112	79	0	1	275	112
SRR14751619_k141_328037_15_514524197	290	179	81	0	17	522	416
SRR11088485_k141_2384553_3_411405410	321	96	69	0	33	299	175
SRR19238505_k141_484460_1_124584094	118	54	28	0	4	262	250
SRR14560466_k141_351123_1_445233876	181	127	32	0	1	141	86
SRR14751605_k141_95656_3_462950743	187	68	25	0	6	325	310
SRR9852212_k141_1157411_1_344290510	292	81	41	0	52	338	165
ERR1713344_k141_1440611_1_94308598	266	82	36	0	207	160	107
SRR11088384_k141_528925_3_34183703	126	49	50	0	33	232	483
ERR4678571_k141_1047598_1_9279109	221	45	27	0	3	92	119
ERR4678640_k141_591102_4_142662279	154	65	29	0	1	279	356
SRR22372569_k141_192922_5_196265680	100	54	34	0	3	100	99
SRR19786826_k141_160842_16_549846276	6	47	33	0	2	89	185
SRR14143312_k141_13554_9_74008730	142	87	83	0	1	189	428
ERR11269302_k141_344572_1_199035365	7	76	69	0	10	152	134
SRR19786824_k141_310881_1_548790463	17	58	32	0	1	108	114
ERR4869746_k141_702307_2_94605459	102	132	29	0	0	427	121
SRR13727519_k141_112148_2_118592865	230	142	70	0	1	335	361
SRR14751619_k141_342992_1_514933166	194	209	64	0	40	264	147
SRR6747734_k141_207274_2_83837083	171	86	32	0	5	333	223
SRR11548472_k141_173440_1_67598768	24	114	86	0	19	275	239
SRR10761722_k141_2011011_1_121327377	16	63	56	0	9	138	273
SRR14560466_k141_515867_1_445367568	353	112	63	0	13	274	271
SRR13107670_k141_703479_2_315601463	48	91	94	0	19	193	294
ERR3858110_k141_18934_3_14167182	193	82	36	0	3	248	373
ERR4869731_k141_713802_2_84520629	136	68	31	0	1	277	391
ERR1725999_k141_290914_1_7390321	152	118	59	0	1	326	417
SRR6747755_k141_128250_2_104239702	243	104	32	0	10	214	103
SRR12480302_k141_147422_1_172189955	134	50	24	0	582	210	102
SRR14932631_k141_748428_1_686122397	434	85	28	0	0	149	156
SRR8831201_k141_1646126_2_214072781	283	95	35	0	0	164	76
SRR12404963_k141_223115_6_79068205	57	115	103	0	29	225	343
ERR11269299_k141_817495_1_22568036	22	70	68	0	10	153	264
ERR1713371_k141_308228_2_126327193	110	44	34	0	1	127	452
SRR11088481_k141_690866_1_402507501	21	45	55	0	5	134	268
SRR8351385_k141_621800_1_209034503	125	53	62	0	0	96	399
ERR4678622_k141_767520_1_97152050	106	86	24	0	4	326	271
ERR4678688_k141_354603_1_276293069	64	81	29	0	12	252	194
SRR6797144_k119_81203_1_12622261	225	61	24	0	2	339	73
SRR22752014_k141_1430443_1_259441356	19	83	63	0	13	188	150
SRR11088448_k141_785248_2_2470865	290	102	39	0	2	327	220
ERR9903369_k141_224516_2_272610786	25	90	63	0	8	165	124
SRR8517158_k141_535718_1_90536326	244	128	52	0	47	363	157
SRR13727540_k141_129101_1_135265742	80	66	46	0	0	138	300
ERR4678602_k141_370462_1_66269323	247	118	68	0	4	400	447
SRR15669521_k141_256108_8_140776504	29	53	59	0	2	120	119
SRR12328016_k141_54052_1_217681590	405	142	88	0	205	385	325
SRR14932647_k141_530695_2_717927857	103	66	55	0	3	101	157
SRR6986819_k119_154851_3_32456378	240	117	57	0	5	323	331
SRR3098764_k141_165799_4_1158265	5	48	24	0	2	87	108
SRR13225447_k141_688993_6_383687305	70	78	58	0	1	334	79
ERR11269303_k141_160773_1_200665610	42	81	69	0	12	161	285
SRR19786821_k141_587605_1_546934912	7	72	50	0	14	173	147
SRR11088485_k141_237851_1_411670194	9	68	50	0	5	126	66
SRR8797412_k141_580925_6_60370821	12	52	52	0	6	81	91
SRR22752010_k141_1224704_1_250612808	27	44	42	0	0	105	157
SRR22752010_k141_926805_3_250827620	114	75	30	0	1	311	236
SRR19238507_k141_362919_2_127331237	520	159	81	0	1	152	340
SRR12964612_k141_63476_1_113777077	112	123	49	0	3	380	275
SRR12964612_k141_551660_1_113906766	50	47	24	0	1	135	339
SRR13608702_k141_285454_11_350709560	116	164	31	0	7	121	82
ERR1713351_k141_910178_4_105015569	23	52	46	0	1	126	157
SRR9852173_k141_348384_2_268123892	386	45	25	0	0	94	74
SRR14932673_k141_249317_2_770070793	371	149	46	0	5	445	362
ERR2592283_k141_280550_1_62066768	227	46	37	0	0	121	350
ERR1725975_k141_117591_4_184544542	5	47	44	0	2	81	152
SRR18749963_k141_258477_1_96859564	128	183	62	0	11	94	107
SRR14932619_k141_269671_13_665628538	293	47	39	0	0	139	185
SRR7912025_k141_101761_2_58882600	226	79	64	0	0	206	286
SRR26502660_k141_766409_1_204131234	5	67	60	0	17	213	172
ERR5954450_k141_354407_1_225331437	6	58	38	0	6	93	59
SRR22372536_k141_325669_1_193538683	305	45	42	0	1	122	188
ERR4678589_k141_711921_4_21370929	237	54	52	0	39	261	516
SRR8831205_k141_104648_25_217491494	233	134	59	0	354	236	139
SRR14932615_k141_1261094_1_660985282	501	59	38	0	5	271	370
SRR13727532_k141_15485_1_129901067	155	57	44	0	4	229	87
SRR6516143_k141_12639_2_57876480	185	102	90	0	7	242	263
SRR22372596_k119_67045_38_211109469	259	232	52	0	18	258	245
ERR3281038_k141_598839_6_11958177	64	50	29	0	4	277	267
SRR12404952_k141_3010675_1_97751290	275	89	35	0	57	327	221
SRR17063156_k141_107485_1_60688826	200	157	42	0	406	319	61
SRR18749960_k141_892468_21_92836246	22	72	58	0	11	184	106
SRR11088392_k141_711165_1_9418156	37	90	79	0	10	176	261
ERR1713352_k141_661324_3_107237375	540	292	163	0	23	601	522
SRR3501884_k141_842256_1_48836497	173	51	48	0	0	84	390
SRR22105546_k141_27485_2_157850894	165	85	35	0	3	289	98
SRR2107174_k141_74285_3_16402094	208	76	48	0	47	263	307
ERR1713407_k141_766105_4_167015957	156	88	28	0	1	352	325
ERR4678657_k141_592679_1_133206641	170	54	42	0	1	188	443
ERR3281023_k141_508727_18_2491511	217	132	58	0	4	374	249
SRR14932515_k141_1026154_11_491666043	504	91	37	0	7	221	406
ERR2592262_k141_98640_1_1903941	100	66	55	0	1	157	424
ERR12084959_k141_1154470_2_33537040	114	65	31	0	0	191	87
ERR2592269_k141_423029_1_51053522	332	76	46	0	0	128	368
SRR14932486_k141_1274176_10_459819069	355	101	29	0	4	173	389
SRR17063163_k141_979766_2_86502553	467	158	53	0	7	108	229
ERR4678653_k141_440548_1_269275143	398	141	61	0	4	115	422
SRR11088434_k141_854075_1_384230564	483	71	43	0	9	82	365
SRR15085115_k141_523871_4_50546501	150	61	25	0	318	138	144
ERR3281034_k141_193439_28_10116877	56	80	59	0	25	101	78
ERR1713380_k141_713779_1_133620213	155	131	81	0	1	336	469
ERR4678628_k141_1914763_1_34951520	11	49	40	0	3	96	175
SRR6747801_k141_57474_1_178044190	405	138	57	0	0	230	411
SRR12479818_k141_99299_1_60635866	45	48	23	0	664	156	71
SRR12451397_k141_256663_1_238440833	395	156	62	0	4	123	412
SRR21427516_k141_321827_2_48003587	29	181	47	0	15	137	66
ERR4869826_k141_627783_2_155936218	27	91	27	0	3	377	69
SRR12339334_k141_70904_1_219390552	123	65	51	0	1	149	445
SRR14932629_k141_991138_1_682419452	302	76	72	0	0	180	142
SRR15237808_k141_454087_2_226549818	107	71	39	0	23	90	85
SRR14932486_k141_531574_1_459873219	438	224	116	0	12	548	492
SRR2090172_k141_461702_2_45691444	270	44	35	0	1	132	136
SRR14751601_k141_1851391_1_486389866	311	54	38	0	0	177	404
SRR2107215_k141_242085_4_23296364	333	75	47	0	0	189	266
SRR22372561_k119_101808_1_206794470	165	109	38	0	2	246	108
ERR1713363_k141_573231_18_118172119	274	49	33	0	0	89	143
SRR22372552_k141_29814_10_188983311	314	91	37	0	220	272	190
SRR13727518_k141_216261_3_117305485	60	61	72	0	1	91	165
SRR14932626_k141_61974_1_677277610	141	103	38	0	10	323	283
SRR14932626_k141_41129_19_677410969	474	89	80	0	1	283	455
ERR4869747_k141_82237_1_95960172	134	113	40	0	7	444	269
SRR12396704_k141_182925_1_236736011	227	61	66	0	1	151	472
SRR9030453_k119_111979_2_230217509	39	48	44	0	1	92	295
SRR14932545_k141_1170049_1_550482538	310	60	36	0	1	107	91
ERR1713407_k141_440546_5_167228100	204	94	50	0	0	257	429
SRR26502666_k141_1278270_1_210257523	8	46	35	0	4	96	223
ERR1725980_k141_46769_2_186036243	104	46	51	0	31	192	461
SRR22105541_k141_449936_1_149870577	330	153	71	0	33	289	79
SRR14932578_k141_848702_1_610393248	373	69	24	0	0	109	295
SRR5123271_k141_883988_1_38979993	100	59	34	0	2	125	91
SRR12404955_k141_1413149_1_146926914	50	175	30	0	3	506	66
SRR8351382_k141_1531260_2_203466445	174	58	25	0	1	225	308
SRR20309467_k141_750257_1_175413157	63	141	65	0	4	141	92
SRR19786835_k141_777570_1_557446945	96	92	33	0	3	361	311
ERR1076077_k141_54951_3_1254805	172	109	24	0	0	330	224
SRR18749953_k141_530097_2_105824445	228	47	31	0	0	172	235
SRR3098776_k141_176464_1_53250754	77	48	23	0	4	270	70
SRR11088417_k141_959370_1_145360256	289	121	52	0	57	274	178
SRR13225447_k141_624162_3_383470184	32	69	23	0	1	243	202
ERR4678580_k141_1822767_2_45452953	328	51	27	0	1	135	465
ERR1726035_k141_460517_2_22444000	136	61	62	0	1	130	451
SRR6747717_k141_623428_1_67118465	220	156	53	0	372	234	96
ERR1713342_k141_678589_1_92741983	4	46	29	0	3	86	155
SRR18749960_k141_269358_6_93312617	52	102	24	0	2	311	117
SRR21427516_k141_207123_4_47834629	20	67	69	0	8	150	197
ERR4678591_k141_83121_2_55632298	11	47	45	0	2	100	216
SRR12396704_k141_55061_1_236804047	168	68	32	0	2	115	84
SRR10761724_k141_1011551_2_48770689	8	53	60	0	13	122	240
ERR2592245_k141_477567_1_6794131	179	77	84	0	1	187	426
ERR4678570_k141_114991_2_8176612	38	58	69	0	21	152	256
SRR14932488_k141_409004_1_464157364	509	44	27	0	0	188	375
SRR21427516_k141_224058_43_47911303	146	74	52	0	0	284	337
SRR15237810_k141_21464_1_245663801	10	54	42	0	1	112	217
SRR14560456_k141_384051_1_439425840	361	113	77	0	476	326	227
SRR21427516_k141_287930_2_47907666	59	61	82	0	25	174	260
ERR4222567_k141_113476_6_46498161	387	90	66	0	0	151	92
SRR12404948_k141_2092581_1_45114756	116	53	33	0	0	115	422
SRR12404956_k141_502733_1_152254925	142	100	33	0	68	386	308
SRR10132624_k141_290035_1_283702312	228	77	44	0	0	159	191
SRR14932615_k141_1417383_11_659520648	168	98	33	0	21	380	291
SRR8648017_k141_127102_2_39431450	14	56	58	0	10	98	202
ERR1725990_k141_49616_1_77048234	122	85	39	0	94	333	336
SRR11673976_k141_483849_2_421120006	336	113	28	0	4	111	271
SRR19786824_k141_397576_1_548438999	91	46	47	0	0	122	423
SRR14932518_k141_1510724_1_497638061	390	239	65	0	28	344	226
ERR4869772_k141_666118_1_109180528	126	52	31	0	0	185	81
SRR11088437_k141_947037_1_113604814	6	81	55	0	10	137	116
SRR13198920_k141_74402_1_239061933	294	94	29	0	0	93	304
SRR10132621_k141_431080_1_281808665	233	90	70	0	1	256	213
SRR19786837_k141_208250_1_558712222	122	87	29	0	5	337	302
SRR25018396_k141_1084504_1_625610644	176	108	43	0	0	281	150
ERR4678628_k141_723344_1_33456048	29	83	65	0	9	171	301
SRR6337693_k141_335164_3_596346811	103	69	35	0	1	241	124
SRR6747722_k141_281076_1_72068258	455	203	133	0	110	250	132
SRR8223441_k141_1214694_6_200307593	329	63	51	0	13	184	208
ERR4678635_k141_277722_2_115334865	127	89	52	0	0	182	345
ERR11269305_k141_889275_1_203048386	190	46	31	0	3	154	82
ERR11269306_k141_1873523_1_203924039	107	76	58	0	0	197	426
ERR1725988_k141_208181_1_34810740	87	56	35	0	0	103	336
ERR4678567_k141_1120594_4_2342857	58	45	39	0	1	126	350
SRR14751620_k141_785762_1_515652555	20	49	50	0	1	117	164
SRR6747720_k141_119422_2_70547454	303	159	57	0	28	220	140
SRR14932676_k141_1522057_2_773784339	537	192	104	0	4	166	354
SRR13608702_k141_935350_2_350114657	142	256	51	0	7	192	71
SRR11088419_k141_1270943_3_47533388	284	47	61	0	3	163	411
SRR13107661_k141_567174_1_308039942	100	130	27	0	9	156	110
SRR13107662_k141_338688_2_310342699	246	345	79	0	33	163	269
SRR12450810_k141_81511_1_237769136	476	96	34	0	11	272	484
SRR10132665_k141_74432_2_379341659	167	147	49	0	10	186	93
SRR19238506_k141_89758_1_126746146	205	248	34	0	1	83	104
SRR14751606_k141_1046952_2_466805213	59	49	56	0	1	81	357
SRR19238505_k141_325246_2_125040838	187	86	31	0	0	282	99
ERR4869764_k141_419681_2_105951503	190	171	82	0	2	371	341
SRR13608705_k141_95190_2_353072461	73	102	24	0	0	211	213
ERR9855087_k141_978718_1_56450247	19	53	43	0	3	91	148
ERR4678649_k141_1789291_1_123547796	412	218	125	0	4	529	493
ERR11269308_k141_1075560_1_207671299	87	61	49	0	119	275	462
SRR14932614_k141_1457380_1_656882030	231	49	25	0	0	161	125
SRR13107660_k141_429980_2_380795195	44	77	42	0	4	129	97
ERR1713401_k141_474849_2_159978902	157	155	88	0	2	426	434
SRR9030457_k119_318579_2_233168337	155	58	51	0	0	198	382
ERR2592260_k141_329390_1_13290418	145	61	55	0	1	136	410
SRR11088384_k141_851645_4_33310809	512	147	63	0	8	123	420
SRR13608728_k141_1174477_1_362608342	242	71	42	0	2	163	281
ERR9855092_k141_464640_3_53998968	141	63	67	0	2	135	391
ERR1713359_k141_899560_2_187827609	14	52	37	0	3	98	183
SRR14751622_k141_1665695_3_522402485	30	48	54	0	3	118	156
SRR21705948_k141_252331_2_149476251	287	78	38	0	2	173	166
ERR9855095_k141_858136_1_41334687	299	62	29	0	0	97	276
SRR2107174_k141_75393_3_16444515	366	84	37	0	0	225	96
SRR18749956_k141_399654_3_108736325	21	51	38	0	8	155	209
ERR4225396_k141_153943_1_61701137	124	50	25	0	0	153	192
SRR9852220_k141_1137322_5_356411632	143	66	24	0	8	121	89
ERR2592336_k141_1517_1_22487567	282	86	91	0	2	153	446
SRR12354360_k141_276881_4_235244633	324	127	51	0	3	417	405
SRR21427519_k141_97453_18_147451201	361	82	37	0	11	199	338
ERR5954384_k141_677266_9_183054157	344	189	109	0	1	376	360
SRR12113393_k141_76339_3_55820605	446	105	48	0	1	285	257
SRR14492169_k141_836255_4_370860338	19	48	60	0	16	146	181
ERR11269310_k141_1327625_2_210256606	30	81	82	0	33	167	279
ERR3761226_k141_2317367_4_99719550	285	51	23	0	15	177	109
SRR10132616_k141_460366_1_376491090	19	88	70	0	13	206	105
SRR21802947_k141_537222_2_590853236	37	135	60	0	2	473	80
SRR15669519_k141_124914_2_138074209	183	77	42	0	8	101	252
SRR9261028_k141_113818_1_238341594	338	79	58	0	0	191	499
SRR11088392_k141_1836465_2_9885005	16	45	62	0	3	112	114
ERR3761227_k141_707959_1_106164273	232	144	32	0	0	405	245
ERR4678630_k141_485362_1_107224689	50	55	23	0	4	95	76
SRR15085121_k141_97010_3_53956033	211	172	63	0	0	86	84
SRR13107666_k141_608876_2_313437113	46	75	82	0	13	176	293
SRR14932490_k141_495664_1_465946285	422	70	36	0	0	79	76
SRR8797414_k141_24979_3_62890904	243	157	107	0	10	445	405
SRR18331978_k141_31687_136_178759411	252	49	32	0	0	199	142
ERR5954449_k141_526345_1_223184817	365	60	24	0	0	81	78
SRR7912025_k141_192660_91_58895615	39	71	101	0	2	140	77
SRR10598223_k119_38869_9_66356261	75	61	23	0	0	220	68
ERR599061_k119_97649_7_20407037	414	120	23	0	233	483	126
SRR22105547_k141_377702_3_158711247	153	83	47	0	2	313	318
SRR22372548_k141_75147_8_218224673	122	75	78	0	2	145	458
ERR11269307_k141_1019617_1_206231913	128	44	24	0	2	130	166
SRR14932528_k141_198057_3_519251453	204	86	54	0	1	209	281
SRR7369915_k141_109923_2_12496819	49	127	29	0	0	255	226
SRR10598223_k119_96721_2_66347797	17	51	64	0	1	120	134
ERR1076082_k141_54718_5_1860397	320	186	52	0	1	134	67
ERR4678649_k141_732333_1_124275924	23	100	74	0	9	211	142
SRR10132630_k141_128124_2_288499161	71	107	24	0	6	375	180
SRR22372526_k141_160722_9_203108704	456	215	41	0	9	120	254
SRR18331976_k141_30855_3_145968216	233	136	54	0	2	359	237
SRR14751588_k141_779343_1_452542218	133	86	26	0	2	287	108
ERR5954486_k141_517281_1_246041163	119	177	82	0	5	475	191
SRR14932569_k141_146398_1_593536514	244	211	45	0	4	89	193
ERR4678682_k141_722008_1_174901051	111	49	57	0	0	83	388
SRR13727522_k141_56098_2_119840809	255	53	39	0	172	289	296
SRR15085116_k141_563907_29_50792316	11	45	51	0	1	86	69
ERR4222572_k141_1008345_1_56885952	27	86	74	0	15	208	129
ERR1725944_k141_261010_2_173963900	133	82	74	0	1	157	458
ERR1725945_k141_112370_2_174574375	97	44	24	0	5	297	248
SRR18331990_k141_29737_1_174238910	59	102	94	0	22	209	330
ERR5954381_k141_1112893_4_179025355	9	52	42	0	10	123	83
SRR10132659_k141_641259_2_291315785	77	53	60	0	1	95	200
SRR6337690_k141_403095_2_505578372	20	119	29	0	13	79	76
SRR9852183_k141_1665791_1_289346007	319	94	36	0	0	163	73
SRR13225448_k141_550687_1_337048100	20	93	59	0	5	168	88
SRR4343426_k119_292177_27_162139645	87	92	35	0	9	115	67
SRR8208343_k141_1639647_1_6559206	359	112	54	0	3	374	410
SRR6986821_k141_142430_1_32888927	107	118	71	0	12	241	230
SRR18749959_k141_324769_5_91750012	10	62	43	0	6	121	125
SRR14560426_k141_44020_1_421915269	222	64	33	0	5	211	123
ERR4678658_k141_450294_1_133764106	49	50	30	0	0	152	252
SRR13727538_k141_12557_4_134651138	327	46	43	0	1	131	226
SRR22105533_k141_527977_1_140118439	364	136	69	0	8	309	104
SRR21203048_k141_3209_2_179095684	164	75	39	0	0	183	226
SRR14560427_k141_31348_2_423348761	63	52	26	0	0	211	214
ERR5954387_k141_197709_1_261589925	11	75	54	0	9	136	81
SRR14932530_k141_886947_2_523308559	450	84	39	0	0	95	93
SRR26726066_k141_190616_2_160417713	161	77	36	0	8	158	157
SRR12341065_k141_426004_2_234252672	201	104	45	0	2	339	306
ERR3281037_k141_69905_4_11097282	131	68	25	0	1	294	185
ERR11181246_k141_180730_1_4571624	72	49	41	0	2	114	421
SRR14751619_k141_1502332_1_513371950	37	102	39	0	2	332	67
SRR21427516_k141_121815_1_48200743	147	85	85	0	3	251	313
SRR11088429_k141_788941_1_53870850	151	55	39	0	0	104	430
SRR6337696_k141_305185_2_508524860	343	148	97	0	1	334	471
SRR14932498_k141_1378648_2_477070484	321	77	27	0	1	132	292
SRR10132671_k141_95259_3_300226320	110	47	47	0	1	148	447
SRR14932652_k141_402969_4_728943632	341	91	58	0	6	293	329
SRR18749960_k141_725813_1_92548404	331	220	86	0	12	517	373
SRR22184782_k141_20041_2_592486172	193	116	49	0	4	305	61
ERR1414214_k119_210460_1_4212095	178	86	91	0	12	323	71
SRR14932636_k141_656516_1_696058158	265	79	46	0	1	140	276
SRR14560461_k141_982214_1_441017044	121	97	32	0	1	109	78
SRR19786846_k141_228626_3_565602240	23	44	36	0	6	124	124
SRR6747811_k141_86467_1_186532559	515	101	49	0	4	112	393
SRR13107692_k141_1232944_1_334436797	111	129	39	0	1	324	64
SRR18331976_k141_48665_3_145984894	332	136	101	0	0	363	361
SRR14932498_k141_712078_5_476967151	310	130	30	0	9	112	60
ERR5954423_k141_973007_3_209146334	196	114	39	0	50	428	329
SRR13107662_k141_662504_34_310653853	335	143	70	0	6	451	423
ERR1414231_k119_477944_2_7915843	240	92	46	0	0	227	142
SRR13608700_k141_1191485_2_385936393	135	61	51	0	0	256	65
SRR14932497_k141_646872_1_474941144	351	54	51	0	1	149	244
ERR1713384_k141_1701902_2_138164791	141	57	28	0	1	231	260
SRR13225453_k141_22366_1_341519812	33	46	61	0	6	114	164
SRR11088485_k141_857066_1_408693208	73	55	26	0	4	297	324
SRR22105529_k141_705486_19_135991978	145	103	34	0	1	277	334
SRR11088392_k141_793482_1_8577449	22	48	51	0	6	121	234
SRR2107218_k141_101150_3_24522314	232	96	23	0	177	194	97
SRR14932665_k141_1709359_1_754275587	249	120	32	0	2	165	105
ERR4678632_k141_619636_97_108881383	235	77	41	0	307	223	296
SRR21427517_k141_314739_1_172170838	215	94	61	0	4	175	168
ERR1713368_k141_1007006_1_188711786	225	73	33	0	2	212	453
SRR8648013_k141_713479_1_19363621	257	54	28	0	0	157	262
ERR4678573_k141_904904_2_11985362	150	114	95	0	1	215	429
SRR8831201_k141_2930870_1_214775323	315	58	40	0	1	149	216
ERR1713344_k141_1093650_1_95986912	42	140	110	0	1	117	240
ERR4678664_k141_224594_1_164556429	51	47	48	0	0	79	329
ERR4678580_k141_1687814_1_46095723	128	74	45	0	1	286	325
SRR18749964_k141_306637_1_162784837	82	58	33	0	9	310	340
ERR1713384_k141_1642215_1_138821305	67	45	51	0	0	82	384
SRR6797137_k119_114573_4_13583959	87	56	53	0	2	134	424
SRR14554395_k141_15172_1_397633272	106	54	30	0	2	101	86
SRR1763383_k119_139700_1_14099352	262	52	40	0	0	161	310
ERR3281030_k141_88272_76_8356921	12	56	65	0	5	141	229
ERR1414227_k119_248881_2_6486447	290	283	93	0	22	272	203
SRR8831201_k141_969910_7_214721112	124	50	36	0	1	79	104
SRR8831201_k141_696052_7_214863337	48	47	27	0	2	270	270
ERR11269311_k141_685613_11_212322537	16	64	32	0	0	126	68
ERR4222572_k141_1078160_1_55751268	273	117	56	0	5	289	219
ERR11181230_k141_67580_1_298760	151	69	27	0	79	302	255
SRR8351382_k141_406144_14_203551272	162	114	38	0	154	422	330
ERR4869726_k141_34286_8_25808299	414	220	104	0	16	550	495
ERR9855084_k141_477468_1_83214896	176	118	47	0	1	145	67
SRR14932557_k141_691078_1_574477997	233	87	39	0	0	254	126
SRR14932645_k141_1279971_8_714624240	339	129	36	0	2	351	332
SRR13608714_k141_434361_12_355450815	99	101	37	0	2	345	171
ERR3281031_k141_345396_1_9046194	8	47	49	0	12	145	127
SRR2107218_k141_449346_1_24488185	380	54	41	0	1	102	260
SRR7369911_k141_986512_1_41919757	158	79	33	0	45	345	246
SRR9030452_k119_226487_4_228912134	17	49	42	0	1	109	113
SRR19238500_k141_127876_36_119024453	465	352	134	0	507	432	258
SRR21427517_k141_195307_1_172220944	390	212	31	0	15	79	172
ERR1713350_k141_73292_1_102725820	59	82	31	0	1	297	278
SRR19238502_k141_27245_5_121217155	134	209	58	0	16	88	132
SRR19238502_k141_351038_9_121439677	90	45	37	0	1	106	417
SRR12404961_k141_283522_1_12110393	76	88	32	0	2	307	390
SRR12404963_k141_970353_1_79435616	59	59	37	0	0	109	332
SRR12964613_k141_504134_3_114300745	145	80	63	0	0	268	171
SRR11673976_k141_1054498_1_418498239	422	246	119	0	35	571	405
SRR22752014_k141_483950_7_260664708	414	226	125	0	4	525	451
SRR7369918_k141_65436_2_16682081	8	81	50	0	5	134	80
ERR2592329_k141_208460_1_48997446	106	47	43	0	1	127	449
SRR9852203_k141_618005_1_327664596	238	103	30	0	15	180	140
SRR14751592_k141_391414_1_454455548	358	126	63	0	1	283	155
ERR1726010_k141_210465_1_30687537	140	83	28	0	1	311	463
ERR5954442_k141_181621_7_220525653	101	49	23	0	0	182	155
SRR20309467_k141_64052_3_175874303	217	80	23	0	0	85	161
SRR11536956_k141_606509_1_70458401	14	48	44	0	6	106	263
SRR13608700_k141_1146989_1_387889836	22	96	68	0	8	193	135
SRR4754862_k141_83150_2_117795419	511	282	150	0	14	593	512
SRR19786840_k141_650125_10_561931645	68	58	48	0	275	168	96
ERR4869816_k141_431237_5_256275969	151	196	57	0	3	411	134
SRR24226018_k141_31491_188_198724506	101	105	40	0	6	149	88
SRR18749955_k141_397792_1_108039610	72	61	45	0	1	134	419
SRR13727526_k141_719370_1_121975426	115	73	41	0	0	235	71
SRR8503608_k141_1250072_3_82437764	411	140	72	0	500	346	281
SRR21427519_k141_207580_8_147515715	184	123	51	0	27	184	87
SRR12404955_k141_1071549_1_147955559	26	69	56	0	5	135	261
SRR13608728_k141_558432_5_362167822	50	83	30	0	7	312	276
ERR4678616_k141_65063_1_88194024	43	62	67	0	0	92	366
SRR6747746_k141_627466_1_96362308	355	127	39	0	0	139	177
SRR14932486_k141_2080452_1_458738648	328	308	65	0	37	394	169
SRR14932515_k141_567914_1_492326568	218	63	46	0	2	207	245
SRR19786847_k141_397078_4_566031728	91	79	39	0	0	128	59
SRR14932497_k141_197824_1_475454495	180	59	23	0	0	149	252
SRR21802938_k141_1343069_2_170415558	96	86	38	0	2	213	212
SRR22372546_k141_304507_5_216727369	195	110	71	0	1	260	186
SRR13225456_k141_101708_1_343643540	26	74	76	0	4	150	257
ERR11269303_k141_634165_1_200302232	6	54	39	0	6	95	242
ERR11269303_k141_16621_3_200578282	101	48	49	0	40	224	477
SRR1144841_k119_128383_3_254106	127	79	73	0	1	151	462
SRR13727521_k141_33515_4_119616988	469	269	156	0	17	600	494
SRR14751606_k141_348723_2_467565956	178	99	56	0	0	261	144
SRR9852209_k141_262610_6_339299445	398	126	63	0	152	340	384
ERR2105752_k141_3341_31_6626640	167	244	53	0	14	95	161
ERR4869736_k141_93376_2_87761667	278	78	37	0	9	230	163
SRR22372517_k141_12890_1_182445449	219	212	27	0	15	384	116
SRR6439732_k141_151091_1_201155105	332	181	110	0	4	492	446
SRR13727525_k141_152630_17_121280190	24	53	50	0	3	133	149
SRR10132663_k141_103316_1_295089850	12	44	47	0	2	117	114
SRR11536955_k141_1787947_1_92959177	10	61	68	0	12	128	212
SRR10132626_k141_99630_2_377548096	24	58	68	0	26	161	252
SRR9261015_k141_199924_1_231952772	289	50	41	0	0	212	370
SRR11088423_k141_687052_7_375108708	102	45	49	0	1	109	409
SRR10132629_k141_335035_1_287605526	493	105	44	0	1	150	439
ERR4678596_k141_76874_2_60760581	106	85	49	0	1	322	431
SRR11674033_k141_167308_1_431771316	358	103	35	0	15	167	222
SRR8351383_k141_229845_1_204676699	226	197	47	0	6	183	117
SRR6986815_k141_95518_1_7587085	303	116	70	0	0	86	199
SRR22372591_k141_167270_47_209480162	70	61	25	0	1	228	135
SRR11088394_k141_151149_2_370725978	311	49	28	0	0	107	326
SRR14932531_k141_171956_12_525250257	273	60	26	0	0	138	147
SRR13727541_k141_72053_50_135625438	154	110	78	0	3	355	387
SRR18749958_k141_83553_13_90983949	13	53	42	0	9	118	153
SRR12113391_k141_520260_2_53447021	278	203	34	0	7	167	109
SRR1144841_k119_186698_1_173762	55	73	81	0	12	181	261
SRR9852214_k141_1040077_1_349291807	408	177	70	0	4	130	63
SRR9852215_k141_861719_1_349554091	153	66	31	0	0	185	174
SRR18331973_k141_22729_5_145242435	267	154	110	0	1	342	181
SRR13608705_k141_1361105_1_352582533	65	94	24	0	0	205	157
ERR4678653_k141_534824_1_269710804	528	257	156	0	21	588	508
SRR8831203_k141_730495_2_216660267	323	67	26	0	0	156	156
SRR14932570_k141_1007021_2_595196509	239	132	36	0	3	361	70
SRR21802943_k141_192787_6_175492453	19	86	60	0	4	170	69
ERR1726009_k141_161568_21_73424857	252	200	97	0	44	239	441
SRR2107216_k141_326381_1_23719287	267	171	56	0	12	109	196
SRR15669522_k141_1042998_16_143930116	98	45	59	0	0	108	417
ERR1726032_k141_172664_1_25233300	501	54	64	0	31	127	476
ERR9855093_k141_479481_1_28205878	206	138	62	0	1	373	467
SRR12480199_k141_207431_1_139450355	250	69	39	0	382	215	146
ERR1713402_k141_473874_1_161119088	12	68	35	0	5	107	234
SRR18331973_k141_88522_5_145315518	406	237	124	0	13	548	508
SRR4754859_k141_875604_1_131164357	51	55	25	0	3	135	127
ERR1713380_k141_416632_1_132692141	19	60	61	0	0	116	146
SRR5278611_k141_402554_1_77615268	295	102	62	0	0	244	172
SRR15085117_k141_293782_1_29876935	59	63	67	0	1	102	349
SRR14932584_k141_515874_1_618756567	401	185	108	0	35	531	471
SRR12404961_k141_3291922_1_10668625	244	61	33	0	76	200	187
ERR11181234_k141_11258_1_1539724	32	70	77	0	8	120	152
SRR13608705_k141_1512547_3_352652268	134	107	25	0	3	349	277
SRR9261008_k141_266072_1_228928944	196	67	26	0	1	129	109
SRR9852195_k141_577862_2_310615423	206	74	40	0	3	194	137
SRR22372571_k141_30536_27_196899081	17	63	63	0	5	117	219
ERR4678568_k141_704173_1_3828422	378	99	58	0	13	213	473
SRR14932590_k141_1270176_4_629490402	407	52	61	0	5	233	318
ERR4678637_k141_128951_1_137211198	253	168	76	0	27	131	227
SRR12404963_k141_280638_1_77925553	29	64	66	0	13	168	292
ERR1713410_k141_413096_2_169910771	123	48	59	0	1	128	452
SRR12339334_k141_147076_4_219776798	100	77	68	0	5	134	173
ERR4678685_k141_917474_2_178532881	54	108	81	0	16	253	216
ERR1713389_k141_614076_3_192258571	92	52	31	0	1	114	418
SRR21203047_k141_11864_1_179040106	119	73	24	0	12	79	75
ERR11269295_k141_1007017_2_51113358	19	63	51	0	8	120	244
SRR14932579_k141_381795_22_611789766	473	209	88	0	7	493	444
SRR18749947_k141_770222_2_99438396	8	55	50	0	12	150	69
ERR4678658_k141_806381_2_135090674	23	70	52	0	9	157	170
SRR18749946_k141_262200_2_97606956	32	103	73	0	9	206	166
SRR9852166_k141_264433_2_256528217	425	101	45	0	2	246	305
SRR18331978_k141_16616_1_178774402	83	45	62	0	0	91	380
ERR4678562_k141_996486_43_153127958	128	79	28	0	0	280	376
SRR4754862_k141_1187834_5_118509267	207	146	83	0	2	435	469
ERR5954460_k141_154302_1_231208260	319	217	53	0	356	531	96
SRR10132659_k141_70523_1_291244105	76	49	36	0	1	96	407
SRR14932495_k141_759042_1_470819684	93	63	38	0	0	140	78
SRR14932656_k141_469765_1_738081326	477	86	60	0	1	179	465
ERR4678692_k141_1139109_1_185383847	153	80	40	0	0	238	428
SRR9852173_k141_243426_5_267343100	340	50	44	0	1	173	244
SRR2107173_k141_109366_3_15979739	28	121	29	0	11	102	63
SRR4343426_k119_306926_15_161953777	246	140	24	0	5	83	88
SRR12404949_k141_188100_38_125777817	29	108	60	0	7	186	146
SRR18331970_k141_21128_1_144693443	13	52	50	0	6	111	226
SRR11149787_k141_31494_2_302011427	22	45	47	0	6	112	210
SRR7369914_k141_672872_1_11102950	15	90	59	0	3	146	67
SRR10761722_k141_319524_1_119593114	52	60	56	0	10	175	301
SRR6337684_k141_292465_5_502135236	129	108	51	0	4	330	273
SRR18331983_k141_27130_1_179672438	367	51	42	0	2	194	329
SRR18331984_k141_17372_2_179806220	37	73	68	0	2	143	223
SRR12404952_k141_3209375_4_94696025	360	198	81	0	13	572	433
SRR9261044_k141_5136_4_246832922	260	64	26	0	1	94	103
SRR14932642_k141_1632408_12_709311043	371	57	25	0	1	123	266
SRR22752044_k141_1571404_5_288262450	199	72	45	0	3	188	396
SRR13727522_k141_135728_16_119738476	222	114	87	0	1	320	443
SRR13727522_k141_135728_20_119738480	88	73	49	0	0	229	75
ERR4678695_k141_132936_2_277693115	206	74	68	0	3	305	120
SRR6747774_k141_566425_3_124216046	112	85	36	0	28	120	68
SRR22372569_k141_325890_21_196060432	303	48	50	0	2	141	217
SRR13727518_k141_181986_29_117351997	194	137	95	0	3	469	331
SRR2938335_k141_79176_3_20859572	103	59	58	0	30	177	421
SRR13608714_k141_929396_2_355305258	35	55	53	0	1	103	267
ERR4678644_k141_875895_2_148006477	497	63	54	0	15	158	487
SRR8648015_k141_144506_1_709454	163	65	54	0	2	155	453
SRR13608728_k141_1365197_69_362224671	159	47	30	0	0	136	261
SRR19238510_k141_366618_1_131132630	141	88	52	0	3	371	115
SRR13727525_k141_223995_15_121533732	9	49	55	0	16	145	109
SRR11088394_k141_1471543_2_371282883	25	49	41	0	0	98	156
SRR6747779_k141_487150_3_127507517	405	99	38	0	2	193	313
SRR25018400_k141_282382_1_628055033	90	59	39	0	1	170	324
ERR9855099_k141_813908_2_67213407	277	127	56	0	14	100	449
SRR22372508_k141_171_39_164728489	9	51	49	0	4	94	189
SRR22752010_k141_1415815_2_250895259	72	97	39	0	9	389	170
SRR22752010_k141_268177_2_251212836	27	49	30	0	5	123	259
SRR18749953_k141_337640_9_106159261	2	45	27	0	5	102	66
SRR14554391_k141_74040_3_395094304	501	47	30	0	0	202	404
ERR4678578_k141_137232_1_42908203	403	98	34	0	1	96	422
SRR10598224_k119_104643_1_66730584	16	57	61	0	8	141	141
SRR8224501_k141_2244706_1_26582174	14	45	37	0	2	96	242
ERR2592283_k141_1076969_1_61801290	144	59	65	0	2	132	438
ERR4222567_k141_970099_1_47396194	84	79	24	0	1	297	178
ERR4869823_k141_470707_1_152327318	74	90	105	0	1	325	133
ERR4678572_k141_1541690_3_11285713	154	97	31	0	3	366	247
SRR17063163_k141_1327486_21_86831131	177	142	51	0	4	192	93
SRR10132619_k141_160999_8_281520080	252	132	46	0	3	437	400
ERR2105752_k141_102919_15_6604940	100	146	45	0	7	150	138
SRR6337691_k141_78071_6_505962114	44	82	70	0	13	216	202
ERR1725995_k141_59620_1_83740008	261	99	99	0	2	169	477
ERR4678582_k141_147946_1_50380165	258	68	26	0	0	138	290
SRR3501884_k141_331419_1_48457170	94	55	43	0	0	127	119
SRR15669520_k141_61815_14_139556198	260	143	51	0	5	480	369
SRR22105541_k141_477608_1_150783877	496	203	91	0	2	446	280
SRR8224501_k141_2054328_3_24802365	9	51	33	0	5	89	205
SRR5278610_k141_38218_2_132066112	319	50	50	0	0	248	365
SRR14751604_k141_1398069_1_462726345	106	50	25	0	32	167	107
ERR1713386_k141_970717_1_142302665	35	89	90	0	16	161	274
ERR1076076_k141_80715_1_1076362	48	142	38	0	0	318	64
SRR7912025_k141_80672_2_58819454	6	59	42	0	5	96	174
SRR21705956_k141_824763_2_157871746	184	70	25	0	0	131	83
SRR6337691_k141_61323_3_505713892	142	115	63	0	11	365	333
SRR13608700_k141_1537070_1_386769814	139	97	34	0	22	353	331
SRR6800319_k141_50842_1_188805390	381	119	77	0	2	329	457
SRR8648012_k141_22524_4_42130622	21	60	37	0	0	112	173
SRR22752045_k141_536722_2_289445080	269	55	68	0	44	255	493
SRR14560417_k141_234329_1_481146957	433	47	27	0	16	124	363
ERR3761220_k141_123529_5_29018293	198	135	30	0	169	239	70
SRR13107669_k141_1136932_2_315088270	238	133	50	0	8	124	152
ERR2592283_k141_61115_1_62057286	38	56	57	0	11	157	250
SRR14751621_k141_1704126_3_518896452	65	62	27	0	32	279	277
SRR12404949_k141_1777702_1_125854931	196	98	42	0	1	277	453
ERR1713390_k141_633045_1_146317296	93	61	49	0	1	128	440
SRR14932528_k141_629486_4_519074238	78	56	45	0	1	101	140
ERR4869846_k141_439657_1_167827014	41	115	43	0	3	394	72
SRR24226018_k141_66533_4_198677269	405	225	105	0	5	524	460
ERR4869724_k141_850526_1_79338767	215	104	43	0	51	385	87
ERR5954468_k141_327243_2_238988435	126	94	32	0	4	376	109
SRR13225455_k141_845813_1_342588015	24	51	83	0	1	155	62
SRR11536955_k141_2212820_1_92697780	9	57	51	0	4	117	223
SRR21427515_k141_272002_19_47285412	55	53	41	0	0	150	242
SRR12404955_k141_1332038_1_147296055	468	300	82	0	33	317	396
DRR198513_k141_19890_1_1389551	329	96	72	0	425	377	394
SRR21427519_k141_111339_2_147265951	202	92	24	0	7	144	92
SRR14751609_k141_337480_1_490412576	36	52	36	0	4	119	196
ERR4678638_k141_561619_1_138909046	6	46	37	0	4	83	208
SRR14751604_k141_1934142_1_462062524	481	282	164	0	16	593	513
SRR14932624_k141_409153_1_675292552	206	61	37	0	2	209	147
SRR12113407_k141_1804709_1_78562771	152	63	59	0	2	148	116
SRR13107670_k141_540874_9_316265072	196	60	71	0	154	183	256
SRR6747808_k141_803061_2_184468105	391	118	40	0	1	372	198
SRR14932515_k141_223645_3_491907760	166	78	60	0	4	81	196
SRR14751621_k141_904382_1_520064759	398	99	73	0	11	301	463
SRR6797133_k119_215111_1_2959724	94	46	26	0	0	109	272
SRR13727528_k141_577363_9_126530734	155	104	36	0	0	278	174
SRR13608728_k141_433204_2_362525265	101	57	25	0	2	106	121
SRR9852188_k141_504503_1_159358587	268	115	51	0	8	159	116
ERR4678630_k141_158812_1_107899684	29	47	39	0	2	131	242
SRR11088413_k141_278900_1_129339177	98	52	33	0	0	143	85
SRR13727518_k141_177291_2_117834656	141	46	46	0	0	103	98
SRR13107685_k141_1067498_36_325406759	128	89	41	0	3	242	125
SRR10761724_k141_1000464_4_48452713	46	66	66	0	13	157	259
ERR4225396_k141_82612_3_62465959	192	70	41	0	59	172	75
SRR13171216_k141_70542_3_47284106	344	131	50	0	2	348	272
SRR22105532_k141_98579_1_139149738	74	303	48	0	22	143	176
SRR13225456_k141_535346_4_343602980	14	44	43	0	3	116	138
ERR1713380_k141_581949_4_132271308	104	68	30	0	1	257	369
ERR2592244_k141_178199_1_33423298	245	128	93	0	0	308	379
SRR13727517_k141_422447_4_116388202	166	85	42	0	0	318	155
SRR14751609_k141_751_1_488825887	146	50	51	0	1	173	246
SRR22372550_k141_213324_8_188030597	165	83	35	0	1	278	86
SRR14932664_k141_263329_2_752747451	219	246	26	0	6	154	64
SRR19786828_k141_172031_1_551242459	197	136	49	0	55	430	367
ERR1713391_k141_255338_3_148330827	130	70	71	0	1	142	452
ERR11269302_k141_397494_1_198409703	494	102	36	0	3	90	362
SRR14932643_k141_888261_4_711097095	28	72	73	0	6	154	277
ERR1726004_k141_94438_1_16508793	96	55	34	0	0	140	439
SRR14932527_k141_819962_1_517140431	421	130	27	0	1	331	88
SRR19238496_k141_460612_3_114349720	131	71	24	0	0	282	297
SRR22372529_k141_87522_5_204501016	49	163	82	0	0	151	62
ERR4678628_k141_1968581_1_33990604	51	96	98	0	16	193	282
ERR3761240_k141_1014674_5_46281705	171	128	27	0	3	435	269
SRR12404949_k141_378046_1_125844433	283	99	66	0	2	335	437
SRR8351382_k141_1705567_2_203467850	434	151	66	0	1	445	459
ERR11269307_k141_103477_1_205925205	305	114	62	0	0	249	170
ERR5954458_k141_367783_5_269360815	257	179	66	0	1	500	405
SRR2107215_k141_419393_294_23388013	277	242	63	0	32	276	260
SRR2107178_k141_69454_3_18121957	246	230	47	0	36	198	174
ERR3761227_k141_637596_3_107185777	247	169	48	0	12	426	204
SRR18331974_k141_46741_5_145440658	138	83	75	0	1	171	439
SRR21427517_k141_186146_1_171875871	157	72	61	0	3	309	359
SRR10761724_k141_110978_2_48297624	34	48	36	0	2	98	206
SRR15237807_k141_65452_1_225338270	263	69	68	0	8	240	469
ERR4222573_k141_867894_3_58504650	283	81	61	0	1	128	142
SRR14751619_k141_588854_1_513796897	149	108	36	0	1	382	219
SRR13225461_k141_55752_1_347084042	19	53	47	0	9	120	204
SRR14932558_k141_1167469_2_576835007	275	74	67	0	0	215	417
ERR3858117_k141_876896_1_32173838	209	60	65	0	52	281	517
SRR2107181_k141_239166_10_19028049	241	111	25	0	2	271	66
SRR19238509_k141_694150_1_129914700	164	94	37	0	6	232	94
ERR3281040_k141_145609_31_22861546	354	213	76	0	19	506	154
SRR13608737_k141_2039619_1_366648524	71	135	37	0	11	89	143
SRR13608737_k141_781023_2_366670506	125	48	43	0	0	132	410
SRR7912025_k141_207223_21_59142519	25	68	70	0	8	181	321
SRR11149787_k141_109105_4_301950064	505	95	70	0	7	93	384
SRR11088431_k141_122670_2_129948026	174	69	49	0	47	270	494
SRR14492168_k141_547132_1_369989240	7	48	45	0	3	93	114
ERR4678579_k141_1135602_1_43935807	126	49	38	0	1	122	445
ERR11269307_k141_739087_2_206400613	22	63	54	0	7	143	217
SRR12450810_k141_221450_1_238081429	341	108	56	0	0	428	355
SRR14932486_k141_1508393_3_458317364	404	148	80	0	7	496	362
SRR6797149_k119_83538_3_5219993	406	252	48	0	26	113	320
SRR26726064_k141_174329_1_158626090	154	68	43	0	2	262	434
SRR13639658_k141_236206_11_368168685	102	146	39	0	3	398	225
SRR9261032_k141_213763_2_240083645	415	111	72	0	1	211	342
SRR6439731_k141_855793_1_200071383	270	102	40	0	5	418	391
ERR4222572_k141_826084_2_56534759	10	74	49	0	5	134	64
SRR14751592_k141_812261_2_454445966	55	88	86	0	5	177	278
SRR18331981_k141_52553_1_179196896	187	75	45	0	3	257	264
ERR9903368_k141_242794_27_493008644	133	105	32	0	2	403	86
SRR5007147_k141_10993_2_49398708	221	164	38	0	3	150	411
SRR9261036_k141_340516_2_242588216	262	77	46	0	86	251	119
SRR14932576_k141_1114473_1_606306420	387	189	95	0	3	401	344
SRR7369907_k141_377335_2_35345360	80	52	26	0	1	109	420
ERR4225396_k141_599608_5_62161218	334	111	98	0	75	309	146
ERR4869824_k141_943031_2_257307626	51	44	23	0	4	271	273
SRR10132663_k141_584021_1_295000440	16	48	49	0	7	123	133
ERR4678573_k141_827861_2_12164422	59	50	34	0	0	86	364
SRR6747766_k141_450689_1_115365424	353	166	31	0	10	140	250
SRR13727526_k141_122952_13_122265012	302	166	77	0	5	504	331
SRR19786826_k141_139947_2_549804310	8	49	42	0	4	92	251
ERR4678625_k141_602237_1_103093181	6	53	33	0	3	91	183
SRR14560416_k141_437465_3_417253304	205	52	29	0	0	101	144
ERR5954376_k141_1528471_3_175054664	366	118	57	0	0	315	134
SRR21694248_k141_2580878_2_168167995	93	57	35	0	129	181	66
ERR1713332_k141_410481_3_85509135	197	120	36	0	2	401	385
SRR5571000_k119_16820_1_243553704	323	50	42	0	8	101	213
SRR2062623_k119_15921_12_14607339	37	59	69	0	6	122	183
SRR10598221_k119_362217_1_52693054	19	48	49	0	6	136	233
ERR11269296_k141_954094_1_52884100	10	54	43	0	2	103	232
SRR12113418_k141_283214_120_104710748	434	51	72	0	1	169	292
SRR13107660_k141_588495_8_380854724	71	88	55	0	2	265	138
SRR15669520_k141_50262_1_140301022	280	113	59	0	5	196	191
SRR14932593_k141_1339791_1_638135679	505	115	26	0	0	99	206
SRR8831205_k141_717563_2_216906948	487	263	121	0	289	547	299
ERR12084950_k141_804500_2_31002503	209	237	53	0	20	194	105
ERR12084950_k141_545281_12_31118955	25	48	55	0	8	127	133
SRR14560466_k141_598487_6_445426481	416	232	68	0	16	246	514
SRR5278608_k141_5563_1_74475098	149	108	50	0	5	390	397
SRR1145849_k119_119848_6_10394279	367	73	50	0	458	336	389
SRR18749953_k141_363677_14_106298894	29	103	70	0	21	267	247
ERR1713359_k141_118379_1_187341547	24	62	29	0	4	141	84
ERR4678601_k141_226784_1_65398775	201	114	60	0	0	259	393
ERR1725989_k141_324347_1_195071807	90	54	42	0	1	117	425
SRR12396704_k141_131358_2_236432782	65	54	32	0	1	114	415
SRR26726064_k141_180201_20_158870853	24	58	66	0	1	127	123
SRR14932593_k141_1108537_68_638339965	489	171	155	0	6	355	388
SRR15085118_k141_325191_6_51756382	117	44	37	0	1	125	130
SRR22752040_k141_1081566_1_279771171	76	51	52	0	0	104	377
SRR14751619_k141_1420632_4_515092148	12	46	47	0	0	86	89
SRR22752025_k141_1326946_1_263884091	331	44	42	0	1	150	315
ERR3761224_k141_42986_4_61404084	195	76	39	0	2	301	325
SRR15085117_k141_55051_1_29371046	16	92	67	0	6	144	165
SRR6337692_k141_190799_18_506304392	3	44	28	0	9	84	59
SRR25018371_k141_1067747_1_616378820	244	58	36	0	131	299	66
SRR14932511_k141_271330_44_484855854	408	53	26	0	30	130	75
SRR22372540_k141_206174_55_213666531	9	47	45	0	4	98	120
SRR10598217_k119_116617_14_51122159	27	57	61	0	12	159	262
SRR6337683_k141_170859_1_501602525	8	47	53	0	16	142	127
ERR9855095_k141_1032778_2_41041860	248	130	82	0	4	351	481
ERR4678650_k141_550979_1_126081834	12	51	43	0	3	107	190
SRR14932544_k141_248205_1_550356042	84	59	25	0	4	202	179
SRR17063169_k141_913748_1_544769313	94	64	23	0	1	231	125
SRR7912025_k141_190483_27_58806625	56	56	34	0	1	100	282
SRR13727524_k141_88055_1_121172787	22	47	47	0	8	122	202
ERR2592264_k141_117914_5_3510073	66	62	24	0	0	249	259
SRR12339334_k141_34605_4_219603866	503	104	59	0	10	112	394
SRR17063163_k141_1487794_1_85527475	347	150	106	0	1	370	377
SRR9644740_k141_130322_1_65535319	74	87	50	0	0	100	340
ERR1713372_k141_913063_4_128267081	31	80	80	0	8	161	292
ERR4678628_k141_771510_6_34930572	147	47	50	0	0	156	452
SRR8517163_k141_252463_1_32917101	208	68	38	0	145	281	66
SRR8797413_k141_21280_2_62000363	171	55	29	0	12	194	205
SRR8351383_k141_675815_2_204809112	56	96	67	0	0	134	333
SRR6337696_k141_154763_2_508445962	152	109	23	0	1	353	353
ERR1725968_k141_17772_1_180490631	151	71	75	0	0	126	435
ERR4678563_k141_604880_1_154883837	116	52	53	0	0	85	348
SRR22372524_k141_370426_2_202010673	26	54	53	0	6	143	283
SRR19786848_k141_597046_2_567474111	188	70	65	0	2	159	419
ERR11269311_k141_260062_4_212493343	82	62	43	0	1	199	291
SRR1796116_k141_357019_1_16149202	8	108	25	0	1	271	68
SRR2107184_k141_206758_1_20356258	20	81	64	0	7	177	102
SRR13727524_k141_27941_1_120981229	44	84	83	0	8	160	263
SRR14751624_k141_1239181_1_523033189	220	149	47	0	5	492	294
SRR13727527_k141_268587_2_124109362	59	101	88	0	21	194	323
ERR9855099_k141_1035975_1_67269293	454	228	50	0	20	106	209
SRR22752012_k141_741168_1_255422638	310	65	27	0	7	247	283
SRR6800319_k141_338769_1_188483001	165	56	47	0	1	125	419
SRR12404961_k141_3193807_1_11983983	196	173	47	0	4	483	128
SRR15085116_k141_56643_1_50755024	369	210	112	0	7	354	315
SRR18331970_k141_13705_3_144712251	20	64	56	0	4	136	268
ERR11269302_k141_105690_2_198894168	115	61	38	0	1	146	437
SRR19238503_k141_531587_26_122539300	16	67	61	0	11	163	96
ERR9903369_k141_304187_224_272519685	47	68	58	0	9	152	92
ERR9903369_k141_113160_15_272548157	114	141	35	0	2	107	83
SRR22184775_k141_558062_2_591680007	182	156	41	0	1	150	74
SRR22752025_k141_825109_1_263168117	322	93	23	0	0	174	259
SRR19238505_k141_329139_2_125172113	4	52	52	0	8	160	125
SRR15237817_k141_262329_15_248813943	94	53	45	0	0	168	413
ERR5954449_k141_671464_8_223412980	210	67	31	0	6	272	159
SRR10132619_k141_459923_7_281649822	184	53	26	0	2	263	375
SRR9852185_k141_1303635_2_293478288	35	188	105	0	2	124	217
SRR18749955_k141_338386_4_108031799	27	77	69	0	15	165	161
ERR11269299_k141_971381_2_23763193	8	59	45	0	1	99	133
ERR9903363_k141_301344_1_249359206	56	67	61	0	6	103	98
ERR1713367_k141_1209417_2_122308739	158	114	32	0	37	358	297
SRR14932596_k141_136332_2_641600220	229	97	27	0	6	158	119
SRR19238498_k141_500408_10_117806012	84	224	32	0	19	97	73
SRR22752041_k141_1008176_3_281850350	325	89	37	0	4	211	66
ERR1713374_k141_39034_3_189951560	113	46	36	0	0	132	398
SRR3501859_k141_916155_1_43319053	59	48	23	0	1	233	213
SRR22372518_k141_101468_2_183143260	62	70	25	0	0	228	99
ERR9903367_k141_258010_37_251116911	319	105	46	0	3	206	310
ERR5954453_k141_816460_12_228913177	188	105	83	0	0	278	276
SRR25018385_k141_553394_1_618267525	259	65	61	0	0	161	105
SRR2107181_k141_177158_2_18955287	150	202	51	0	22	216	162
ERR5954449_k141_620919_3_224107928	141	95	31	0	4	353	220
ERR1713352_k141_950508_3_107629694	235	103	54	0	4	376	345
ERR1713352_k141_1507421_1_107745624	4	45	38	0	1	79	164
SRR2107211_k141_2770_1_21469982	360	123	40	0	1	153	185
ERR1725992_k141_348821_1_64980717	85	49	51	0	33	200	462
SRR20309467_k141_845710_1_174837742	141	78	75	0	1	151	454
ERR4222572_k141_369837_2_56383278	498	241	126	0	13	560	502
ERR1414231_k119_131466_1_7746130	139	61	26	0	3	234	79
ERR1414231_k119_215105_2_7927576	199	90	27	0	7	194	132
SRR7369915_k141_486828_2_11950926	308	109	75	0	4	351	460
ERR9855091_k141_627644_2_18094465	390	91	44	0	1	196	423
ERR5954420_k141_1234522_2_206252236	169	117	37	0	20	396	319
ERR11269302_k141_1417339_1_198808826	87	51	31	0	0	79	360
ERR1713371_k141_73777_2_126923552	17	50	50	0	4	107	234
ERR4222572_k141_1152911_1_56247821	288	208	71	0	5	488	379
SRR5306406_k119_261109_1_595300662	349	260	67	0	87	377	181
SRR8205411_k141_392913_16_195051618	436	130	47	0	3	302	146
SRR19786831_k141_736409_1_554207688	116	115	38	0	2	307	192
SRR14751588_k141_559002_1_453452688	17	84	73	0	6	169	273
ERR4678573_k141_705990_1_12178275	220	101	64	0	4	308	171
SRR8648013_k141_69834_1_19048013	121	109	54	0	0	332	178
SRR19238502_k141_208807_1_121199718	77	50	32	0	0	107	391
SRR14932667_k141_795477_1_762184618	232	93	41	0	0	342	379
SRR20309469_k141_268450_1_176446550	81	51	24	0	1	98	75
SRR14751601_k141_1579138_10_487316104	422	72	49	0	1	210	366
SRR4833080_k141_798105_1_25425520	2	104	59	0	9	101	89
ERR4678647_k141_110568_1_120592944	15	58	44	0	1	110	236
SRR7369916_k141_900667_3_14625365	185	135	25	0	1	423	304
SRR6797150_k119_49790_12_1570974	367	167	51	0	7	147	309
SRR6747773_k141_391995_19_122643419	401	74	32	0	0	287	340
SRR8351382_k141_1094056_6_203353469	277	126	66	0	1	261	151
SRR21802938_k141_531180_1_171226536	9	65	56	0	12	148	170
SRR9852186_k141_943594_1_295206239	343	58	42	0	1	142	249
ERR3761240_k141_281277_1_46177586	194	161	40	0	5	462	168
SRR7369916_k141_781025_1_13696661	244	90	47	0	1	152	118
SRR9261039_k141_379205_5_243996064	98	52	31	0	0	153	91
SRR21705947_k141_258470_5_147897368	11	45	57	0	0	88	59
SRR14932626_k141_371199_3_677397990	292	64	29	0	2	127	142
SRR24226017_k141_202844_2_198606012	178	216	29	0	9	253	99
SRR24226019_k141_36859_2_199054822	127	259	41	0	85	237	113
SRR8648019_k141_767260_2_54901015	39	79	87	0	6	161	276
ERR472738_k141_127466_2_62906165	176	107	37	0	6	424	314
SRR12964611_k141_246730_10_112398209	195	46	25	0	1	87	92
SRR21705948_k141_995010_1_149885790	31	75	75	0	4	164	244
SRR14751622_k141_111191_3_521927879	226	68	34	0	12	333	165
SRR22372571_k141_152287_3_196887596	273	244	52	0	4	101	256
SRR21427515_k141_111427_26_47133713	121	107	30	0	15	122	96
SRR13225459_k141_139307_3_346125274	198	90	37	0	4	305	217
SRR13727529_k141_555505_107_127992379	118	103	49	0	2	381	135
SRR2107213_k141_25805_1_22690729	334	145	84	0	1	393	471
SRR14932514_k141_1033398_2_488927439	393	45	83	0	0	100	120
SRR18749962_k141_428648_2_95097749	5	44	48	0	12	131	100
SRR14932663_k141_290417_2_751519125	317	118	39	0	4	365	287
SRR21802942_k141_591039_1_173543518	74	44	46	0	28	210	472
SRR25018390_k141_662593_3_621835897	376	56	48	0	20	91	400
SRR13225459_k141_95080_99_345885398	7	46	34	0	6	95	72
ERR4678602_k141_862682_3_66834947	13	51	43	0	10	142	146
SRR9261025_k141_262551_1_237185950	131	87	27	0	3	337	287
ERR2592271_k141_308131_1_14080998	76	51	44	0	70	196	453
SRR21427519_k141_365837_32_147276137	540	308	175	0	25	610	512
ERR4222588_k141_1131219_1_61113926	150	55	32	0	0	155	189
SRR15085127_k141_301826_1_57975591	26	44	26	0	0	92	129
ERR5954389_k141_1005229_2_186578624	206	162	47	0	20	213	124
ERR1713349_k141_689272_6_100665932	143	112	33	0	2	384	187
SRR11088425_k141_1889441_7_378723324	307	159	37	0	12	524	244
SRR14751622_k141_1085711_1_522591666	303	114	49	0	13	469	174
SRR6747807_k141_423739_1_182873281	332	60	40	0	13	261	158
SRR22372582_k141_52601_4_230197191	370	167	79	0	1	463	206
SRR13727527_k141_781580_10_125047242	357	169	82	0	6	326	344
SRR13171217_k141_733718_2_48155591	265	85	49	0	0	142	60
SRR13727517_k141_426906_144_116602354	163	62	47	0	127	240	319
SRR13225452_k141_473660_1_340682514	100	57	72	0	0	113	411
ERR4678628_k141_2055314_1_33967825	69	49	62	0	1	121	439
SRR2107215_k141_327148_2_23572139	109	48	37	0	1	101	387
SRR6337691_k141_102753_7_505737735	397	212	100	0	10	543	498
SRR14932480_k141_465232_1_447612627	160	99	40	0	3	376	298
SRR6797145_k119_198530_3_1716251	47	97	87	0	11	175	296
SRR22372544_k141_482361_1_215974648	123	180	47	0	11	114	122
ERR1726003_k141_44820_1_36440247	394	133	41	0	1	106	337
SRR15085116_k141_20125_1_51454355	201	204	62	0	46	340	139
SRR22372573_k141_30545_24_226571043	292	143	33	0	5	443	145
ERR5954436_k141_230098_3_217522821	260	148	58	0	3	479	190
SRR9852171_k141_643181_6_263591997	329	65	31	0	2	205	138
SRR11088473_k141_850987_2_401134117	503	97	43	0	8	176	488
ERR12084944_k141_326192_1_8819627	178	105	33	0	0	202	66
ERR4678573_k141_788090_1_12206990	334	69	46	0	8	177	159
SRR14751602_k141_155023_1_456814567	49	46	31	0	4	265	241
SRR14751602_k141_2507359_2_457268437	305	99	42	0	22	119	182
ERR4678684_k141_31484_1_178435375	87	53	56	0	2	144	436
SRR11088441_k141_230340_4_387416938	493	227	111	0	132	590	462
SRR14751588_k141_886091_1_451990543	286	176	82	0	8	514	437
ERR4678625_k141_846257_1_102659040	9	53	41	0	2	91	220
SRR22752044_k141_1525124_1_287020413	146	52	33	0	1	142	273
SRR12964614_k141_904805_6_116231611	2	84	24	0	0	183	79
SRR25018397_k141_19911_1_626119953	93	152	92	0	17	287	240
ERR4678608_k141_493868_2_76755523	108	217	47	0	5	79	95
SRR12113397_k141_301576_1_70094174	437	223	137	0	141	495	406
SRR12404958_k141_1757564_21_51045186	106	81	27	0	1	319	263
SRR19238505_k141_281720_1_124713755	17	97	71	0	13	187	117
ERR4678634_k141_470796_2_113064881	30	71	62	0	16	160	263
SRR25018389_k141_198702_1_621077062	360	51	49	0	2	161	239
SRR8512242_k141_389931_1_65781725	52	105	104	0	23	194	333
SRR18331977_k141_110465_2_178635301	476	194	119	0	14	571	482
SRR13225447_k141_673407_1_383193286	50	97	81	0	0	138	108
SRR12332666_k141_223386_1_218295744	428	119	49	0	6	179	388
ERR5954461_k141_43342_1_234092006	301	69	33	0	125	323	79
SRR6747783_k141_547468_2_136044501	271	60	29	0	0	103	96
SRR7369924_k141_125980_1_25242662	22	56	54	0	4	126	125
SRR19238499_k141_256530_2_118383546	112	95	28	0	4	295	265
SRR14751619_k141_944447_1_513731031	44	88	88	0	13	194	331
SRR6747722_k141_251594_2_72393379	520	64	77	0	13	142	492
SRR18331977_k141_81128_2_178674782	48	49	24	0	3	97	213
ERR1713395_k141_1032930_4_152800137	18	61	52	0	1	135	258
SRR22105536_k141_808733_1_144713632	370	151	57	0	27	486	344
SRR11088390_k141_1102307_2_22829443	329	191	63	0	35	241	491
ERR4869718_k141_87317_7_74284571	30	75	60	0	9	177	123
SRR18331977_k141_108508_1_178549430	147	68	61	0	1	152	459
SRR13608737_k141_187263_1_366049165	66	60	30	0	0	243	95
SRR13608737_k141_1107830_1_366121991	22	114	70	0	9	197	115
SRR6986814_k141_33423_3_7290626	82	57	34	0	2	107	123
SRR12113407_k141_1919489_76_76232214	437	48	48	0	1	202	398
SRR22752040_k141_1483722_1_279430051	12	67	62	0	6	108	86
SRR14932579_k141_855002_7_612565745	175	64	34	0	17	117	84
SRR26726066_k141_398053_63_160580520	97	44	56	0	7	84	196
ERR4222568_k141_901571_1_48848416	20	77	57	0	7	155	116
SRR14932625_k141_472320_1_675667154	440	161	66	0	36	129	293
SRR19238505_k141_563225_34_124973432	25	91	62	0	13	171	136
SRR12404949_k141_1922122_1_127165055	269	86	29	0	0	201	226
ERR11269311_k141_443196_2_212021204	180	70	68	0	2	247	114
SRR15085128_k141_14722_1_59184219	20	48	52	0	0	105	117
ERR4678570_k141_1115891_1_7793679	50	49	47	0	0	83	355
SRR11536956_k141_2523629_171_70606947	305	233	56	0	28	341	140
ERR1713336_k141_286365_1_88191491	78	51	49	0	1	118	429
ERR11181231_k141_155029_8_465058	311	127	97	0	1	275	489
SRR10761722_k141_743310_1_120083299	13	45	35	0	2	84	227
SRR22752015_k141_1586583_1_261869498	409	162	76	0	27	480	368
SRR11088380_k141_52678_1_365435234	327	163	77	0	1	465	462
ERR12084961_k141_239791_1_35533599	512	292	158	0	13	594	506
ERR1725999_k141_127749_2_7408702	143	46	37	0	1	164	453
SRR12404961_k141_1608847_1_12632242	107	61	71	0	1	137	440
SRR12404961_k141_1772161_2_12784197	75	62	55	0	0	122	398
ERR5954442_k141_1010322_1_219800101	78	69	33	0	1	171	61
ERR9903362_k141_254315_1_248469778	160	73	54	0	1	241	344
ERR1725974_k141_674727_2_184204792	4	51	33	0	2	79	162
ERR4678594_k141_653129_2_57825115	81	48	32	0	0	95	371
SRR15085115_k141_425270_2_50161787	22	63	65	0	4	117	214
SRR22752045_k141_1347366_1_290424103	182	99	27	0	10	113	90
ERR2592244_k141_280693_3_33474138	268	58	31	0	19	152	347
SRR9852199_k141_1226969_3_320012494	428	119	39	0	2	96	388
SRR13225447_k141_390925_1_383531800	163	135	83	0	3	389	68
SRR14560469_k141_459971_2_446743217	163	99	42	0	13	216	131
ERR4869782_k141_23724_40_115300342	220	75	38	0	18	306	180
SRR15669517_k141_364612_18_136316914	379	83	79	0	0	219	233
ERR1713392_k141_305055_3_149725462	109	79	37	0	1	292	412
DRR198516_k141_85781_2_22511461	231	84	78	0	110	234	450
SRR1787940_k141_104851_1_143835594	199	72	46	0	1	229	203
SRR14932523_k141_990737_4_511518854	415	121	91	0	2	184	347
SRR19786826_k141_254040_2_549750663	11	51	38	0	7	105	203
ERR1713345_k141_129111_3_97148592	263	115	47	0	4	349	407
ERR3281029_k141_204377_8_7464386	448	101	36	0	1	162	396
SRR8797411_k141_19562_1_59861222	87	79	30	0	1	291	302
SRR13225456_k141_220295_1_343143211	30	48	43	0	7	97	147
ERR2592283_k141_1171538_2_60192683	269	81	49	0	5	139	433
SRR14932514_k141_1101669_2_489170507	349	48	68	0	1	198	455
SRR12404952_k141_2284632_2_95619483	119	44	27	0	11	177	134
ERR4678633_k141_476955_1_110344740	203	55	37	0	2	267	245
SRR12964614_k141_1050759_3_115566748	67	67	94	0	8	271	146
SRR9260998_k141_308051_1_223673091	163	56	23	0	0	92	88
ERR3281022_k141_216903_1_1434243	279	141	31	0	4	98	184
SRR2090172_k141_254327_1_45449539	123	70	62	0	1	259	331
SRR13727523_k141_65886_11_120690959	270	48	29	0	0	152	216
SRR5007147_k141_2016458_2_49246176	94	84	61	0	8	170	177
SRR13727524_k141_79910_2_121125960	53	56	26	0	4	154	147
SRR15669522_k141_120650_2_143994561	133	82	54	0	1	212	144
ERR4678635_k141_118893_1_115100463	41	46	41	0	6	108	156
SRR14751602_k141_2014031_1_458290954	30	47	31	0	3	106	150
SRR3501888_k141_427775_2_56055143	362	114	38	0	3	261	84
SRR10132632_k141_246701_5_289423708	124	81	31	0	6	347	301
ERR4678624_k141_690201_1_101762999	382	91	30	0	0	102	391
SRR8351385_k141_104783_31_207995829	230	46	41	0	0	99	92
SRR19238504_k141_612616_1_123981812	391	156	76	0	199	392	226
SRR26726064_k141_111221_2_159021778	330	104	91	0	4	224	488
SRR7369912_k141_948421_12_9214448	12	85	59	0	6	168	71
SRR12404961_k141_3471848_37_11041768	63	44	27	0	0	92	382
SRR21705855_k141_399931_1_598041056	91	46	43	0	1	207	68
SRR22752015_k141_12620_1_261270690	145	84	29	0	1	154	440
SRR7369915_k141_282793_1_12459205	23	48	51	0	1	108	174
SRR6747799_k141_359500_2_175261019	363	166	23	0	62	566	203
SRR3098775_k141_463420_2_98572286	58	69	95	0	0	107	86
SRR13225447_k141_543900_4_383711335	273	67	60	0	13	266	121
SRR25018390_k141_340133_1_622172474	90	49	53	0	1	136	432
SRR22372567_k141_273096_16_195148348	86	51	65	0	0	103	362
SRR10598224_k119_230617_2_67081640	97	178	50	0	15	200	158
SRR12964614_k141_813602_3_115370053	316	137	102	0	14	264	484
SRR12964614_k141_246553_18_115696024	334	164	96	0	7	475	436
SRR22752012_k141_1820646_3_254739544	90	61	58	0	2	109	371
SRR14554391_k141_197117_1_395171679	222	188	23	0	8	257	103
SRR8517161_k141_941364_5_69087336	211	108	58	0	0	312	134
SRR15669521_k141_137238_3_141100506	20	49	40	0	0	102	184
SRR15237808_k141_243082_26_225670366	18	69	57	0	9	150	265
SRR15237808_k141_272243_1_225777560	5	47	36	0	1	88	195
ERR4869772_k141_636592_6_109617596	191	95	37	0	1	350	209
SRR14751620_k141_676653_3_515286397	45	98	87	0	13	185	296
ERR4678628_k141_888439_8_33161791	5	45	43	0	2	82	196
SRR12964614_k141_1328892_39_115219668	5	44	25	0	7	89	70
SRR12964614_k141_925620_55_115254631	123	71	39	0	0	212	120
SRR19786822_k141_554062_1_581322958	64	64	94	0	0	214	63
ERR1725974_k141_470039_2_183755002	21	59	52	0	6	131	230
SRR18331972_k141_32967_8_145112927	19	46	35	0	0	87	114
ERR4678580_k141_1633459_2_46791646	119	76	66	0	1	131	406
SRR12354809_k141_39255_1_235603625	327	145	64	0	27	147	482
SRR11235433_k141_282745_2_413000076	20	58	59	0	4	133	158
SRR18749956_k141_460015_1_108903130	45	148	50	0	41	182	188
SRR8503606_k141_274388_1_72745450	321	95	33	0	633	409	306
ERR12084946_k141_1083958_3_12549724	35	89	83	0	7	171	254
SRR14932613_k141_604001_3_656384889	138	50	25	0	2	322	245
SRR15085117_k141_391255_2_29917509	24	44	33	0	0	95	158
SRR9852188_k141_395897_1_161191888	112	105	32	0	0	313	230
SRR11088417_k141_949486_1_145078221	136	79	72	0	3	185	214
SRR10132627_k141_463538_2_286250341	329	49	76	0	0	119	162
SRR21802947_k141_66457_1_590885911	169	116	46	0	2	284	125
SRR25018385_k141_319608_2_618688237	32	97	68	0	14	145	115
DRR125127_k141_49165_2_27967723	189	108	52	0	3	391	241
ERR2105752_k141_60467_1_6551734	371	209	42	0	17	100	203
ERR1713407_k141_466656_7_166070496	89	71	32	0	5	334	304
SRR12113418_k141_237677_1_104385107	11	76	72	0	46	139	198
ERR1725959_k141_65138_3_178219590	353	185	109	0	7	488	482
SRR13171211_k141_65152_4_45499040	362	163	68	0	10	232	238
SRR13608732_k141_956313_2_389583235	206	48	44	0	0	147	183
SRR14932623_k141_917122_1_674093828	48	48	28	0	8	247	262
ERR4678568_k141_898155_1_4566641	97	77	62	0	0	104	312
SRR13608732_k141_18920_50_389244292	67	44	27	0	2	84	83
ERR4222569_k141_776357_2_51033587	182	141	26	0	5	451	123
ERR4678685_k141_333426_1_179875271	2	62	52	0	10	142	94
SRR19786825_k141_406940_2_549024047	49	95	85	0	18	196	304
SRR14560393_k141_502762_1_402566359	486	261	142	0	34	582	494
SRR10132662_k141_4341_1_293806788	346	61	47	0	3	177	234
SRR22752013_k141_1202612_3_258373821	519	265	159	0	16	585	511
SRR13225453_k141_503675_1_341480617	18	87	90	0	17	162	254
SRR14560392_k141_431974_3_401383226	22	45	27	0	0	186	82
ERR4678588_k141_244454_2_20082191	17	60	55	0	8	116	118
ERR1713394_k141_408459_6_151371698	235	83	50	0	11	233	145
SRR20309469_k141_744747_1_177336326	286	86	39	0	15	208	137
ERR2592256_k141_343467_1_24478593	13	56	43	0	4	102	198
SRR8351382_k141_317375_34_203512744	196	170	41	0	23	200	93
ERR1725939_k141_37994_7_194730480	105	52	49	0	0	131	423
ERR3281036_k141_260487_1_10656019	67	46	47	0	0	95	331
SRR21427519_k141_370114_1_147479862	107	113	46	0	10	85	82
SRR6747767_k141_47666_1_116447043	165	61	52	0	2	187	333
SRR8648012_k141_807263_1_41919161	42	78	67	0	13	156	230
ERR1725989_k141_337268_2_195387529	359	144	82	0	2	375	456
SRR9261024_k141_13694_3_236366635	283	247	69	0	32	279	218
ERR4869705_k141_406800_4_64679984	156	90	27	0	8	352	264
SRR9030452_k119_405801_6_228758622	451	69	47	0	12	169	481
SRR13225450_k141_59941_3_338124426	23	51	66	0	9	135	151
SRR8351385_k141_38053_5_209093045	72	72	48	0	4	131	142
SRR9261012_k141_417353_4_230616004	331	50	33	0	1	124	313
SRR4833060_k141_67623_1_22942604	35	217	40	0	143	559	66
SRR14751607_k141_695159_1_469633222	32	60	64	0	1	137	164
SRR19238508_k141_61052_2_128765705	247	142	62	0	33	284	117
SRR10132628_k141_317324_1_286774434	153	66	27	0	1	179	151
ERR4678634_k141_181429_1_113340070	7	53	43	0	5	99	155
SRR14751601_k141_765856_2_487464829	418	110	57	0	1	109	383
SRR1702225_k141_8647_2_12847081	263	92	30	0	25	163	67
SRR13727533_k141_151710_5_130008256	153	51	25	0	9	93	91
ERR9903369_k141_303000_1_272459297	352	155	55	0	5	160	446
SRR5007147_k141_1337793_3_51278827	91	79	40	0	7	109	110
ERR5954450_k141_873930_2_225520029	21	61	59	0	10	165	145
SRR14751605_k141_2027245_2_464347893	35	44	53	0	0	101	120
SRR14143313_k141_121437_1_74158021	352	64	36	0	0	144	116
SRR25115611_k119_18281_4_158136839	32	86	70	0	14	149	285
SRR3098764_k141_333935_2_1036417	61	48	26	0	17	97	71
SRR14751619_k141_795450_2_513534608	178	128	52	0	2	443	347
SRR9852215_k141_1301412_1_349816649	269	77	23	0	0	247	149
SRR13727519_k141_722128_5_118055541	42	86	75	0	12	204	184
ERR4869753_k141_1174081_1_28309150	250	155	53	0	197	280	261
ERR5954449_k141_613796_4_223860226	221	138	92	0	34	419	368
ERR4678576_k141_948155_1_37377317	86	53	25	0	0	205	393
ERR11181237_k141_79030_1_2210328	22	60	76	0	18	132	222
SRR21694252_k141_2070476_1_574701910	58	71	36	0	3	150	96
ERR4678567_k141_90569_1_2498729	159	72	39	0	0	266	269
SRR13727527_k141_709506_1_125385677	39	87	95	0	19	191	308
SRR6797147_k119_43313_18_22564285	105	58	36	0	22	259	95
ERR3858117_k141_1223613_11_30732143	1	119	49	0	45	108	75
SRR9261034_k141_59970_1_241384294	209	112	31	0	8	254	119
SRR13727525_k141_67143_77_121213696	15	45	56	0	3	127	107
ERR2592274_k141_403706_1_57344096	266	83	49	0	5	138	442
SRR13727522_k141_199628_2_119808255	26	88	59	0	3	155	96
SRR6747733_k141_616764_2_82600248	510	52	30	0	0	194	373
ERR4678611_k141_70187_1_80873312	132	65	32	0	2	210	391
SRR1796116_k141_334301_1_15363448	293	55	33	0	1	113	78
ERR11269299_k141_404298_29_23177596	15	49	59	0	20	110	166
SRR8351382_k141_860347_8_204200210	146	88	27	0	3	332	264
SRR13608728_k141_556230_1_362103059	196	69	30	0	0	244	302
SRR6986815_k141_85284_5_7631660	255	73	34	0	1	110	151
SRR18749954_k141_287238_3_107782488	441	269	159	0	9	574	509
SRR5306409_k119_21720_4_499968461	247	150	38	0	6	465	173
SRR20309469_k141_679097_6_177268569	183	56	36	0	20	101	412
SRR14560436_k141_255765_4_426966602	133	75	25	0	1	317	265
ERR4678618_k141_512883_1_92960909	22	57	65	0	17	147	183
SRR9852218_k141_431304_5_166882572	508	114	56	0	11	103	392
SRR11235433_k141_241948_2_413433602	37	59	35	0	0	100	176
ERR4678694_k141_692054_5_187226748	6	44	40	0	1	99	180
SRR13608732_k141_379205_2_388794534	113	68	33	0	1	115	60
SRR14932567_k141_967746_1_588562138	200	84	40	0	1	333	132
SRR14932595_k141_40663_2_640753945	422	109	27	0	7	124	336
ERR2592260_k141_248832_1_13272195	453	187	144	0	6	562	512
ERR4678664_k141_611069_2_165422445	164	90	45	0	0	324	334
SRR13225453_k141_648250_2_341678937	345	176	44	0	2	95	174
ERR4678694_k141_413762_1_187408355	34	45	31	0	3	92	101
ERR1414227_k119_105506_1_5889882	104	93	23	0	0	284	286
SRR9852210_k141_726959_2_340823004	141	152	23	0	9	120	192
SRR18331972_k141_31061_2_145168372	164	97	103	0	2	270	196
ERR5954390_k141_266835_2_188584321	78	68	30	0	1	242	176
SRR14560392_k141_230274_6_401366593	166	93	35	0	684	395	264
ERR2592256_k141_146868_1_24146365	28	45	40	0	2	120	154
SRR22372533_k141_413462_3_191914202	129	51	23	0	5	95	123
ERR11269297_k141_162349_3_53607388	30	78	76	0	20	156	286
SRR8351385_k141_94248_9_210999207	100	61	23	0	2	150	67
SRR14143314_k141_151180_173_29131323	65	50	38	0	1	105	402
SRR15669517_k141_484479_14_136678142	409	97	29	0	1	142	333
ERR4678597_k141_42182_1_28381626	14	51	52	0	6	111	228
ERR1726005_k141_538662_1_16882784	105	48	41	0	0	104	418
ERR1713331_k141_87501_1_85007559	12	47	41	0	2	91	211
SRR6797138_k119_78655_83_24595342	98	149	32	0	11	92	109
SRR14932498_k141_1358338_2_476453621	360	142	59	0	4	99	371
SRR9644739_k141_107784_32_64947550	160	89	59	0	1	260	252
SRR14751592_k141_498303_1_454486803	200	52	108	0	1	195	369
SRR2107218_k141_417995_4_24722364	287	108	41	0	45	248	237
SRR2107218_k141_74762_8_24895255	169	77	24	0	0	269	201
SRR21427515_k141_349246_58_47244908	74	45	26	0	1	179	197
ERR11181246_k141_167322_2_4558940	59	62	50	0	0	117	246
ERR4678559_k141_709887_2_214664351	106	58	38	0	1	131	443
ERR5954405_k141_132360_2_194853291	161	90	30	0	1	292	271
ERR1713396_k141_753206_3_153114287	115	48	41	0	1	130	426
ERR4678694_k141_10041_2_187489274	8	53	50	0	2	119	254
SRR22372588_k141_12401_2_187191165	127	91	39	0	1	246	93
ERR4678594_k141_898244_2_58179032	86	46	57	0	0	108	408
ERR4678660_k141_665996_1_271415799	158	88	40	0	4	300	226
SRR4833060_k141_408223_1_22447622	139	61	29	0	0	235	153
SRR11088398_k141_966867_2_104355958	37	85	87	0	2	230	61
SRR8208348_k141_830043_2_198825495	80	109	56	0	31	97	200
SRR9261042_k141_104581_1_245837309	368	70	25	0	1	102	347
SRR15669520_k141_355243_1_140252215	35	48	33	0	0	81	251
ERR4678617_k141_346718_1_91549368	14	46	38	0	5	112	216
SRR6439735_k141_871960_1_1895691	124	55	35	0	2	105	90
SRR7369920_k141_1057029_1_18307339	149	61	28	0	1	146	129
ERR4678638_k141_762869_2_140628117	178	128	36	0	9	119	81
ERR11269302_k141_1674879_1_199556216	88	44	52	0	30	211	468
SRR6797147_k119_110878_2_22452546	77	50	29	0	2	105	93
SRR12404962_k141_646724_4_17623672	211	182	86	0	37	135	191
SRR12404961_k141_3699417_8_12366356	88	47	46	0	0	84	301
SRR18749955_k141_294965_5_107870980	9	54	48	0	7	132	79
SRR8797413_k141_387219_1_62435824	73	56	41	0	1	182	86
ERR4678564_k141_898224_1_157060106	331	93	39	0	0	108	347
ERR5954442_k141_641769_5_219915032	302	98	46	0	1	224	83
SRR12404952_k141_2760274_1_95571334	79	107	34	0	22	450	174
SRR14751604_k141_1988792_2_460963191	194	121	102	0	60	234	317
ERR1713362_k141_117697_2_115729550	5	44	45	0	15	121	121
SRR12404948_k141_848822_1_44311342	4	63	42	0	27	95	102
SRR13608725_k141_2082285_2_358828720	147	52	32	0	0	164	140
ERR5954389_k141_1011426_1_186776806	214	127	23	0	6	443	164
ERR1713357_k141_399185_2_112597430	426	98	78	0	13	202	483
ERR4678583_k141_293579_1_25537487	8	47	34	0	3	87	188
ERR4869763_k141_828800_1_104540864	48	52	30	0	1	142	135
SRR21802942_k141_1330640_1_174640276	195	213	134	0	11	348	91
ERR1414212_k119_36333_3_3379293	368	122	23	0	4	165	460
ERR4678576_k141_989122_1_38614866	58	44	26	0	0	93	366
ERR4678615_k141_863154_2_87459351	100	68	71	0	1	141	447
ERR3761224_k141_1452933_1_62792782	148	216	67	0	23	280	78
ERR4678567_k141_437934_1_2540996	71	55	67	0	1	120	433
SRR6747762_k141_35354_4_111325673	150	45	24	0	190	134	78
SRR18331973_k141_9591_1_145407868	215	48	86	0	0	221	322
ERR4678607_k141_176559_2_75456254	233	70	28	0	0	216	363
SRR9852180_k141_1071527_1_282282039	215	78	64	0	0	79	94
ERR1725962_k141_191610_1_179270254	103	83	23	0	3	307	212
SRR14932510_k141_1916326_2_481585288	377	138	58	0	4	114	386
ERR1713394_k141_289728_1_150382941	196	62	37	0	5	233	202
SRR12404963_k141_1070589_2_79767952	133	127	62	0	8	499	423
SRR10132669_k141_386696_1_299116112	403	151	66	0	482	480	99
SRR11088425_k141_695232_2_381222081	194	70	28	0	0	252	281
SRR9261034_k141_227514_1_241407466	122	76	77	0	1	144	450
SRR14751606_k141_876943_2_467157343	355	168	71	0	8	470	448
ERR4678589_k141_637887_1_21334306	256	130	89	0	2	250	467
ERR12084966_k141_170285_1_41881717	36	86	74	0	11	165	290
SRR18331970_k141_57074_1_144630482	9	47	42	0	2	100	208
SRR18331970_k141_26708_3_144630517	14	53	39	0	1	112	210
SRR14751609_k141_492378_2_489677624	350	121	42	0	3	133	64
SRR9852182_k141_642383_1_285974268	360	114	40	0	0	110	102
ERR4678597_k141_718181_10_28747820	24	82	70	0	6	150	295
ERR3281040_k141_81690_3_22892218	81	52	54	0	0	87	369
SRR11235433_k141_739401_1_413210994	228	145	74	0	2	428	469
SRR19238510_k141_787213_7_131539842	96	80	71	0	1	167	436
SRR14932665_k141_1767483_2_756185094	471	224	111	0	9	551	390
SRR14492192_k141_391842_1_391925583	237	45	40	0	13	123	131
ERR4678677_k141_158398_1_194747176	170	73	69	0	1	173	453
SRR9852164_k141_419412_2_251989644	352	170	90	0	48	498	253
ERR3281032_k141_122239_1_9596003	287	260	88	0	28	238	199
SRR4754862_k141_910268_25_117825275	157	84	25	0	0	220	116
ERR4678653_k141_807319_5_269470852	392	96	56	0	1	103	121
ERR5954381_k141_256728_2_178834040	14	82	64	0	7	120	99
ERR4869713_k141_794283_1_71092425	346	132	42	0	7	380	149
SRR15669520_k141_3791_1_139652458	40	67	81	0	13	152	205
SRR9852172_k141_492211_8_266649787	217	47	24	0	59	157	161
SRR14932615_k141_419997_1_659651951	59	56	72	0	0	158	73
SRR19238502_k141_470179_29_121603270	82	137	41	0	17	81	124
SRR13225454_k141_347345_2_385114459	308	180	101	0	1	471	411
ERR4678579_k141_1410527_3_44304879	81	49	28	0	1	100	397
SRR22752036_k141_1313687_1_266301755	353	94	49	0	217	265	220
ERR11269299_k141_249287_15_23407761	39	64	49	0	11	136	181
SRR6747733_k141_251084_4_82356947	482	95	48	0	0	112	113
SRR11674021_k141_277582_1_427584898	174	101	26	0	0	96	109
SRR22105530_k141_415402_1_137190219	174	134	51	0	204	438	313
SRR14455375_k141_624636_2_36106646	266	155	40	0	17	205	202
ERR5954388_k141_433599_2_185307760	232	234	25	0	21	365	124
SRR15237808_k141_193929_11_225909925	8	45	50	0	8	100	183
ERR4222567_k141_1304773_1_47415749	145	63	48	0	6	213	205
SRR22372546_k141_568872_2_217439490	408	233	55	0	20	149	213
SRR13608705_k141_426346_2_354025426	97	145	53	0	7	479	110
SRR18749954_k141_703279_18_107797738	21	87	63	0	9	200	141
ERR4678585_k141_734740_2_15313250	30	54	60	0	6	146	245
SRR21694250_k141_2936643_1_586248664	421	208	64	0	4	485	126
SRR13994250_k141_214113_1_439920220	188	154	26	0	9	122	78
SRR18749955_k141_399837_2_108112951	12	73	54	0	7	143	104
SRR14932542_k141_648562_1_545163792	546	265	171	0	15	570	508
SRR26726064_k141_333593_38_158733532	315	107	57	0	58	322	215
ERR4678678_k141_870361_6_197224436	38	51	43	0	16	141	220
SRR17063165_k141_704925_1_90907920	327	191	58	0	2	141	62
SRR21427517_k141_52351_1_172315478	21	46	55	0	15	121	211
SRR14455375_k141_871826_3_36335570	332	187	63	0	3	141	64
SRR13225447_k141_135415_2_383771204	173	73	109	0	4	239	70
SRR12404959_k141_1882727_2_139684352	128	147	52	0	3	419	291
SRR14932654_k141_631271_2_734938835	218	95	28	0	19	225	118
ERR4222567_k141_850646_3_47041875	43	91	28	0	0	211	98
SRR14560448_k141_233300_3_433744309	82	93	63	0	25	215	148
ERR11269310_k141_965794_1_209898549	7	52	34	0	3	85	219
ERR4678574_k141_266468_3_24893380	290	107	68	0	2	410	394
ERR9855084_k141_575995_7_82400010	270	220	80	0	53	153	115
ERR1713380_k141_394531_1_133390532	122	56	85	0	0	158	223
ERR4678625_k141_264763_4_102148418	46	124	59	0	4	361	99
SRR17063168_k141_558791_5_543106966	132	44	26	0	1	99	101
SRR19786843_k141_73582_4_583674283	126	74	33	0	0	302	274
SRR12354360_k141_74351_8_234952952	148	46	40	0	0	141	451
SRR3098767_k141_85721_1_149693328	151	179	98	0	18	487	88
ERR4869747_k141_1088463_9_95381239	52	77	42	0	5	119	91
ERR1725974_k141_136624_2_184006836	41	52	101	0	0	133	97
SRR2107182_k141_39462_7_19231653	241	83	25	0	2	82	158
SRR22105546_k141_764315_28_157812766	29	93	58	0	6	168	118
SRR19238511_k141_590213_1_132617811	58	102	24	0	6	373	144
SRR5877534_k119_528660_1_62742814	53	93	44	0	67	119	91
ERR1713335_k141_79141_1_87283037	147	90	33	0	5	352	281
SRR6439733_k141_38304_1_221956802	54	48	26	0	3	261	348
SRR19786828_k141_291626_1_551421372	10	70	76	0	6	132	210
SRR14932533_k141_160574_1_529603123	367	104	49	0	1	99	357
SRR14455375_k141_334572_2_36350952	395	107	89	0	4	239	326
SRR12404963_k141_119100_45_78625544	51	52	26	0	44	148	389
SRR21694250_k141_179129_1_585488758	129	74	26	0	0	306	180
SRR12328016_k141_508334_1_217523706	518	117	59	0	9	124	430
SRR14932477_k141_458514_6_443814640	302	95	56	0	0	321	268
SRR14932531_k141_673435_2_524447186	264	53	30	0	9	80	410
SRR14751601_k141_2226859_1_488250468	96	66	65	0	1	128	439
SRR14932627_k141_1110018_2_678217203	233	95	42	0	101	389	317
SRR19238501_k141_711802_3_120069972	190	133	32	0	4	123	138
SRR15669519_k141_260013_11_138670522	327	49	66	0	9	98	76
SRR6797130_k119_51999_21_6942981	236	99	44	0	0	172	94
SRR14560400_k141_285772_1_408203014	333	194	70	0	116	253	135
SRR9261004_k141_327850_2_226844802	194	81	31	0	4	199	117
ERR4678572_k141_1496812_3_9893958	300	175	110	0	8	507	472
SRR14932523_k141_998350_1_511763559	392	49	27	0	0	134	264
ERR4678655_k141_73804_1_130704038	173	75	80	0	0	217	429
SRR13994250_k141_1523283_1_440049098	328	113	51	0	7	169	114
SRR22105535_k141_456906_1_142546000	36	128	84	0	24	206	293
SRR5306400_k119_248604_3_497312955	362	101	35	0	0	166	277
ERR1713372_k141_233796_1_127055459	230	79	74	0	1	274	352
SRR11674042_k141_322613_1_433582157	386	154	52	0	5	363	331
SRR14932550_k141_640419_1_559143463	418	174	51	0	3	412	125
ERR4678676_k141_145205_1_193305997	22	44	30	0	0	94	129
ERR3281027_k141_342785_1_5629228	27	45	39	0	0	107	147
SRR6986814_k141_48555_1_7156623	217	242	69	0	8	92	186
ERR11181243_k141_388291_4_3491115	125	51	44	0	0	146	411
ERR4678590_k141_1510679_1_27285323	120	58	25	0	0	142	400
SRR14932648_k141_751045_17_720375130	299	64	27	0	0	230	159
SRR13727524_k141_154084_2_120864928	22	111	81	0	10	206	154
SRR6747744_k141_168371_1_93218844	433	150	82	0	14	487	483
SRR18749959_k141_273473_2_91490308	112	45	25	0	4	301	242
SRR12113393_k141_220915_10_55856210	211	50	35	0	1	164	143
ERR9903368_k141_199446_1_493351992	177	55	35	0	9	278	238
ERR4678675_k141_661625_1_192264337	128	80	76	0	1	142	448
SRR17063164_k141_865754_12_88402670	539	272	133	0	78	345	512
ERR599154_k119_235608_3_30493189	59	69	45	0	5	157	70
SRR12404955_k141_1020318_1_149144016	116	97	103	0	37	223	332
ERR4869831_k141_750535_1_160191518	312	151	75	0	0	427	322
SRR25018398_k141_149346_9_626950936	351	170	118	0	4	393	473
ERR4678660_k141_2044957_1_271874534	205	137	80	0	2	406	380
SRR22372569_k141_14356_2_196481108	14	52	24	0	6	106	61
SRR10131203_k141_123294_36_279928405	209	106	38	0	3	352	188
SRR9852209_k141_154439_1_339725525	374	99	59	0	9	293	259
SRR14751605_k141_1810331_1_463253237	209	116	46	0	2	266	405
ERR4678628_k141_1944215_1_33232894	11	64	60	0	7	123	244
SRR19238508_k141_168373_2_128118533	409	234	105	0	11	545	474
SRR6747766_k141_498674_3_115341503	263	112	28	0	34	221	81
ERR2985267_k141_187944_1_5090029	549	180	59	0	16	364	535
ERR5954476_k141_528532_5_241222558	363	133	34	0	6	330	217
SRR12404948_k141_18030_1_44495981	26	62	43	0	6	139	106
SRR12404961_k141_2905833_1_12717748	11	50	27	0	3	87	182
SRR13107660_k141_371469_2_380943431	365	129	70	0	145	340	172
SRR19238502_k141_344159_13_121155510	13	70	52	0	3	129	89
SRR13727526_k141_374692_1_123113012	60	63	66	0	1	216	145
SRR26726064_k141_187317_3_158601964	22	65	41	0	3	111	238
SRR18489177_k141_265964_1_194357826	269	135	56	0	388	448	323
SRR26502675_k141_480353_1_229592328	23	90	84	0	23	183	315
SRR15237808_k141_116566_129_226054103	252	143	68	0	5	491	205
SRR9644740_k141_35799_2_65427766	32	105	66	0	15	139	138
SRR14932529_k141_1307026_1_521086784	139	57	23	0	0	244	320
SRR22372508_k141_86498_5_164740574	24	119	36	0	1	318	89
ERR1713350_k141_933054_2_103380853	170	61	30	0	1	235	378
SRR11783213_k141_644030_1_435916396	381	82	51	0	1	300	470
SRR13727529_k141_444881_3_128278466	186	105	69	0	2	301	337
SRR14560412_k141_559783_1_414218854	169	61	39	0	1	225	104
SRR6747759_k141_34620_1_108260826	170	68	31	0	23	112	94
SRR21802942_k141_628058_3_174760958	10	73	32	0	0	109	79
SRR2090172_k141_96442_12_45363631	446	216	124	0	8	565	483
SRR10132671_k141_338659_2_300338374	332	142	116	0	2	291	356
SRR10761722_k141_2310340_1_121326118	121	58	63	0	0	133	387
ERR1713331_k141_482928_1_83912954	41	99	88	0	24	175	154
SRR2103007_k99_36404_2_16772385	262	272	82	0	34	314	136
SRR22372540_k141_317120_4_213997406	6	51	45	0	6	94	209
ERR9903370_k141_26965_1_273140015	135	137	54	0	2	140	67
ERR11269303_k141_1589935_1_201223859	10	60	60	0	3	118	196
SRR14751607_k141_1278655_1_468163402	65	46	35	0	0	106	412
SRR14751621_k141_1720476_3_519354287	27	50	55	0	13	145	243
ERR2592278_k141_48962_1_54774960	386	155	60	0	1	310	461
SRR22105533_k141_878941_12_140295341	514	112	25	0	1	99	188
SRR2090172_k141_418836_1_45717868	358	162	110	0	6	501	451
ERR4869746_k141_167299_2_93844886	119	109	40	0	2	374	294
SRR14751605_k141_945580_1_464222241	66	82	64	0	18	92	64
SRR13727518_k141_423348_1_117801737	85	56	96	0	2	190	174
SRR14560463_k141_15353_2_443165463	128	108	34	0	5	363	200
ERR1713371_k141_30696_12_126387284	8	68	69	0	5	127	231
SRR14932522_k141_3665187_1_506992069	190	48	43	0	1	164	331
SRR15669521_k141_1021272_11_140930640	23	45	26	0	0	97	140
ERR5954376_k141_584470_3_175588036	138	65	33	0	0	266	224
SRR14751607_k141_1463265_2_470413087	40	55	51	0	4	104	145
SRR14932637_k141_406129_1_698298078	175	64	43	0	0	158	412
ERR4678560_k141_1208990_3_151686193	509	269	162	0	16	604	511
SRR9261023_k141_179827_1_235676149	413	64	52	0	2	129	277
SRR13727517_k141_170488_2_116748379	136	72	48	0	0	196	255
SRR11088434_k141_3405998_2_382846648	220	123	70	0	0	175	334
SRR850211_k119_2099_7_137347116	188	276	73	0	29	221	170
ERR1713365_k141_206491_2_119645710	133	49	37	0	0	125	299
SRR8797411_k141_316581_1_59852045	88	70	95	0	0	183	178
SRR14492200_k141_333038_3_394184901	395	69	28	0	10	272	219
SRR2107210_k141_45566_8_21271531	395	156	55	0	103	382	214
SRR10598217_k119_151480_26_51341944	69	49	48	0	0	85	321
SRR15669521_k141_430656_8_142445891	415	130	99	0	20	339	257
ERR3761221_k141_1364682_4_19888763	253	112	28	0	2	353	69
SRR19238507_k141_361303_29_127273563	8	73	56	0	9	139	74
SRR19238507_k141_317630_111_127320368	21	82	51	0	19	169	186
SRR22372508_k141_137425_1_165061371	9	45	46	0	1	95	70
ERR4678565_k141_601711_3_159252463	180	66	30	0	0	168	129
SRR6747739_k141_438511_1_88145710	367	95	43	0	96	265	238
SRR13639656_k141_283594_4_367248106	303	126	43	0	7	370	73
SRR25018394_k141_432901_1_624583053	411	165	81	0	450	403	256
ERR4678566_k141_925896_1_161348382	339	63	51	0	1	185	269
SRR6797145_k119_144043_19_1796314	17	47	44	0	0	108	92
SRR6797145_k119_109854_7_1952144	20	50	40	0	1	136	130
SRR22372524_k141_160422_3_202589905	203	68	75	0	1	127	426
ERR9973203_k141_836481_1_274790633	193	144	84	0	1	371	270
SRR9852171_k141_1362080_1_263100439	369	148	67	0	1	276	208
SRR11673991_k141_7815_1_423871566	204	97	45	0	2	290	466
SRR8351382_k141_1589421_1_202475884	77	89	67	0	8	174	177
ERR4222569_k141_1714064_1_50325664	122	108	28	0	27	344	265
ERR4869764_k141_221885_4_107052313	135	117	96	0	0	334	218
SRR14932623_k141_133494_1_674013422	110	47	47	0	0	95	403
ERR3858124_k141_58162_7_25837940	310	207	85	0	12	125	306
SRR19786820_k141_60524_1_545493692	84	65	26	0	4	283	294
ERR2592274_k141_288796_1_57651935	7	56	38	0	3	104	206
SRR22105529_k141_555475_1_135994842	247	144	66	0	3	342	362
SRR8648012_k141_112804_4_41623976	8	44	39	0	6	93	179
SRR13225453_k141_271941_1_341828890	142	46	43	0	2	233	97
SRR12404952_k141_17283_41_94899560	142	121	59	0	1	342	285
ERR11269299_k141_444137_5_22795320	79	52	49	0	0	222	85
SRR22752010_k141_522328_2_251590479	139	65	42	0	1	146	446
SRR13107661_k141_496232_1_307715492	40	97	52	0	0	284	180
SRR7453059_k141_233337_1_149245727	255	105	41	0	0	159	120
ERR2338392_k119_332329_1_21473333	175	90	44	0	3	417	239
SRR13225457_k141_50063_4_344616362	61	114	105	0	23	228	350
ERR11269303_k141_934945_1_200751789	33	92	92	0	16	193	295
SRR13107692_k141_30901_2_335213998	1	44	49	0	16	118	100
ERR4869825_k141_747114_3_153905597	33	115	30	0	4	371	128
SRR19786844_k141_400255_2_563494845	113	57	78	0	0	118	423
ERR4678660_k141_1727772_1_270514743	157	106	34	0	15	162	130
SRR14932619_k141_879963_3_666079210	39	58	45	0	3	101	178
SRR15669517_k141_205931_1_136133151	181	64	35	0	4	244	131
ERR1076077_k141_15249_2_1199604	567	381	175	0	47	510	542
SRR14560426_k141_57377_1_421478197	180	53	23	0	1	183	90
SRR14932546_k141_832872_1_553443737	253	86	30	0	1	87	278
SRR19786838_k141_474019_1_560030435	200	121	52	0	24	162	98
ERR11269310_k141_1380131_1_211409017	198	59	59	0	1	118	425
SRR3098764_k141_298488_2_700639	5	62	29	0	0	83	93
SRR14560401_k141_132332_1_409444256	46	51	34	0	1	202	270
SRR15237802_k141_248650_1_222425237	16	61	51	0	8	116	232
SRR22372552_k141_156325_1_189145127	174	98	34	0	2	282	318
SRR19238501_k141_639459_12_120251548	19	91	71	0	8	185	90
ERR4678634_k141_1169320_1_113747299	50	56	25	0	7	269	277
SRR12340499_k141_26730_12_220011351	147	106	106	0	1	208	221
SRR6747771_k141_347138_24_120192532	151	49	23	0	0	127	92
SRR11088394_k141_756603_2_370424219	158	94	43	0	1	346	365
SRR6747745_k141_656332_3_94444553	319	64	28	0	71	250	174
ERR2592329_k141_676871_2_49229526	158	55	23	0	0	203	297
SRR8351385_k141_1640320_14_210387204	357	74	55	0	50	233	429
SRR6797133_k119_152982_87_3047237	239	180	38	0	4	419	59
SRR18331973_k141_8850_2_145374093	117	80	63	0	1	147	441
SRR13608700_k141_701812_2_387337377	68	65	30	0	0	225	276
SRR21427518_k141_305741_13_146636068	72	75	46	0	1	239	99
SRR14751592_k141_943641_1_455349907	22	56	58	0	1	114	135
ERR1726002_k141_44417_2_47101484	79	45	63	0	0	128	403
ERR4678576_k141_149322_1_38549997	278	57	29	0	228	264	196
ERR2592263_k141_246372_1_25417951	132	73	73	0	0	130	426
SRR10132665_k141_406437_1_378698553	182	59	41	0	22	293	167
SRR11674014_k141_7040_1_426808294	251	126	24	0	21	492	199
ERR3761221_k141_1102487_3_20128088	9	83	56	0	3	147	79
SRR6337691_k141_94379_4_505822063	305	86	67	0	1	142	435
SRR19238501_k141_858872_7_119722220	78	127	85	0	51	277	280
SRR19786835_k141_951403_19_557215961	13	58	47	0	4	152	140
ERR4678677_k141_9060_1_194794259	161	133	47	0	46	202	150
SRR11088370_k141_1679783_2_361053709	30	49	53	0	12	150	250
SRR14560436_k141_25533_1_427547124	70	82	51	0	0	175	346
SRR15237808_k141_356993_19_225929542	119	63	26	0	0	235	198
ERR472739_k141_361689_2_63781540	78	50	46	0	0	158	331
SRR10132627_k141_121024_12_286353318	175	68	44	0	0	91	128
ERR4678602_k141_804276_1_66170536	111	50	34	0	0	196	367
SRR8512234_k141_377652_3_62404478	13	62	53	0	6	117	234
SRR6797133_k119_165402_24_2802427	94	50	46	0	0	87	356
ERR2338392_k119_707063_9_21600455	361	102	48	0	0	278	110
SRR21427518_k141_585926_75_146257203	56	80	34	0	5	79	69
ERR11269302_k141_412137_1_198781140	526	61	72	0	16	175	498
SRR21427519_k141_327755_1_147189367	247	159	91	0	9	437	416
SRR13608728_k141_44826_2_362994477	132	97	25	0	2	332	278
SRR11088379_k141_1386295_2_26727273	372	109	71	0	83	304	204
SRR6747747_k141_224210_1_97178933	262	52	31	0	0	137	166
SRR13727535_k141_277309_8_132516807	243	82	39	0	8	111	176
ERR11269306_k141_1263986_2_204923308	335	104	40	0	78	386	61
SRR13608700_k141_1619392_1_386002942	44	79	26	0	4	283	331
SRR6747780_k141_31793_4_128437873	388	181	62	0	58	125	104
SRR14143301_k141_54783_2_72088439	50	99	98	0	17	209	319
ERR4678689_k141_22743_1_180810638	14	50	25	0	5	103	118
SRR2107219_k141_364437_1_25449504	119	47	30	0	0	164	352
SRR18749961_k141_98837_41_93819956	211	185	58	0	4	515	331
SRR10598224_k119_251922_4_66884286	311	86	38	0	21	88	145
ERR4678574_k141_76360_2_25266549	349	89	65	0	2	174	466
SRR18749955_k141_28074_26_108205136	54	89	58	0	15	223	173
SRR10598223_k119_99559_25_66446585	318	121	49	0	8	402	132
ERR4678568_k141_1234540_11_4385797	138	46	24	0	1	175	96
ERR4869710_k141_1126559_1_69239250	234	118	60	0	6	403	401
SRR22372546_k141_279928_163_216820419	22	87	51	0	5	173	69
SRR14751588_k141_473015_3_452726490	211	54	24	0	0	99	109
SRR12396704_k141_275708_1_236879637	150	212	27	0	14	95	107
ERR1713380_k141_602518_3_132935947	20	50	43	0	1	111	158
SRR22752015_k141_1227646_1_261245992	63	83	25	0	0	276	59
ERR11269308_k141_212722_2_207844465	249	128	91	0	1	343	438
SRR26726064_k141_4646_3_158679680	214	59	44	0	4	179	230
SRR5007118_k141_2216745_1_110112789	288	145	97	0	411	350	269
SRR13727538_k141_9738_27_134540902	223	78	26	0	27	180	122
ERR4678683_k141_612583_2_176563244	242	93	77	0	6	260	364
ERR4678653_k141_649630_2_269539583	212	85	47	0	2	212	132
ERR1713381_k141_1295983_1_135070808	144	61	25	0	3	107	350
SRR14932512_k141_628170_1_486971182	391	60	43	0	1	186	283
SRR22105529_k141_678503_221_135099746	159	50	23	0	0	114	100
SRR14560448_k141_178601_1_433997660	381	159	41	0	1	390	83
SRR19786838_k141_333115_21_559708946	6	46	38	0	2	79	190
SRR11088425_k141_2240490_1_378840417	136	53	24	0	0	153	87
SRR15237808_k141_627699_1_225958956	84	46	35	0	1	104	424
ERR1725938_k141_58443_4_171924091	174	54	43	0	2	152	445
ERR4678619_k141_1188399_1_93741373	218	122	36	0	156	404	332
SRR22372508_k141_110236_1_164836750	30	77	24	0	5	79	92
ERR3281040_k141_216843_4_22664612	56	61	28	0	0	146	101
SRR10598216_k119_376527_9_51074868	32	85	56	0	13	142	147
SRR8640623_k141_62499_3_228000238	164	61	48	0	0	125	155
SRR2107210_k141_153240_2_20865640	270	99	39	0	24	150	124
SRR14932575_k141_769011_1_604224506	97	54	66	0	8	126	119
SRR2090169_k141_277545_1_171598003	129	92	49	0	0	250	336
SRR8512239_k141_34872_19_64765050	445	265	89	0	81	318	268
ERR9855093_k141_1013329_4_28659583	143	56	75	0	2	158	395
SRR22372582_k141_407746_57_229902399	69	91	33	0	0	313	325
ERR4678671_k141_1116033_1_275015009	130	87	31	0	1	334	299
SRR11088425_k141_2261321_8_379514942	347	203	49	0	40	311	381
SRR8224501_k141_2224669_1_26196576	341	80	45	0	1	186	238
SRR25018371_k141_951378_1_615665391	127	56	35	0	0	185	254
SRR25018394_k141_227200_1_624373935	29	68	46	0	1	135	71
SRR2107128_k141_125058_2_15122431	355	84	60	0	3	129	91
SRR6747715_k141_241074_1_64816978	531	342	179	0	67	616	456
SRR14751622_k141_500978_1_522522173	431	229	102	0	11	537	456
SRR14932619_k141_913740_1_665854846	366	59	38	0	1	127	365
SRR13727541_k141_180498_108_135676585	20	47	43	0	4	139	221
ERR2592269_k141_204816_2_50573755	377	78	23	0	2	102	419
SRR14751606_k141_1529740_1_467594527	186	83	46	0	0	203	271
SRR14751606_k141_629874_1_467777981	132	66	26	0	1	99	60
SRR14932640_k141_424110_1_702202676	79	109	33	0	15	80	94
SRR10132618_k141_170553_4_280322653	124	44	24	0	1	177	231
SRR13639657_k141_35943_4_367936584	104	135	29	0	0	416	313
ERR1713367_k141_991273_1_121087647	69	46	39	0	0	199	92
SRR14932653_k141_178275_1_730854166	426	187	38	0	0	412	109
ERR2592329_k141_608120_2_50266370	355	52	57	0	1	152	270
DRR198516_k141_85559_1_22506056	358	228	127	0	26	335	290
SRR22752015_k141_999206_1_262567487	145	79	29	0	2	355	278
SRR19238493_k141_128068_6_110986109	18	223	64	0	51	155	101
ERR11181247_k141_164321_2_4727579	32	53	67	0	6	147	230
ERR1726012_k141_294888_2_26432728	200	54	32	0	0	278	356
SRR19786840_k141_630094_4_562158348	7	51	46	0	6	121	207
ERR1725988_k141_92231_1_34619146	194	145	71	0	1	261	329
ERR1726026_k141_30497_1_35017774	162	64	57	0	1	132	444
ERR1414231_k119_510742_1_8138926	312	186	47	0	40	221	141
SRR11088392_k141_733848_1_10082336	121	50	56	0	1	121	385
SRR8224501_k141_750023_8_24373499	17	58	46	0	5	117	276
SRR4754862_k141_172341_1_118518410	277	140	79	0	14	415	158
SRR11088389_k141_246104_2_370299833	45	69	79	0	4	166	266
SRR18749955_k141_348768_1_108439884	107	113	88	0	17	255	200
ERR4678632_k141_1339715_1_108752491	30	49	38	0	6	151	228
SRR9261047_k141_82778_2_248233486	190	55	31	0	74	222	148
ERR9855092_k141_742946_1_54476453	79	50	25	0	0	98	336
ERR4678602_k141_762316_5_66119186	489	258	126	0	18	588	510
SRR18331990_k141_83959_2_174321532	39	74	30	0	0	236	289
SRR18331991_k141_48665_19_174432220	257	50	57	0	1	141	468
ERR4678659_k141_1364447_2_136352664	72	62	51	0	1	126	417
SRR11673976_k141_1772911_2_420600430	260	131	46	0	16	168	175
ERR5954401_k141_543466_1_192695074	28	86	59	0	9	200	156
SRR6747740_k141_504940_1_89524257	332	50	28	0	10	196	180
SRR6797134_k119_176493_1_22215765	145	174	37	0	13	231	100
ERR1725973_k141_55444_1_183685079	191	61	27	0	1	138	472
SRR11088437_k141_1110616_3_113145079	122	64	25	0	0	219	200
SRR14143297_k141_126485_2_71247439	87	158	33	0	4	155	79
ERR4678577_k141_509135_1_39768128	74	56	62	0	1	110	419
ERR3281036_k141_69644_5_10981885	33	44	40	0	131	194	106
SRR1144841_k119_38954_2_620421	86	74	54	0	2	124	435
SRR11536956_k141_1288337_3_70623668	74	61	24	0	1	250	235
SRR6337688_k141_411734_1_503536189	378	170	73	0	2	515	481
ERR3281027_k141_339143_2_5496685	234	49	37	0	0	218	68
SRR13225459_k141_186707_1_345877112	14	50	50	0	2	96	112
ERR4869784_k141_954159_1_117821793	48	83	46	0	1	340	107
ERR4678589_k141_588910_1_20951637	7	49	40	0	2	83	216
SRR14932551_k141_19968_1_561448895	244	54	40	0	4	146	152
SRR22752040_k141_1318557_2_278551566	84	44	43	0	0	98	393
SRR21427519_k141_54681_1_147147986	22	57	59	0	2	127	147
SRR10132624_k141_589368_1_284097507	36	122	37	0	5	412	112
ERR1713363_k141_387458_9_117613700	500	265	140	0	15	568	520
SRR19238512_k141_120314_2_134197284	179	91	36	0	0	228	101
SRR14751603_k141_1414404_1_458702188	124	52	40	0	50	111	67
ERR5954382_k141_1168604_3_180347339	283	127	60	0	3	391	197
ERR3281027_k141_773772_1_5457980	354	145	61	0	108	325	360
ERR9903362_k141_329395_1_248863272	219	118	114	0	1	255	178
SRR13107680_k141_804931_1_322748782	185	64	25	0	3	114	299
SRR13225453_k141_149338_2_341170590	189	79	85	0	2	182	469
SRR22752015_k141_201330_1_262985363	26	46	33	0	0	95	156
SRR13608705_k141_381568_3_352487330	103	161	38	0	12	108	130
SRR6797130_k119_3821_1_6804084	40	54	25	0	0	134	72
SRR11088437_k141_1068598_1_116962903	289	153	72	0	6	476	390
ERR4678577_k141_1536749_2_40246708	115	70	58	0	1	128	436
SRR14751604_k141_1072613_2_461437817	98	64	69	0	1	200	417
SRR14932531_k141_580020_2_525688117	273	142	53	0	1	208	122
SRR11088427_k141_610875_2_33217528	73	54	30	0	14	295	278
SRR10132616_k141_137220_2_376475311	13	88	54	0	7	188	110
ERR1725994_k141_283965_4_82010767	72	45	50	0	0	89	347
ERR4678672_k141_657077_3_188880534	198	87	49	0	0	263	278
SRR10132623_k141_99364_1_283175991	74	51	41	0	0	97	311
SRR14751588_k141_188891_2_451640199	24	58	45	0	1	117	151
SRR3098779_k141_197155_3_52465114	364	45	55	0	0	147	228
ERR1713357_k141_107826_1_112507187	5	48	38	0	4	81	168
SRR18331983_k141_96777_1_179641356	38	51	54	0	1	103	396
SRR12113418_k141_383890_7_104195719	220	76	44	0	4	126	246
SRR12404963_k141_222849_1_79059829	210	48	38	0	0	235	131
ERR4678625_k141_917864_11_102213294	12	61	54	0	2	119	266
SRR14932522_k141_661468_50_509343359	359	129	40	0	262	453	180
SRR8512239_k141_88412_1_65023075	167	83	27	0	5	200	99
SRR13225453_k141_793667_1_340817049	134	134	37	0	10	282	97
SRR9852185_k141_997164_3_293355544	349	69	24	0	27	129	182
SRR19238510_k141_361614_1_130989519	252	155	95	0	37	524	419
SRR14751624_k141_575462_5_524167545	358	132	79	0	2	412	218
SRR10132626_k141_361031_1_377611659	249	76	55	0	1	158	464
SRR14751602_k141_1344851_1_457418838	265	89	63	0	1	242	437
ERR4678689_k141_358379_1_180951463	145	89	28	0	0	291	204
SRR10132666_k141_133784_1_297060153	135	82	39	0	0	260	111
SRR14932627_k141_1226114_2_678437246	141	49	57	0	0	202	98
SRR20309469_k141_1547708_4_178032643	12	49	79	0	2	206	459
SRR13225453_k141_260025_1_341426156	82	99	95	0	1	350	157
SRR14932619_k141_819092_1_665507816	107	90	36	0	0	282	261
ERR3281038_k141_234350_4_12081892	130	51	23	0	0	283	223
SRR14751607_k141_1766172_6_469970282	51	107	97	0	16	211	306
SRR13727527_k141_904027_33_123450984	301	96	87	0	2	119	329
SRR19786842_k141_327321_1_563194658	57	55	32	0	15	292	59
ERR1713352_k141_970775_1_106207717	17	65	68	0	7	155	287
ERR4678587_k141_351302_11_18632841	102	89	26	0	8	296	87
SRR6986814_k141_160791_1_7374582	62	254	50	0	13	133	97
SRR5306402_k119_18478_2_497878361	53	81	30	0	1	307	274
ERR4678605_k141_25216_3_70341434	108	52	72	0	0	105	397
ERR4678689_k141_181518_2_180619974	97	64	59	0	1	141	440
SRR6747790_k141_139726_1_147651676	125	62	25	0	0	137	61
SRR9261017_k141_288693_2_232799134	253	97	31	0	4	332	270
SRR13225459_k141_390098_1_345934339	30	55	52	0	1	146	174
SRR13013686_k141_503139_3_302223332	178	157	49	0	29	480	156
SRR22372588_k141_417465_1_187218747	229	102	44	0	5	324	226
SRR1702225_k141_130677_2_12802203	98	52	34	0	0	129	108
ERR9973204_k141_155318_3_278092719	86	137	28	0	0	398	80
SRR8208344_k141_1460988_5_31541581	32	56	32	0	0	96	276
ERR4678596_k141_810366_2_60982028	215	110	56	0	6	445	399
ERR4869821_k141_1329224_12_147019908	48	68	26	0	4	280	239
SRR13107661_k141_2840_1_307629630	361	106	66	0	16	340	476
SRR13727528_k141_10057_47_126675779	137	55	49	0	0	168	114
SRR13225459_k141_403682_2_345778772	39	54	45	0	4	139	173
SRR14560448_k141_363675_2_433883681	502	212	142	0	10	538	487
SRR11088394_k141_923204_1_371232489	107	72	31	0	3	306	253
SRR14560432_k141_627382_3_424386101	212	88	45	0	3	356	357
SRR15085115_k141_563923_23_49871133	23	47	51	0	2	132	146
SRR22372595_k141_55735_4_210801272	223	190	25	0	10	242	98
SRR1702234_k141_73064_3_13478932	200	83	37	0	1	301	255
SRR14932659_k141_521824_1_743976939	279	65	34	0	2	101	309
ERR3281036_k141_216994_3_11049830	267	161	35	0	17	143	184
SRR19786843_k141_192486_8_583588749	161	106	34	0	31	371	299
SRR6747745_k141_97986_1_94175685	261	103	46	0	1	350	291
ERR1076082_k141_405783_2_2021190	200	62	50	0	0	233	129
SRR8351384_k141_879141_39_206806788	86	113	58	0	0	152	63
SRR14932642_k141_559435_1_708089660	137	74	30	0	4	348	387
ERR5954449_k141_83597_10_223626557	136	81	31	0	111	342	268
SRR13608732_k141_893872_1_388841017	107	45	28	0	0	99	95
SRR3727511_k119_335288_1_6027287	254	77	31	0	419	318	163
ERR2592249_k141_505959_2_40532630	136	61	36	0	2	284	328
SRR6747783_k141_310224_1_135981592	395	73	47	0	3	286	242
SRR8351385_k141_884767_3_207973401	178	121	30	0	5	194	75
ERR4678648_k141_1421835_2_121312780	130	66	36	0	1	174	356
SRR14751605_k141_295263_1_463557678	31	50	66	0	12	133	123
SRR13727538_k141_138517_15_134318441	111	50	69	0	0	119	390
ERR9903364_k141_49653_2_250180583	5	112	50	0	4	316	60
SRR13608737_k141_2094280_2_364950792	24	75	61	0	6	123	66
SRR19786839_k141_287387_1_560696050	176	70	61	0	1	168	437
SRR9852193_k141_122535_2_166544631	445	194	49	0	17	91	359
SRR9852192_k141_1717587_1_302138196	215	79	26	0	0	171	142
ERR4678626_k141_1640867_3_104884947	80	44	46	0	0	94	408
SRR6986819_k119_48415_11_32371228	17	84	74	0	17	154	272
SRR22372524_k141_446703_1_202236099	87	56	45	0	1	106	413
SRR26726064_k141_247292_3_158686280	14	65	58	0	6	129	239
SRR26726064_k141_106778_3_158806451	146	56	40	0	1	267	332
SRR11088370_k141_1554247_1_360445125	8	45	52	0	3	94	88
SRR22752010_k141_1134273_1_251641468	295	144	53	0	0	428	436
SRR18749959_k141_145324_1_91784487	179	182	69	0	35	252	111
SRR19786825_k141_72202_1_549057177	136	61	54	0	1	123	410
SRR19786835_k141_107285_2_557646167	63	46	32	0	1	115	413
SRR24226010_k141_44463_2_190078459	138	223	27	0	2	148	77
ERR4678602_k141_928394_1_66340581	8	45	47	0	14	144	150
SRR13727532_k141_120939_1_129892409	30	50	93	0	0	143	84
SRR6747733_k141_573754_1_83040704	254	53	40	0	1	97	159
SRR20309467_k141_417399_44_175403201	104	52	44	0	0	128	408
SRR14560470_k141_277455_1_446956839	375	143	58	0	364	369	226
SRR19786840_k141_364855_3_561563926	5	48	41	0	1	86	205
SRR19786840_k141_460732_2_562004607	4	45	34	0	2	80	135
ERR1725970_k141_117298_1_182602437	123	45	34	0	1	139	434
SRR12332666_k141_298847_23_218416260	250	97	30	0	5	323	123
SRR22372540_k141_206677_8_213695197	405	271	81	0	22	383	180
SRR14751622_k141_440065_3_520867730	128	83	33	0	3	353	165
ERR1713407_k141_1230879_1_167038416	330	231	33	0	6	93	218
ERR4678592_k141_238165_1_56204910	37	45	40	0	0	105	177
SRR14932548_k141_636136_1_558530531	165	71	51	0	7	165	77
SRR10132666_k141_156847_3_296872005	77	52	32	0	0	139	116
ERR1713345_k141_927928_1_97370908	39	67	73	0	12	171	250
SRR6747772_k141_232321_2_122236542	275	52	35	0	38	118	185
SRR14751602_k141_1392346_2_455779390	387	81	74	0	1	210	515
SRR14751602_k141_1945082_1_456411593	195	125	26	0	132	373	298
SRR21802946_k141_630992_1_602508077	85	49	51	0	1	156	61
SRR22752045_k141_1227275_3_290668140	43	65	37	0	0	211	196
SRR11088478_k141_1091759_2_44064839	313	48	32	0	1	136	197
SRR8512238_k141_437446_28_64228349	107	101	35	0	0	108	65
SRR18331970_k141_42124_1_144637822	13	61	55	0	4	140	270
SRR12113407_k141_2783136_1_76385268	519	267	161	0	169	410	252
SRR2107216_k141_397930_13_24208317	270	180	46	0	17	237	201
SRR2107216_k141_397930_13_24208317	63	89	27	0	13	131	76
SRR22105531_k141_597246_22_137881765	166	60	27	0	0	94	82
ERR3281031_k141_188593_2_8819266	256	225	35	0	11	293	125
SRR6261450_k119_96479_5_50120618	153	199	38	0	15	117	238
SRR26726063_k141_32489_6_158443250	106	51	26	0	0	116	77
SRR8512251_k141_143681_1_70009997	133	89	28	0	2	314	195
SRR12404962_k141_1226427_1_18948831	175	126	36	0	25	147	102
ERR4869822_k141_1116243_18_150173908	107	86	28	0	3	346	395
ERR4869764_k141_820610_2_105687459	133	76	68	0	0	165	446
SRR10598219_k119_294811_4_52045070	184	70	23	0	1	247	96
SRR6797130_k119_32451_11_6948515	119	87	31	0	0	114	67
ERR4678600_k141_168395_1_63664453	89	51	54	0	1	122	434
SRR25018389_k141_426608_1_620494627	207	57	53	0	0	236	179
SRR9852188_k141_1388329_2_161096673	88	48	34	0	0	117	97
ERR3281030_k141_63348_1_8631125	203	119	36	0	12	88	151
SRR13608737_k141_893952_1_366635617	133	80	30	0	1	308	347
SRR21802939_k141_725569_3_172641287	107	157	47	0	20	139	169
ERR1713355_k141_262050_1_110435449	123	54	29	0	1	262	303
SRR14932484_k141_631317_3_452628061	341	83	24	0	1	137	63
ERR4869825_k141_1401222_2_153888783	193	139	50	0	59	433	329
SRR10388053_k141_78569_2_5905123	86	78	33	0	0	256	114
SRR22372506_k141_202913_1_159294886	291	90	26	0	0	205	72
SRR14751620_k141_555033_1_517322219	71	158	57	0	3	473	129
SRR14751620_k141_752787_1_517593495	403	95	78	0	30	301	334
SRR10132630_k141_315839_1_289055394	149	71	76	0	1	180	375
SRR22372509_k141_127739_2_179346034	121	204	56	0	17	82	86
ERR1713345_k141_386192_1_97735657	231	92	26	0	6	272	390
SRR10761721_k141_981756_5_73113721	296	169	45	0	1	477	438
ERR4678568_k141_645697_8_3796745	40	83	79	0	9	185	297
SRR9261042_k141_384996_2_245845882	198	131	48	0	207	423	320
SRR15085121_k141_149823_1_53753972	23	249	28	0	9	102	71
SRR21203043_k141_7551_15_178412872	158	66	23	0	6	124	62
SRR12404963_k141_1585964_2_78675200	212	216	27	0	9	284	108
ERR2592275_k141_347730_1_75492256	127	56	26	0	1	259	407
SRR6797142_k119_28525_5_21495170	319	161	24	0	0	342	78
SRR14751604_k141_1986447_2_460894003	191	64	49	0	1	162	463
ERR1713392_k141_1027757_5_149014279	92	71	48	0	1	224	199
ERR4678694_k141_577252_1_187449508	102	52	52	0	1	120	442
ERR4678694_k141_380914_1_187644670	16	67	55	0	4	94	178
SRR3501862_k141_362024_1_46327371	217	163	24	0	4	219	79
SRR7912025_k141_155949_33_59087485	47	87	31	0	0	250	224
ERR2592279_k141_226790_1_81497407	210	74	30	0	2	147	139
ERR4678566_k141_796281_1_161588662	193	90	44	0	1	183	183
SRR11088483_k141_470328_16_406510040	533	218	112	0	19	397	446
SRR13608700_k141_780897_1_386416897	354	183	65	0	4	474	411
SRR6797130_k119_25581_60_6949134	187	97	39	0	2	324	321
SRR12223858_k141_277556_1_79993069	69	102	29	0	6	81	155
SRR9261032_k141_210277_2_240427876	251	61	32	0	7	222	64
SRR10132663_k141_27506_1_295457415	254	65	46	0	1	232	136
SRR22752025_k141_1273043_1_264331397	22	82	59	0	5	172	82
SRR12480031_k141_159116_2_109693773	208	99	33	0	716	331	241
ERR4678620_k141_1383457_1_32426847	16	49	41	0	3	110	232
SRR8831205_k141_167017_1_216959715	267	46	34	0	0	82	80
SRR22372578_k141_280111_1_228446268	10	51	44	0	3	94	200
SRR14751624_k141_713837_1_523115415	73	46	30	0	1	110	60
ERR4678593_k141_406628_1_57115820	92	152	40	0	20	156	155
SRR6986814_k141_60057_1_7288918	179	90	23	0	6	225	105
SRR10388108_k141_51061_1_831571	149	69	48	0	3	192	282
ERR3281038_k141_55162_1_11425374	133	240	54	0	23	90	65
ERR1713411_k141_553071_1_170862959	373	118	59	0	3	346	397
SRR15237817_k141_323040_1_248227694	277	144	87	0	2	377	457
SRR22105538_k141_241759_1_147086269	42	77	45	0	0	263	97
ERR4869826_k141_1062143_1_155933481	206	102	61	0	4	297	89
SRR9261048_k141_288438_2_248846812	123	56	37	0	0	189	74
SRR9852199_k141_1309673_1_320567516	425	137	75	0	1	224	293
SRR2107219_k141_307583_1_25407989	58	54	24	0	0	163	301
SRR19238499_k141_379552_1_118399200	166	91	36	0	0	256	155
SRR21203043_k141_20389_3_178420502	103	96	35	0	18	110	133
ERR4678660_k141_1370578_1_270700627	170	117	82	0	1	272	441
ERR4869837_k141_766909_2_258329015	205	152	28	0	11	306	118
ERR4678651_k141_604284_3_127556901	50	103	97	0	19	194	314
ERR4678578_k141_614599_2_41923281	291	58	43	0	4	121	435
SRR14751624_k141_99098_3_524008603	194	99	34	0	79	193	95
ERR2592250_k141_709783_1_72507256	394	111	51	0	3	103	386
ERR4678576_k141_2067322_1_37394174	143	56	27	0	2	286	216
ERR3281041_k141_88021_2_12928843	89	124	38	0	19	100	162
SRR13727526_k141_103603_1_122957678	108	59	54	0	0	79	167
ERR5954386_k141_138894_28_183779491	144	60	37	0	3	358	335
SRR22372566_k141_160112_1_194980632	66	71	41	0	0	199	156
SRR1790487_k141_551786_2_3702026	164	60	37	0	4	191	237
SRR9852183_k141_133461_2_289807785	373	68	29	0	0	88	301
SRR12404961_k141_2061673_1_12018947	344	114	35	0	0	131	159
SRR14751607_k141_366174_2_469348329	275	51	38	0	18	115	361
SRR14751607_k141_263560_1_469422557	20	49	39	0	0	94	112
SRR10132659_k141_387875_1_291415323	71	109	24	0	0	192	257
SRR22105539_k141_358515_1_148206761	283	80	47	0	3	150	389
ERR4678638_k141_1074454_1_139588750	14	45	49	0	1	119	248
SRR7369924_k141_866411_2_25754813	17	76	48	0	1	140	59
SRR1702233_k141_108201_1_13247975	507	252	156	0	16	547	510
SRR19786833_k141_721655_4_555470590	9	51	34	0	5	93	176
SRR6797151_k119_54603_1_20544519	183	211	23	0	3	211	83
SRR15669520_k141_6530_1_139773703	330	260	59	0	17	226	333
SRR8517159_k141_954805_6_58169525	314	53	39	0	0	163	170
SRR19238500_k141_132626_1_119233284	31	108	73	0	12	202	117
SRR8797414_k141_8022_1_63019073	28	88	70	0	10	218	153
ERR4678693_k141_505333_2_187002007	284	89	47	0	6	338	385
SRR14932630_k141_980547_1_684418964	150	143	32	0	6	117	71
ERR3281030_k141_309105_26_8424853	290	131	65	0	8	329	224
SRR13107670_k141_618403_1_315841957	86	49	24	0	3	297	356
SRR18749954_k141_136204_3_106999947	19	79	58	0	4	134	66
SRR22105544_k141_2113761_29_154287413	205	79	29	0	0	139	203
SRR10598218_k119_91795_2_51873188	16	78	62	0	4	159	92
SRR12964612_k141_73185_6_113154106	496	208	127	0	14	541	505
SRR14932648_k141_895010_1_719617339	415	163	34	0	9	137	78
SRR13706189_k141_306991_6_242212399	352	104	61	0	18	298	240
SRR14932637_k141_525818_1_698828259	214	161	25	0	3	122	419
SRR8831201_k141_2203509_3_213980760	259	138	40	0	1	297	335
SRR21427516_k141_75087_1_48232563	381	300	91	0	97	424	219
ERR12084966_k141_38725_1_42834941	165	78	36	0	0	197	232
ERR4869825_k141_531487_3_153235743	147	72	30	0	10	384	298
ERR4678628_k141_793706_1_32910403	87	52	67	0	1	119	437
SRR14751629_k141_535415_1_524919669	301	193	60	0	6	491	393
ERR1725947_k141_150954_3_175106069	180	90	80	0	1	212	460
ERR4678660_k141_853832_1_271617234	57	44	30	0	2	274	280
ERR1713335_k141_704974_1_87716938	60	48	51	0	0	80	321
ERR2592250_k141_541284_1_72607663	17	56	50	0	5	116	254
ERR4678642_k141_1089638_1_145451061	264	144	73	0	6	468	436
SRR9852172_k141_238781_4_266769543	265	146	28	0	3	93	147
SRR21694252_k141_1910661_1_573117150	184	219	52	0	10	160	111
ERR1713385_k141_614969_1_140046469	112	126	110	0	136	284	408
SRR13727527_k141_1289483_1_125644682	91	75	59	0	0	194	76
ERR3761241_k141_934_5_121510430	71	139	25	0	1	420	377
ERR1725947_k141_263427_1_175005051	122	48	62	0	0	113	421
ERR1713408_k141_133192_2_168073702	184	86	67	0	1	187	460
ERR1713408_k141_59848_1_168485086	107	58	68	0	2	130	424
SRR11088471_k141_441279_1_398132057	55	54	25	0	0	92	91
SRR14932624_k141_321827_1_674489378	65	44	43	0	0	84	346
ERR2592246_k141_591793_2_31257362	124	79	77	0	1	148	459
ERR4869818_k141_1008851_2_142825701	98	76	29	0	0	248	235
SRR9852193_k141_700557_8_165962016	115	77	89	0	8	120	151
SRR21802942_k141_191005_9_173969422	345	89	65	0	2	194	384
SRR18331972_k141_55795_2_145086947	322	203	129	0	5	396	497
SRR18331973_k141_111984_1_145413576	89	86	42	0	0	200	130
SRR26502675_k141_739587_2_229523116	145	74	89	0	32	200	297
SRR2308827_k119_252419_2_26058956	433	94	31	0	0	229	114
SRR22752015_k141_1446524_1_261774456	158	66	64	0	1	162	411
ERR2105754_k141_703912_2_4376217	314	167	69	0	10	485	421
SRR22752040_k141_1081135_2_279758326	174	51	26	0	1	148	343
SRR11088476_k141_217262_4_56765034	86	70	38	0	11	339	336
SRR12113411_k141_1095752_3_87230325	382	237	72	0	10	195	105
SRR13225455_k141_102069_7_342875763	61	120	44	0	4	381	276
ERR4678572_k141_1022628_1_11318657	119	46	32	0	0	110	281
SRR9261007_k141_57607_3_228178500	538	106	53	0	1	242	332
SRR13122108_k141_65758_1_183467586	282	193	59	0	611	291	130
ERR4678638_k141_616658_1_140422078	42	114	97	0	16	198	322
SRR11088427_k141_420859_1_32814417	77	77	53	0	0	89	341
ERR11269299_k141_407365_2_23264202	5	54	38	0	4	104	249
ERR1725986_k141_125827_1_74276241	174	100	71	0	2	217	472
SRR15669522_k141_1044399_70_143978535	65	44	38	0	0	128	319
SRR20309467_k141_201925_2_175532758	184	83	72	0	0	267	120
ERR4869708_k141_115751_17_66157261	15	71	24	0	1	227	160
SRR11674010_k141_418240_1_135434027	150	48	32	0	0	228	103
SRR14932627_k141_891923_1_678274230	135	46	27	0	1	201	316
SRR15237817_k141_82056_3_248091260	159	84	73	0	1	253	430
SRR7369920_k141_420712_1_18470594	15	60	46	0	1	84	70
SRR6797127_k119_10673_1_1014507	305	78	31	0	274	193	96
SRR9261027_k141_146519_3_237797396	285	129	65	0	1	324	231
ERR11269308_k141_503264_3_207386291	158	67	27	0	0	196	400
SRR11088487_k141_145283_1_37635694	8	54	59	0	10	127	104
ERR12084948_k141_1161625_3_13536061	77	49	29	0	11	295	278
ERR11269303_k141_180057_18_201063736	88	65	49	0	7	156	302
SRR22752039_k141_179860_8_267415785	193	96	46	0	2	289	390
SRR6797138_k119_121550_29_24615566	425	262	58	0	15	110	308
SRR25018370_k141_430933_2_615051005	57	48	31	0	0	130	111
SRR21203052_k141_38255_3_165725334	252	208	54	0	13	249	152
SRR21203052_k141_55193_122_165767017	550	182	104	0	28	202	502
SRR13107691_k141_861689_1_333798397	132	130	48	0	4	397	147
SRR14932623_k141_872742_1_674264339	104	74	36	0	3	229	168
SRR13727524_k141_154287_1_120872928	129	100	55	0	61	158	124
SRR10131203_k141_153616_2_279852365	69	53	29	0	1	229	115
ERR4678628_k141_2050477_1_33825177	198	78	57	0	7	164	281
SRR5976595_k141_802207_2_14764177	139	73	23	0	263	94	89
SRR9852193_k141_440276_2_165573356	292	84	46	0	11	199	275
SRR21694250_k141_2423762_2_586502061	208	114	44	0	61	222	133
SRR10131203_k141_103004_2_279950269	57	76	43	0	3	332	90
SRR22372524_k141_276805_1_201957240	58	53	56	0	0	79	311
ERR4678689_k141_493490_1_181031828	246	94	46	0	5	365	326
SRR10132660_k141_610352_2_292758889	328	180	114	0	7	508	470
SRR14932621_k141_513375_1_669728794	196	80	30	0	0	250	227
SRR21705949_k141_244286_1_151086958	31	76	81	0	12	153	263
SRR25018387_k141_18309_2_619506684	213	72	53	0	2	249	314
ERR4678570_k141_1282055_2_7379106	340	221	125	0	3	482	498
SRR9852195_k141_346568_3_309421743	480	60	57	0	2	87	372
SRR22372548_k141_110099_130_218187419	4	48	35	0	3	82	152
ERR4678579_k141_561398_5_44423832	112	56	25	0	3	275	258
SRR13727538_k141_248884_1_135101947	85	52	91	0	2	204	131
SRR6337693_k141_307276_1_596391350	155	62	23	0	0	264	116
SRR22752045_k141_270196_1_289289391	129	62	94	0	0	179	437
SRR10132663_k141_396797_1_295399303	25	64	42	0	2	276	239
SRR19786840_k141_474428_1_561568079	18	50	37	0	2	99	220
SRR7369911_k141_724139_10_41587890	40	66	74	0	0	108	63
ERR4869799_k141_491791_9_125281537	130	105	26	0	9	372	298
ERR4869741_k141_1159212_9_89658876	346	173	37	0	3	413	91
SRR9852209_k141_890620_1_339817891	366	62	57	0	0	206	272
SRR13171207_k141_412086_1_44123211	104	56	39	0	3	196	253
ERR1725947_k141_170404_2_175619729	100	48	31	0	0	112	406
ERR1713367_k141_1851270_1_122965735	235	167	28	0	7	254	122
SRR13107666_k141_240894_16_313269152	47	62	84	0	28	189	274
ERR1713368_k141_268392_2_188668027	125	55	33	0	0	152	379
SRR14932678_k141_867002_1_777899494	200	77	49	0	1	287	356
SRR26726068_k141_7715_15_161031984	279	76	44	0	67	291	180
SRR14932589_k141_521844_8_628113114	399	108	32	0	0	97	93
SRR19238506_k141_644375_1_126107047	178	114	49	0	45	178	123
ERR2592248_k141_321539_2_65432220	131	54	38	0	1	170	407
SRR19238499_k141_393480_6_118016502	443	208	45	0	19	137	239
SRR11088437_k141_2967911_1_114811304	52	64	50	0	1	222	82
SRR22372551_k141_89051_644_188475356	39	79	77	0	6	177	244
SRR8351382_k141_354268_1_201690723	272	135	48	0	3	117	87
SRR6986819_k119_151064_2_32290583	310	178	75	0	4	520	464
SRR7369910_k141_816242_1_40203149	177	101	56	0	0	229	123
ERR11181246_k141_47160_3_4583675	79	70	74	0	1	212	189
SRR12404961_k141_704969_29_10839376	125	47	36	0	125	190	72
ERR4678604_k141_280315_2_68813957	20	60	61	0	6	142	260
SRR13171207_k141_481185_2_43912273	29	59	41	0	8	111	190
SRR22372550_k141_67525_1_188116075	91	114	55	0	3	134	65
ERR3281033_k141_406571_2_22330546	211	175	40	0	12	208	110
SRR6986826_k141_328702_2_34822159	178	105	91	0	2	215	175
SRR19238509_k141_779215_1_130082641	192	86	37	0	1	233	139
SRR14560400_k141_440442_1_407627458	120	49	26	0	3	185	64
ERR1414231_k119_135305_3_7869444	477	160	51	0	3	123	394
SRR15669522_k141_307508_4_144025211	517	253	136	0	22	583	467
SRR6337697_k141_126574_1_509231388	452	207	49	0	39	484	166
SRR9852171_k141_228481_11_263157795	437	229	107	0	4	551	465
ERR1713396_k141_965766_1_154987545	47	59	66	0	16	156	230
SRR13727524_k141_23900_1_121155018	6	52	35	0	4	90	181
SRR26502675_k141_1041608_8_228735464	12	56	56	0	21	170	152
SRR13608732_k141_746895_1_388580458	65	46	51	0	0	87	294
ERR1713359_k141_96453_1_187677582	32	58	53	0	4	133	245
ERR1713388_k141_317974_2_143818431	77	85	51	0	1	228	415
SRR14554391_k141_346693_1_395345096	92	47	25	0	0	196	199
ERR1713349_k141_1599397_14_101404903	158	51	48	0	1	217	273
SRR6439736_k141_352623_5_2582342	481	234	133	0	11	551	510
SRR8745617_k141_89846_4_13555	176	237	37	0	11	198	86
SRR14932620_k141_1121640_4_668707139	509	281	120	0	25	278	528
SRR3727507_k141_783993_22_2811818	215	59	32	0	287	240	158
SRR4833084_k141_220171_2_31620110	361	182	88	0	2	444	464
ERR11269296_k141_294954_2_52278019	522	288	178	0	404	581	504
SRR14554393_k141_186604_1_396021867	167	90	32	0	2	317	254
SRR3098776_k141_410010_1_52830718	184	172	47	0	23	185	163
SRR11088436_k141_1320572_1_110439720	63	45	33	0	5	92	65
SRR10132618_k141_525103_1_280401220	195	214	43	0	3	82	161
ERR3281030_k141_383712_2_8675629	132	78	35	0	8	340	324
ERR1713367_k141_746928_1_121725160	253	83	89	0	3	159	479
SRR22372517_k141_79333_2_182577769	418	102	60	0	6	201	524
SRR18749947_k141_886849_4_99436304	69	101	73	0	18	233	198
SRR10132623_k141_84574_1_282690645	118	54	58	0	1	120	450
SRR14932597_k141_390101_1_643249739	132	52	24	0	2	97	93
SRR13727528_k141_370163_57_126773452	74	49	52	0	0	196	226
SRR3501850_k141_207651_1_27523426	279	99	49	0	4	333	454
SRR18749953_k141_230843_41_105950835	13	79	54	0	12	146	125
SRR21427515_k141_148060_15_47380998	10	57	69	0	15	123	85
ERR11269305_k141_1211967_1_202619655	246	132	68	0	1	402	426
SRR6747769_k141_510244_2_118730688	112	98	37	0	1	272	414
ERR4869824_k141_560092_1_257814367	69	106	69	0	1	420	103
SRR13727532_k141_91226_2_129806235	38	78	78	0	22	170	231
SRR19786843_k141_130429_2_583546167	46	69	29	0	3	282	284
SRR18331983_k141_78710_1_179588448	74	78	75	0	1	203	123
SRR3098759_k141_201872_1_81902730	106	61	54	0	37	223	455
SRR11548472_k141_111511_1_67808534	11	47	49	0	14	134	186
SRR6747806_k141_550790_1_181874243	285	155	58	0	347	327	208
SRR13171207_k141_171736_1_44282935	408	66	25	0	0	136	100
ERR1713372_k141_123870_3_127250725	29	64	66	0	7	144	239
SRR12404949_k141_640069_4_127685123	111	62	27	0	18	132	155
ERR5954477_k141_393836_1_242422227	73	50	25	0	11	225	74
SRR19238495_k141_917433_1_113519286	224	180	62	0	5	423	72
SRR22372573_k141_100809_1_226736738	68	50	39	0	1	112	411
SRR8208343_k141_660399_1_4178925	235	128	38	0	3	399	372
SRR14932630_k141_1743260_2_685165634	269	88	31	0	15	242	72
SRR11088394_k141_913155_2_370959629	112	54	68	0	0	130	423
SRR13608725_k141_1650593_4_360372368	122	144	52	0	11	122	81
ERR2592259_k141_660169_1_45380102	199	57	30	0	3	343	408
SRR11088384_k141_376640_3_33900677	23	77	59	0	3	127	164
ERR1713386_k141_612350_3_141436972	7	48	35	0	2	90	214
SRR6747728_k141_188067_1_79250081	124	68	33	0	0	229	78
SRR14932617_k141_691290_1_664449611	194	70	40	0	4	288	157
SRR13994250_k141_2913375_1_442774716	260	56	25	0	2	128	74
SRR14932620_k141_802135_1_666911541	205	69	29	0	1	214	145
ERR3281025_k141_205717_5_4953713	316	61	56	0	29	208	212
SRR25018398_k141_75787_1_626756558	123	84	64	0	2	227	198
ERR1725938_k141_464446_1_171794493	7	50	38	0	3	79	205
SRR8351385_k141_1027562_1_209648650	362	124	44	0	0	147	182
SRR14932627_k141_89399_5_678929951	53	57	52	0	0	102	294
SRR12404956_k141_1953131_1_152858460	297	217	60	0	28	340	173
SRR14751621_k141_434453_4_519915404	224	46	47	0	0	128	174
SRR19238511_k141_320823_6_132564316	244	56	29	0	0	131	232
SRR22105532_k141_692957_2_138947271	135	157	29	0	5	299	89
SRR12479978_k141_29148_4_95099298	260	88	40	0	312	295	142
SRR22752014_k141_1378013_1_259732846	25	45	29	0	2	97	119
SRR2107183_k141_293006_8_19918448	187	64	28	0	15	162	107
SRR14751605_k141_1931946_1_464216231	152	129	30	0	3	422	307
ERR4678563_k141_392411_1_155247550	173	78	68	0	1	165	475
SRR12404949_k141_1688452_2_125938002	81	47	40	0	1	109	422
SRR2107210_k141_24978_8_21092884	310	203	81	0	2	490	403
SRR6986819_k119_64555_1_32409125	6	51	53	0	12	144	138
SRR10132668_k141_11647_1_297702367	61	77	44	0	1	172	62
ERR2592255_k141_50111_2_48114538	414	212	126	0	18	511	437
ERR11269306_k141_214829_3_204941813	137	98	35	0	3	376	270
SRR8797413_k141_443487_10_61339126	184	60	43	0	0	306	214
ERR5954436_k141_458507_3_216727522	114	69	26	0	3	315	202
SRR13225453_k141_326044_39_341291440	166	119	26	0	2	378	330
ERR2105750_k141_810426_1_16763992	234	74	40	0	2	175	157
SRR12404963_k141_703114_1_79672058	10	55	42	0	6	95	196
ERR1713376_k141_379247_2_130697029	13	61	43	0	8	122	254
SRR8648012_k141_295633_2_41707225	167	68	78	0	1	138	452
SRR21802942_k141_573692_2_174927046	180	179	36	0	21	253	118
SRR14751619_k141_814002_1_514075719	44	102	96	0	22	191	315
SRR12404959_k141_1595557_2_138995492	41	83	32	0	0	338	167
SRR22752015_k141_272140_40_260928654	132	80	32	0	0	225	272
SRR14751609_k141_496212_1_489811681	395	139	77	0	3	443	391
ERR11269310_k141_24047_1_210181307	175	47	52	0	1	151	358
SRR19238494_k141_775603_2_112093398	95	134	27	0	13	282	66
SRR12964614_k141_1006456_4_115839698	55	46	45	0	0	85	305
SRR14560400_k141_833335_1_407809617	4	53	49	0	13	124	78
SRR2107215_k141_263294_4_23347077	245	77	38	0	4	122	92
SRR2107215_k141_227142_5_23458544	110	52	52	0	0	139	429
SRR22372524_k141_305925_44_202146985	49	51	26	0	0	146	63
SRR18749962_k141_143765_1_94900547	26	187	59	0	48	136	96
SRR6797131_k119_68562_10_14220246	30	75	77	0	9	158	202
SRR22184775_k141_740158_2_591465179	116	111	36	0	15	119	92
SRR6747761_k141_132914_1_110174335	200	53	34	0	470	147	151
SRR19786841_k141_90951_9_562219011	13	70	58	0	13	165	174
ERR4678580_k141_1709712_1_46700123	12	51	42	0	1	95	160
SRR19238502_k141_442785_34_121446364	13	67	55	0	19	176	181
SRR22752010_k141_1024559_2_252030217	111	83	38	0	0	206	91
ERR1726026_k141_9801_1_35052483	116	51	35	0	3	171	456
SRR12404952_k141_1877611_1_97426371	120	50	43	0	9	243	94
SRR12404961_k141_3784286_1_10799650	256	60	38	0	16	125	98
SRR19238512_k141_608285_1_134310461	329	171	89	0	5	538	448
ERR4678618_k141_974509_4_92892610	16	78	60	0	17	199	180
SRR14932635_k141_415974_1_693797773	139	99	32	0	65	291	205
SRR13171215_k141_94299_2_45983807	442	66	32	0	0	80	83
SRR18331973_k141_126148_17_145303527	141	68	89	0	0	231	390
ERR4678691_k141_337914_1_183808149	89	44	25	0	1	113	405
SRR6797145_k119_49583_1_1793203	35	79	69	0	3	171	238
ERR12084943_k141_484887_3_5684057	416	244	139	0	20	573	495
SRR14932623_k141_723722_1_674155407	100	98	33	0	4	352	259
SRR14932673_k141_271464_2_770839571	499	264	75	0	34	312	411
SRR22372567_k141_52229_4_195336659	94	57	43	0	1	132	436
SRR9261043_k141_346112_1_246307649	173	70	33	0	2	270	228
SRR14932616_k141_634304_1_663019304	94	91	26	0	0	323	274
SRR14932637_k141_567800_1_698444410	163	57	63	0	0	182	425
ERR3761208_k141_553186_2_103069546	223	92	50	0	145	280	227
ERR1713391_k141_1044618_2_146880975	125	50	64	0	1	116	423
SRR14932548_k141_1264037_1_558199338	229	87	32	0	0	94	95
SRR9852217_k141_1442557_6_355619865	472	107	84	0	75	279	246
SRR18749965_k141_55264_3_110159872	44	75	25	0	1	332	116
SRR22372569_k141_123020_1_196270831	182	176	25	0	8	271	90
SRR14751620_k141_30907_1_516183885	103	45	47	0	1	109	427
SRR13171215_k141_473182_2_46215706	221	100	35	0	0	222	145
SRR13608700_k141_2147941_2_385896025	172	92	37	0	1	217	61
SRR14560436_k141_626771_8_427453636	172	66	32	0	32	238	121
SRR14932637_k141_494998_1_697780905	71	48	30	0	0	167	156
SRR18331976_k141_51312_5_145982708	442	138	62	0	5	131	430
SRR3501851_k141_507430_1_28719406	166	48	45	0	0	137	257
SRR6747801_k141_547317_2_177940540	203	139	77	0	4	422	297
ERR4678573_k141_181475_2_12455297	251	128	75	0	2	410	351
SRR8351385_k141_794818_18_208281499	148	98	45	0	0	375	375
SRR14932612_k141_1288231_6_653863949	324	105	70	0	37	324	308
SRR22372537_k141_14495_2_194181491	105	100	33	0	8	111	135
SRR11088446_k141_630651_1_11898653	99	51	71	0	1	110	425
SRR6337684_k141_115839_5_502094181	99	114	24	0	19	368	111
SRR19786827_k141_163257_1_550728333	39	61	47	0	13	131	107
SRR11088392_k141_2029044_2_9033449	537	285	166	0	27	598	517
SRR19786821_k141_685382_2_547144564	106	83	32	0	1	337	288
SRR6747802_k141_313771_2_178468136	373	143	58	0	67	386	196
SRR22372587_k141_297556_2_186271485	19	56	59	0	1	130	253
ERR5954409_k141_49801_1_199088822	297	104	45	0	8	396	329
ERR4678568_k141_464152_1_3470956	189	102	48	0	16	83	197
ERR4678625_k141_550092_1_102803983	21	75	59	0	7	140	264
SRR14932622_k141_353475_1_671900990	217	113	49	0	3	241	144
ERR2592245_k141_153970_4_6941391	422	125	83	0	13	114	444
SRR14751604_k141_340881_1_461866521	130	50	48	0	0	128	406
ERR1726012_k141_183840_1_26513580	24	58	57	0	4	120	209
ERR1725976_k141_85908_1_184879490	135	60	25	0	1	243	428
SRR9261048_k141_77690_1_248621137	226	104	34	0	1	339	342
SRR12328016_k141_167411_2_217631296	165	79	31	0	1	247	393
SRR12328016_k141_399369_1_217724127	389	142	87	0	5	309	444
ERR2592274_k141_179027_2_57411196	122	65	52	0	2	139	440
SRR11088370_k141_1354977_3_360456049	36	61	64	0	3	153	181
ERR12084944_k141_605190_1_8659085	87	88	57	0	0	193	394
SRR10132658_k141_673724_5_377770316	143	48	31	0	1	167	90
SRR13695361_k141_114230_1_241531584	93	49	56	0	0	112	406
SRR6747755_k141_622200_2_104922089	173	48	25	0	0	100	114
SRR11088448_k141_313548_1_2979305	190	83	52	0	2	254	385
ERR4678649_k141_1977507_1_123259187	365	63	29	0	3	103	388
ERR4678626_k141_1414028_1_105567550	110	82	33	0	2	339	241
ERR11269303_k141_966105_1_201358012	11	57	53	0	5	98	131
ERR3281040_k141_148301_2_22965931	23	48	57	0	4	121	139
ERR3281040_k141_9853_1_23003067	70	59	32	0	0	121	406
SRR1763383_k119_165846_2_13872738	198	103	31	0	19	158	91
SRR18749953_k141_8079_1_106064483	2	48	40	0	15	130	89
SRR8351383_k141_1123741_2_204987271	86	55	57	0	0	112	330
ERR3281036_k141_75577_1_10490930	169	50	57	0	1	131	431
ERR1713392_k141_938412_2_148971343	73	66	30	0	0	194	72
SRR14751601_k141_330094_1_486754735	127	50	31	0	1	97	346
SRR18331970_k141_18837_1_144739243	12	54	48	0	3	109	186
ERR1725990_k141_475162_1_77446584	267	49	30	0	3	201	301
SRR1763383_k119_124981_2_14104518	53	54	57	0	4	83	86
SRR14751622_k141_461758_1_521464314	90	186	31	0	13	101	62
ERR11181235_k141_34159_1_16069224	105	84	38	0	2	250	186
SRR9852210_k141_137491_2_341194596	310	75	60	0	0	236	107
SRR22752025_k141_723537_1_264348441	362	75	56	0	7	203	271
ERR2105756_k141_131031_1_20894554	168	151	43	0	0	195	90
SRR9644741_k141_21812_14_65823572	20	97	71	0	15	240	169
SRR22372524_k141_178194_1_202436496	25	45	45	0	2	107	146
SRR13013689_k141_575507_2_305918449	562	246	87	0	55	376	515
SRR9030454_k119_729840_1_230514059	41	75	70	0	6	149	171
ERR4869825_k141_1561275_4_154746070	10	44	37	0	13	114	112
SRR14932480_k141_249340_19_447498538	114	92	35	0	4	374	292
ERR4869808_k141_10673_14_134731229	70	65	25	0	0	240	214
SRR19786845_k141_550098_104_564626990	26	77	72	0	8	148	265
ERR4222569_k141_600967_2_50288871	58	84	49	0	4	147	65
SRR6797145_k119_101049_2_2017453	14	53	58	0	5	131	175
ERR12084963_k141_10600_8_36916781	170	93	25	0	0	310	228
SRR1144841_k119_193612_2_380164	156	129	29	0	1	383	326
SRR7369924_k141_466221_11_25302186	34	56	35	0	0	82	235
SRR21427517_k141_53168_1_172348344	272	157	29	0	7	103	201
SRR11088392_k141_58006_1_9781638	134	64	63	0	1	137	434
ERR1713369_k141_343319_1_124123724	115	49	44	0	0	109	323
SRR22372562_k141_120852_2_207490960	80	62	32	0	3	111	92
ERR11269309_k141_141448_1_209040305	19	58	61	0	5	114	240
ERR11269309_k141_350861_1_209524012	19	61	50	0	9	123	222
SRR14932624_k141_403543_2_675109279	183	93	26	0	15	181	69
SRR14932624_k141_666665_1_675352253	57	46	26	0	4	285	293
ERR2592269_k141_380232_1_51114608	129	46	51	0	1	109	439
ERR4678628_k141_1670042_1_32889424	113	51	49	0	0	129	436
SRR14932599_k141_272615_2_647434180	411	74	37	0	0	101	385
ERR4678592_k141_198225_1_56155842	285	215	45	0	11	262	144
SRR10598216_k119_288611_12_50847362	50	72	50	0	7	144	134
SRR22105531_k141_50117_19_138154808	23	77	64	0	7	172	98
SRR11088382_k141_965814_3_365859052	310	68	33	0	1	177	297
SRR6797131_k119_158627_5_14122453	20	50	47	0	0	107	137
ERR12084963_k141_440356_2_38567664	97	69	40	0	1	216	322
SRR12328016_k141_321102_2_218090396	99	91	87	0	2	292	189
SRR21802943_k141_979621_2_176255101	275	213	37	0	1	93	184
ERR4678598_k141_638321_2_62724749	18	51	48	0	4	117	232
SRR14932530_k141_621803_1_523399360	107	45	66	0	0	92	396
ERR1713369_k141_160169_2_123239534	132	53	41	0	1	176	441
SRR14932499_k141_736928_1_478200845	268	50	24	0	0	121	62
SRR11536955_k141_588644_2_93005780	36	75	56	0	16	139	246
ERR1713372_k141_873022_1_127101492	229	126	65	0	2	280	462
ERR4869822_k141_869934_3_149798465	118	50	53	0	0	190	290
SRR14751602_k141_326416_1_455662371	290	71	35	0	1	132	190
ERR4678637_k141_868094_4_137691553	428	53	33	0	7	84	304
SRR3501889_k141_637286_6_58408559	170	62	39	0	1	121	439
SRR2938333_k141_11871_3_41393794	67	46	49	0	1	111	406
SRR2107128_k141_78375_7_14982122	374	68	40	0	4	127	438
ERR1713405_k141_184586_1_162667350	240	65	47	0	0	177	436
SRR10761721_k141_1161485_1_73945945	499	50	25	0	0	183	355
SRR14932518_k141_1232896_2_497302763	312	92	39	0	2	284	262
SRR8512218_k141_632339_1_26252346	45	74	63	0	8	183	289
SRR17063164_k141_297718_2_88662278	209	80	26	0	2	125	93
SRR19238502_k141_152446_2_121691278	14	68	45	0	32	106	115
SRR18749952_k141_280317_1_105430236	470	323	134	0	193	483	313
SRR14932667_k141_1366633_2_761863476	358	131	33	0	17	136	203
SRR6797142_k119_44359_1_21576156	349	221	85	0	4	190	83
SRR13225453_k141_20576_3_341464294	127	59	44	0	1	153	461
SRR22372518_k141_300913_1_182919927	132	145	36	0	2	435	303
SRR14751604_k141_1541098_1_461499728	382	167	80	0	5	514	480
SRR2107219_k141_149308_1_25061036	379	282	93	0	55	352	232
SRR14932539_k141_1181147_1_539884070	178	170	61	0	123	195	120
SRR21427516_k141_304453_3_47929908	246	119	30	0	7	100	353
SRR20309469_k141_94789_2_177281077	88	56	59	0	1	119	406
SRR11088380_k141_429656_1_364767254	22	53	43	0	1	112	152
ERR11269307_k141_1116666_5_206283697	200	62	24	0	1	186	133
ERR4678663_k141_872587_2_163496218	108	67	37	0	0	184	281
SRR3501887_k141_1298307_6_53289943	321	94	40	0	0	287	427
ERR4678583_k141_104455_3_25648017	19	53	49	0	5	111	230
SRR14932662_k141_649933_1_750010123	179	52	49	0	1	114	381
SRR22372589_k119_22228_2_187528575	42	74	82	0	5	168	269
SRR2107176_k141_153862_1_17110717	244	255	73	0	13	122	190
SRR18331985_k141_17462_79_173421238	184	102	34	0	4	145	120
ERR1713387_k141_752633_1_143522915	251	117	50	0	1	407	371
SRR12404956_k141_344906_6_153148443	287	77	34	0	2	273	76
SRR8797413_k141_795132_6_61327770	124	67	50	0	4	240	347
SRR9261052_k141_315235_2_250371051	236	89	46	0	0	336	294
SRR13727529_k141_282034_1_127903030	321	148	82	0	3	447	418
SRR11088384_k141_1378144_4_34235142	79	68	58	0	10	152	181
SRR25018400_k141_460184_1_627712003	100	57	26	0	0	105	84
ERR1076082_k141_119924_1_2330715	405	146	48	0	13	112	195
SRR8512242_k141_315783_1_65999726	347	57	41	0	0	154	250
ERR4869831_k141_1287083_3_159180107	60	44	27	0	3	248	274
SRR14560416_k141_4423_4_417236477	299	142	57	0	7	404	337
ERR1713380_k141_1015366_1_133292623	133	86	32	0	1	231	275
SRR15237812_k141_105100_2_246407820	130	106	58	0	18	134	374
SRR26502666_k141_620960_2_210963845	5	46	46	0	7	103	211
SRR14560463_k141_564603_1_442835675	187	96	33	0	2	242	111
ERR11269295_k141_702672_1_51942924	295	157	76	0	5	472	410
SRR14492168_k141_943445_2_370275842	106	94	23	0	0	301	135
SRR19786839_k141_127796_4_560786698	417	132	70	0	9	253	347
ERR1713386_k141_1270680_1_141531094	20	67	64	0	4	137	258
ERR4869823_k141_624973_1_152878976	376	164	78	0	3	478	405
ERR11269299_k141_31583_1_23380055	10	56	47	0	6	97	209
SRR11548472_k141_86875_1_67754257	198	55	66	0	0	123	433
SRR19238502_k141_418994_31_121414243	10	49	55	0	7	122	64
SRR21802942_k141_186890_2_173816455	238	112	66	0	15	161	71
SRR13727534_k141_732918_1_130532800	112	86	83	0	2	305	358
ERR9855095_k141_31728_1_41589473	219	52	28	0	0	227	425
SRR22752010_k141_801325_1_250722758	372	97	31	0	0	106	394
SRR14560406_k141_71315_1_412056122	137	100	23	0	12	125	94
ERR2592283_k141_1605434_1_62269511	470	257	148	0	8	556	508
ERR11269311_k141_780884_2_212195041	138	86	59	0	0	271	153
SRR5278609_k141_221145_1_67337694	250	119	55	0	0	197	154
SRR11674010_k141_536268_1_135076229	181	48	61	0	0	146	60
SRR22372544_k141_275554_1_215401340	227	215	29	0	8	275	134
SRR8351385_k141_1312565_2_209303088	412	75	33	0	4	151	363
SRR12404961_k141_674644_1_10140603	352	179	111	0	4	429	493
ERR12084944_k141_1069432_2_8885117	337	47	62	0	0	170	169
ERR1713388_k141_199301_1_144446703	99	63	29	0	1	171	415
ERR1713352_k141_602090_2_107430155	63	86	31	0	17	320	227
SRR22105547_k141_76172_22_158811835	316	147	72	0	4	453	394
SRR1763383_k119_46860_1_14119646	63	71	25	0	2	88	72
ERR2592277_k141_366549_2_63600322	168	53	67	0	0	127	433
SRR14932532_k141_31686_1_527113161	223	51	28	0	0	162	120
SRR13225461_k141_70707_2_346747555	15	75	69	0	10	178	118
SRR14932544_k141_220350_2_549503144	383	68	52	0	3	173	289
ERR2592273_k141_401711_1_38406600	56	74	74	0	21	174	302
SRR14492199_k141_53946_2_392963252	216	46	26	0	4	183	120
SRR13608728_k141_1440129_1_362551177	73	113	51	0	0	131	66
SRR9852183_k141_787153_4_288403701	66	57	30	0	7	119	102
SRR15669522_k141_1066451_1_143035057	27	55	34	0	6	130	121
SRR15669522_k141_465098_2_143052760	516	70	31	0	2	206	412
SRR2107218_k141_11660_1_24747728	87	67	41	0	0	81	369
SRR19238497_k141_87617_4_115666466	174	79	30	0	2	199	334
ERR3281038_k141_221599_21_11728140	77	45	47	0	0	109	168
SRR14492177_k141_426260_1_373587709	415	141	23	0	107	515	61
ERR4678634_k141_692964_2_112979636	300	74	44	0	37	271	259
ERR9903371_k141_2650_2_273390607	62	66	60	0	10	157	131
SRR10132616_k141_232127_1_376320726	304	234	48	0	19	406	199
SRR13107671_k141_119787_1_381535851	505	55	72	0	10	131	476
SRR13727518_k141_116445_1_117544066	165	74	25	0	0	236	77
SRR14560427_k141_169411_1_423126917	417	184	46	0	3	472	123
SRR11088434_k141_3130471_5_383822884	491	227	127	0	2	498	498
SRR26726065_k141_305137_1_159490368	195	68	28	0	0	232	127
ERR2592267_k141_420513_4_1034517	216	96	50	0	1	299	315
SRR21427519_k141_295527_2_147371499	69	64	46	0	4	105	141
SRR12113415_k141_937031_6_100430743	480	293	139	0	99	595	396
SRR25018400_k141_278168_1_627963409	129	72	30	0	2	331	270
SRR9030454_k119_665827_2_230589313	323	78	33	0	0	109	305
SRR6337683_k141_152726_1_501700093	28	87	23	0	3	320	87
ERR4678608_k141_477148_2_76358113	87	47	53	0	34	210	475
SRR6747737_k141_501735_1_86472058	411	138	80	0	43	263	283
SRR11088477_k141_547183_1_66862551	23	85	53	0	3	163	62
SRR18749964_k141_179137_4_162388438	274	213	52	0	3	90	197
ERR3281027_k141_664247_1_5401487	18	64	73	0	5	153	222
ERR4678658_k141_487790_1_134962285	183	81	79	0	0	191	446
SRR8224501_k141_2495248_1_25058485	249	114	109	0	5	269	476
SRR14560424_k141_650130_2_421398329	257	164	66	0	4	446	342
SRR6747805_k141_159424_2_180467238	316	67	43	0	193	236	362
SRR18331986_k141_123081_3_173520529	328	189	105	0	17	499	453
SRR19786840_k141_387751_3_561419071	78	52	29	0	3	289	284
ERR2592283_k141_1248633_3_60309916	168	118	46	0	84	406	327
SRR13107671_k141_293824_4_381137147	5	46	44	0	12	124	104
SRR14751607_k141_1528147_1_469250960	202	83	38	0	0	285	336
SRR19786844_k141_90341_3_563802431	28	52	42	0	6	118	79
SRR14143314_k141_177039_156_28908216	60	54	36	0	0	107	254
SRR3098764_k141_283371_2_981553	4	53	54	0	16	169	143
SRR10761721_k141_1549003_4_72545144	166	62	63	0	13	81	210
SRR6439731_k141_19207_1_200449512	456	119	74	0	2	419	331
SRR11088476_k141_1048830_2_56258291	53	95	35	0	0	242	75
ERR2338392_k119_894383_1_21650439	62	53	28	0	1	234	290
SRR13727519_k141_404522_75_119025628	24	90	68	0	14	163	137
SRR18331973_k141_42302_1_145392824	82	68	65	0	1	114	436
SRR11088485_k141_1850854_1_409789380	260	169	42	0	28	244	155
SRR7912025_k141_118676_4_59147569	17	64	61	0	2	135	251
ERR1713406_k141_807111_1_164838229	270	51	29	0	4	121	217
SRR14751622_k141_1336576_4_521439790	216	159	45	0	2	454	219
SRR11536956_k141_1567302_1_71979621	18	124	45	0	2	283	96
ERR4678618_k141_1341547_3_91767411	70	57	28	0	1	98	415
SRR12404958_k141_1319739_2_48886155	147	122	33	0	1	391	295
SRR19238499_k141_485996_1_118700887	6	86	67	0	13	193	114
ERR4678586_k141_1109844_6_16369445	311	82	70	0	3	168	416
SRR13171215_k141_231820_52_46720567	176	74	24	0	0	213	141
SRR7369916_k141_1073782_4_14415753	50	68	33	0	1	245	66
SRR7369916_k141_400366_2_14503441	133	112	25	0	9	307	241
SRR18749951_k141_537516_12_103623694	58	79	62	0	8	163	178
ERR3281023_k141_497698_1_2948751	10	61	52	0	13	172	141
ERR5954421_k141_44473_1_208205281	362	185	99	0	188	362	212
SRR10132627_k141_509306_3_286120784	145	69	38	0	1	166	415
SRR15237817_k141_736051_2_248812806	75	44	29	0	1	100	236
ERR11269308_k141_1313781_1_207473932	95	52	41	0	0	174	313
SRR9261033_k141_381644_1_240613926	471	59	31	0	2	96	391
SRR14932541_k141_1293196_2_543672156	149	55	41	0	0	165	98
ERR3281037_k141_32483_28_11105882	213	58	27	0	1	173	130
ERR2592340_k141_216003_1_71635063	178	57	57	0	0	148	450
SRR17063164_k141_1105229_2_87680818	309	120	53	0	1	251	151
ERR4678651_k141_882575_1_127649375	8	51	58	0	3	95	181
SRR22372569_k141_116017_1_196009593	211	78	43	0	3	182	77
ERR4222572_k141_858455_1_55904570	151	133	34	0	0	405	301
SRR14560416_k141_264940_1_417793636	140	95	28	0	6	361	312
SRR9030453_k119_118809_1_229557444	127	54	36	0	1	123	449
DRR125123_k141_597532_1_111008511	161	53	56	0	291	155	108
ERR1713380_k141_1052114_1_133052886	133	71	57	0	2	134	408
SRR12404949_k141_530229_1_127347002	360	153	82	0	7	453	383
SRR6747739_k141_279524_2_88829464	443	65	61	0	3	227	423
SRR8351383_k141_1143243_1_205635136	167	89	49	0	1	101	340
SRR14143316_k141_22148_1_49226205	159	145	33	0	2	235	150
SRR19238505_k141_253977_1_124915003	166	53	28	0	7	207	142
ERR1713367_k141_35563_2_121573987	272	51	54	0	0	145	439
ERR3281022_k141_502990_7_1318483	322	175	62	0	5	390	87
SRR24226016_k141_29280_1_197846124	287	196	42	0	11	287	167
SRR11088425_k141_716543_2_378410426	298	123	34	0	2	356	350
SRR18749958_k141_312721_2_91292962	20	107	78	0	17	239	206
SRR20309467_k141_443453_6_174892116	11	46	55	0	0	116	93
SRR9852196_k141_1777014_3_311340375	507	84	44	0	6	109	406
ERR1713386_k141_644147_5_142366945	19	65	44	0	3	121	268
ERR11269303_k141_842174_3_200246521	10	50	40	0	8	106	204
ERR4678667_k141_967775_1_168649488	330	148	76	0	3	446	477
SRR11088469_k141_13672_1_13597658	43	69	24	0	1	265	101
SRR9030455_k119_385999_1_232027180	96	65	28	0	0	218	259
SRR14560427_k141_290644_2_422380837	312	232	127	0	4	547	461
SRR6797145_k119_86464_3_1761035	9	45	39	0	1	105	85
ERR4869811_k141_1066617_5_138677848	178	100	39	0	3	386	316
SRR8351385_k141_208460_4_208238027	416	198	38	0	17	135	220
SRR11088396_k141_272177_16_373160078	424	130	92	0	2	208	326
SRR13727527_k141_1608771_69_125519823	107	116	77	0	0	236	271
ERR3281027_k141_858678_21_5813879	151	98	64	0	1	206	445
ERR4678608_k141_547755_1_76484451	14	52	38	0	5	133	136
SRR14932642_k141_74315_1_708028084	246	101	87	0	10	254	352
SRR21705953_k141_101586_2_154470018	170	71	47	0	0	199	227
SRR9852192_k141_1792098_1_302032828	95	67	26	0	3	118	378
SRR22372523_k141_192333_6_201422427	525	272	81	0	42	160	376
ERR4678604_k141_545803_4_68662930	243	123	28	0	3	440	326
SRR22752025_k141_1444944_1_263278614	16	60	79	0	10	145	198
SRR8797414_k141_930_4_62731336	90	46	27	0	0	105	68
SRR12332666_k141_362550_16_218114886	272	62	34	0	2	250	347
SRR14932575_k141_367417_1_604506715	140	49	39	0	0	187	206
SRR12404949_k141_1680074_1_127971700	295	81	42	0	8	254	135
SRR13727533_k141_31189_4_130079892	25	56	47	0	1	108	169
SRR26726063_k141_201052_51_158467456	430	244	131	0	5	542	506
ERR4222567_k141_1263156_1_47931508	92	70	32	0	0	161	118
SRR6747726_k141_402743_1_76935692	374	137	66	0	2	335	201
ERR1713374_k141_787839_1_190408598	65	57	33	0	1	98	384
ERR4678671_k141_1358841_1_274745356	313	50	23	0	18	220	163
SRR7912025_k141_90791_3_58833208	95	45	26	0	1	106	405
SRR18331973_k141_71386_5_145253521	44	58	44	0	0	237	254
SRR14751609_k141_1305243_51_489358963	120	95	31	0	2	332	246
ERR4678649_k141_399102_2_123072510	115	90	67	0	2	237	426
SRR6337695_k141_56967_4_507613896	89	67	55	0	1	126	417
SRR21427515_k141_281043_2_47629896	25	50	59	0	10	127	244
SRR13225456_k141_178824_2_343539908	35	88	90	0	15	176	269
SRR14932578_k141_1468966_4_611293610	319	134	41	0	2	404	334
ERR4678566_k141_192611_1_161824674	80	45	43	0	29	204	300
SRR14751588_k141_872315_5_453480992	127	141	77	0	2	448	188
SRR17063164_k141_708722_1_88399660	350	138	87	0	21	80	201
SRR12964614_k141_364796_1_115804561	13	60	42	0	4	107	209
SRR22372529_k141_187523_1_204466277	87	47	52	0	0	94	309
SRR3098764_k141_263725_1_1158999	6	72	60	0	5	140	89
SRR14932540_k141_1350448_1_540833655	334	109	51	0	1	237	354
SRR19238510_k141_708960_1_132176676	105	58	51	0	0	129	317
ERR3281024_k141_722292_7_3906834	97	93	48	0	1	227	412
SRR10132618_k141_139115_2_280175532	117	72	32	0	8	186	63
SRR9852207_k141_957229_1_336245093	181	85	23	0	2	293	212
SRR12964613_k141_664656_2_114471702	116	68	63	0	0	120	419
SRR10132666_k141_621755_2_297223404	198	209	62	0	39	94	161
SRR19238510_k141_779370_5_131305744	165	127	41	0	11	107	148
SRR8351384_k141_1033348_63_207456582	94	115	49	0	12	137	62
ERR1713407_k141_980134_2_167478326	47	66	60	0	18	178	281
SRR12404948_k141_687739_28_44959999	19	72	65	0	9	176	212
ERR472739_k141_205435_3_64078465	16	80	24	0	1	210	128
SRR12113392_k141_672010_1_54985984	393	180	85	0	25	482	296
SRR4831662_k141_371679_4_100469732	168	319	70	0	23	129	194
ERR1713350_k141_1163535_1_104044352	90	45	36	0	1	113	417
SRR11088483_k141_892552_1_406665467	284	235	66	0	13	173	438
SRR13171216_k141_88240_1_46984095	17	53	52	0	10	117	156
SRR14932662_k141_210077_1_750568520	323	92	29	0	0	79	61
SRR18749953_k141_223417_1_106590718	312	145	92	0	0	445	448
SRR13608700_k141_1692505_1_388319064	148	59	29	0	16	151	251
SRR22105534_k141_179363_1_141235575	374	118	108	0	27	341	232
ERR3281026_k141_247117_1_21277514	321	70	43	0	0	154	200
SRR20681263_k141_36448_3_163764693	61	57	35	0	2	95	80
SRR6797146_k119_1637_19_12314116	7	48	38	0	7	80	144
ERR11269311_k141_35739_10_211697038	403	132	94	0	36	359	465
SRR14932617_k141_474557_1_663838782	264	73	35	0	209	233	168
ERR4678614_k141_1001303_1_83257611	106	116	28	0	9	88	85
SRR11235435_k141_258321_1_415659838	162	58	26	0	0	89	100
ERR1713387_k141_451106_1_143395463	192	79	46	0	1	168	400
SRR11088473_k141_1225390_1_400180823	39	79	62	0	6	170	150
SRR14932643_k141_203102_65_711124993	1	75	23	0	0	147	85
SRR6439731_k141_70654_3_200849728	47	63	45	0	39	138	289
ERR1713353_k141_147859_2_108587562	184	62	28	0	1	149	484
SRR24226017_k141_322923_2_197956754	255	110	61	0	658	216	65
SRR13727524_k141_65753_2_120875436	212	75	72	0	1	147	462
SRR22752013_k141_1791079_1_257836684	338	105	80	0	2	411	387
SRR6797131_k119_185827_50_14112751	105	75	24	0	82	303	229
SRR6986825_k141_33750_1_34410512	16	83	53	0	0	134	83
SRR12404952_k141_1896244_3_97893188	131	81	41	0	1	244	281
SRR14492169_k141_622006_2_370563730	5	46	50	0	2	90	86
SRR19786821_k141_199286_2_547066091	236	129	59	0	91	447	382
SRR22372581_k141_98882_204_229486534	88	94	33	0	8	140	88
SRR20309467_k141_442037_24_174832549	263	97	28	0	8	167	171
SRR12964611_k141_355941_3_112332724	191	45	28	0	1	144	109
SRR11088487_k141_204264_1_38166806	339	75	38	0	0	146	214
ERR12084950_k141_1341694_1_31394951	123	68	46	0	9	230	265
SRR14932637_k141_456346_3_698251935	303	84	44	0	1	328	374
ERR3281039_k141_178780_18_12262256	194	65	32	0	4	177	97
SRR14751606_k141_1525871_4_467489897	226	166	40	0	4	491	139
SRR9261011_k141_169868_1_230265352	263	70	32	0	1	180	166
SRR14932623_k141_91181_6_674170779	148	49	49	0	0	121	386
ERR1725947_k141_375604_1_175690241	32	66	68	0	5	126	231
SRR12404959_k141_717022_1_138895262	398	87	52	0	1	216	487
SRR10132668_k141_648490_1_298169773	365	148	81	0	0	344	218
SRR19786842_k141_58788_1_563071462	14	54	60	0	5	130	226
SRR14932548_k141_1415745_1_558529636	74	110	93	0	23	201	330
SRR2107177_k141_85428_2_17551021	324	68	38	0	1	181	331
ERR4678629_k141_334012_1_106880405	306	76	27	0	0	86	359
SRR14143314_k141_69928_1_29064399	333	121	58	0	2	376	364
SRR1145849_k119_147376_3_10608212	99	47	37	0	0	131	94
SRR10132623_k141_331577_3_283530373	150	124	69	0	20	168	422
SRR14932629_k141_583504_1_683027003	240	52	24	0	9	183	123
ERR4678648_k141_19942_1_121481431	99	67	73	0	1	127	448
SRR22372541_k119_205909_1_214453050	15	54	39	0	0	170	112
SRR25018400_k141_69486_1_627616658	207	203	59	0	21	326	159
SRR5123274_k141_216910_1_53905090	133	73	58	0	2	225	215
ERR11181243_k141_250371_1_3349815	52	56	68	0	18	162	268
SRR15085117_k141_430214_1_29595496	26	56	42	0	7	95	103
ERR4678661_k141_121867_49_162267336	115	118	112	0	29	228	376
ERR11269310_k141_1163102_1_210467106	164	156	50	0	29	92	261
SRR7369913_k141_165142_3_10030620	4	44	37	0	3	83	221
SRR11088390_k141_958454_2_22014402	108	51	61	0	1	115	432
SRR18749954_k141_651461_3_107101420	26	106	77	0	9	215	230
ERR1076078_k141_35795_2_127219234	158	63	25	0	4	206	221
SRR13608732_k141_932702_1_390296776	52	44	34	0	0	100	341
SRR22752040_k141_1475039_2_279154152	181	70	41	0	2	233	305
SRR18749955_k141_451469_5_107855794	42	81	82	0	0	131	226
SRR18749955_k141_64812_3_108111222	16	80	61	0	2	127	94
SRR19786822_k141_33517_1_580989931	47	50	45	0	1	110	371
SRR13198920_k141_227725_1_238793432	162	46	40	0	44	210	470
SRR22752046_k141_1185311_1_291707645	385	78	61	0	6	254	330
SRR14932615_k141_1037460_1_660209811	251	135	67	0	1	412	238
SRR10598223_k119_212731_9_66349697	10	54	57	0	2	106	116
ERR4678626_k141_1197988_1_104082770	395	87	23	0	0	217	75
SRR14932570_k141_163111_18_594522428	444	223	68	0	3	518	137
SRR13225453_k141_108692_8_340987585	541	303	165	0	156	606	488
SRR19238500_k141_16506_1_119515394	117	84	39	0	0	195	187
ERR1713380_k141_441691_4_133445977	91	74	31	0	0	280	307
SRR11088392_k141_2190612_1_10500619	108	72	84	0	16	164	211
SRR7369909_k141_175078_1_38306394	201	139	62	0	6	450	391
SRR18749956_k141_202850_31_108806513	78	47	24	0	1	89	65
SRR13727527_k141_585531_1_123811582	178	57	57	0	1	203	366
ERR1713394_k141_13703_5_150467163	131	51	61	0	51	258	478
SRR22752044_k141_1757132_1_288400856	398	98	62	0	1	228	348
SRR8208348_k141_926571_1_197704939	244	49	49	0	2	87	308
SRR13727531_k141_436310_5_129359673	21	88	67	0	9	177	114
ERR9903371_k141_107093_3_273708410	96	46	29	0	0	129	86
SRR14932528_k141_852041_2_519225353	142	74	63	0	1	170	92
ERR12084959_k141_500113_4_34208978	6	66	45	0	2	129	59
ERR2592254_k141_159303_5_38037928	199	57	31	0	9	154	392
SRR3501862_k141_26195_2_46863792	290	80	44	0	7	103	83
ERR4678613_k141_652069_1_30386530	75	44	40	0	1	107	423
SRR14143316_k141_2103_1_49227483	152	58	26	0	0	149	106
SRR19786842_k141_178234_4_563354977	524	226	129	0	26	227	501
SRR11088485_k141_2170217_1_408541915	365	134	53	0	4	396	355
ERR4678639_k141_547046_5_140820642	6	45	36	0	3	79	156
SRR19238502_k141_512928_2_121499529	65	46	56	0	0	81	326
SRR5278608_k141_550193_1_74781828	62	47	31	0	0	208	136
SRR12404952_k141_1870459_4_97248230	324	130	58	0	3	298	165
ERR11181248_k141_106835_1_5065414	30	81	86	0	16	167	187
SRR12404952_k141_3529428_1_94717883	84	94	29	0	3	348	215
ERR4678647_k141_478355_3_119992857	9	53	44	0	2	87	175
SRR3501886_k141_1197272_2_52662435	286	69	44	0	9	152	184
SRR9852218_k141_1021076_2_167729194	283	55	67	0	0	182	82
SRR22372552_k141_165537_2_189124171	166	64	27	0	1	100	145
ERR4678597_k141_48604_1_28594188	18	65	58	0	10	131	243
ERR11269306_k141_661962_2_203869393	141	108	34	0	9	164	75
ERR3281039_k141_35225_2_12705329	222	115	107	0	1	355	460
SRR19786827_k141_378414_2_550989424	75	125	78	0	16	264	237
SRR14932633_k141_161867_1_690876033	373	68	47	0	3	122	371
SRR14751606_k141_1266125_1_467884108	165	50	47	0	0	147	235
ERR1713355_k141_234702_2_109583774	38	76	79	0	12	188	308
ERR9855099_k141_359479_4_66788709	388	142	69	0	9	432	282
SRR14932678_k141_455098_2_778230152	251	112	68	0	1	153	467
SRR19786834_k141_293199_13_556862325	8	70	33	0	1	107	134
ERR1726003_k141_146732_2_36322997	365	60	39	0	0	165	409
SRR15085117_k141_552659_15_29588321	15	55	59	0	9	125	118
ERR2592253_k141_260578_1_45710510	140	76	51	0	2	222	337
SRR22752025_k141_166881_1_264074210	128	81	37	0	5	124	73
SRR2107128_k141_130774_5_15029673	194	55	42	0	13	142	60
SRR9261019_k141_62773_1_233848196	174	212	67	0	33	337	110
SRR13608732_k141_421244_1_388619670	171	58	54	0	1	126	443
SRR12404955_k141_668749_1_147167176	38	73	34	0	4	322	72
ERR5954465_k141_1527693_1_237194989	77	103	74	0	14	229	140
SRR15237801_k141_227412_44_220890926	442	205	146	0	7	323	509
ERR2592260_k141_112598_7_13373717	525	269	99	0	27	267	526
SRR22372524_k141_467623_1_202190682	42	58	40	0	14	149	316
ERR4678658_k141_628073_3_133709467	286	143	90	0	2	349	453
SRR11673997_k141_239079_2_425982697	355	98	47	0	5	202	155
SRR22372576_k141_102082_98_227255965	190	185	63	0	5	439	70
SRR14560430_k141_91970_2_423660734	192	132	38	0	2	465	323
SRR11088370_k141_116988_3_359575500	20	56	48	0	1	91	127
ERR1726030_k141_14567_2_26762579	151	82	75	0	2	177	456
SRR9852190_k141_538670_31_299809640	357	94	25	0	1	233	77
ERR4678569_k141_361224_2_5125789	17	47	52	0	8	126	252
SRR6797137_k119_19473_4_13594056	99	47	45	0	0	94	357
SRR8224501_k141_1283310_2_26480684	64	76	35	0	8	87	133
ERR1713349_k141_1231483_16_100534693	85	56	55	0	2	196	430
ERR4678601_k141_688776_2_65705114	74	79	70	0	0	117	316
ERR11269307_k141_1099729_1_205727382	12	53	43	0	6	117	215
SRR9030455_k119_186199_2_231458401	28	49	42	0	0	98	179
SRR19786849_k141_148676_6_567906915	5	50	35	0	3	83	213
ERR2592277_k141_398150_1_63886657	214	74	58	0	0	198	339
SRR18749956_k141_201080_28_108734514	20	63	25	0	8	79	63
ERR2592247_k141_63856_2_22856612	103	46	47	0	28	199	451
SRR11088380_k141_1471009_1_365789415	54	55	25	0	3	292	262
SRR11088419_k141_1212109_1_47450271	154	58	32	0	2	192	376
SRR10761721_k141_233541_26_72560569	54	46	30	0	5	283	277
ERR4678592_k141_199847_4_56196617	91	90	88	0	58	217	338
ERR4869708_k141_82729_6_66313452	122	87	36	0	0	253	76
ERR4678618_k141_1382563_2_92912216	103	45	39	0	24	192	455
SRR14932485_k141_2595136_22_455210361	399	81	37	0	2	319	256
SRR2107171_k141_56557_5_15704887	45	56	41	0	0	128	379
SRR8351385_k141_996608_2_208505919	147	113	62	0	25	150	145
SRR6439736_k141_191047_2_2678487	102	50	64	0	28	222	473
SRR19238498_k141_336038_6_117096400	33	71	47	0	11	160	118
SRR6439732_k141_28748_1_201055778	25	175	46	0	46	106	77
SRR14751607_k141_322683_2_468091362	221	188	83	0	6	521	438
ERR2592252_k141_351282_1_27454538	227	92	67	0	1	164	482
ERR4678569_k141_10800_1_5397486	45	132	85	0	18	290	258
SRR6439736_k141_20022_2_2513756	158	88	40	0	1	280	348
SRR14932591_k141_1282798_1_633194098	333	153	55	0	8	465	340
SRR9644740_k141_136930_3_65382170	15	58	35	0	4	113	95
ERR11269309_k141_516721_32_208715917	25	53	41	0	4	120	232
SRR7369911_k141_120681_7_41668927	42	51	25	0	0	178	227
SRR13608702_k141_1574967_1_351486453	187	81	31	0	2	335	267
SRR14751603_k141_228180_4_459593819	200	57	35	0	2	180	94
ERR2105756_k141_103048_20_21196420	462	132	49	0	3	109	165
SRR22372556_k141_115315_2_218802347	515	351	148	0	568	563	369
SRR14560463_k141_560463_3_442703477	317	222	93	0	11	478	164
SRR19238503_k141_432805_4_122901376	84	240	73	0	21	90	157
SRR14932585_k141_71214_32_619600440	339	171	53	0	1	122	77
SRR6986819_k119_138130_4_32382031	13	79	59	0	2	134	60
ERR4869831_k141_195868_4_158875618	10	49	48	0	16	149	169
SRR12354809_k141_196632_3_235329579	147	55	45	0	0	143	468
SRR9261024_k141_217057_2_236038414	265	134	32	0	1	79	188
SRR14932613_k141_1160608_35_656189406	362	219	75	0	34	334	234
SRR18331976_k141_16856_4_145903857	487	252	136	0	9	553	514
ERR4678680_k141_509025_1_173103786	110	155	71	0	23	81	160
SRR19786823_k141_259034_1_547812223	184	104	70	0	2	362	366
SRR19786823_k141_55015_1_547939389	245	133	68	0	442	461	388
ERR1713352_k141_904984_8_106320029	151	88	26	0	6	328	315
ERR11269307_k141_597730_2_206479469	287	143	84	0	2	275	457
ERR1076082_k141_901297_2_2080229	283	51	41	0	2	112	221
SRR21705956_k141_262075_6_157108011	406	198	100	0	161	548	436
ERR1713407_k141_1455350_3_167763549	27	82	77	0	8	164	276
SRR12340499_k141_22440_2_219898899	397	207	100	0	37	188	345
SRR14932528_k141_124352_1_519726241	350	93	61	0	0	206	234
SRR3501852_k141_358303_2_30777029	345	158	62	0	2	334	284
ERR4222572_k141_1291096_2_56949355	13	85	46	0	3	290	117
SRR6800319_k141_270402_1_188842260	279	104	47	0	2	356	320
SRR14932544_k141_1026257_4_549365413	242	77	27	0	2	84	321
SRR12113402_k141_117523_20_71785717	294	67	31	0	1	215	338
SRR9852195_k141_224504_24_308617861	349	73	57	0	1	114	264
SRR8648012_k141_476744_1_41747842	83	45	34	0	4	93	180
ERR4869799_k141_410232_2_124767885	109	46	26	0	0	150	60
ERR4678604_k141_489090_7_69007734	111	56	55	0	0	129	453
SRR14554393_k141_156150_1_396265118	145	126	43	0	0	424	275
ERR1713408_k141_730766_1_168141505	3	44	50	0	10	111	84
ERR4678677_k141_71097_1_196644557	178	88	41	0	1	280	421
SRR13225456_k141_30081_2_343149467	149	67	46	0	0	195	234
ERR4678577_k141_1477091_2_40605559	314	75	35	0	3	115	273
ERR4678647_k141_512914_1_120159609	56	56	59	0	12	134	193
SRR11088454_k141_1138256_1_88957774	114	71	34	0	1	266	150
SRR21802947_k141_578876_7_590122575	145	119	37	0	7	391	262
SRR3501886_k141_371006_1_51571067	443	198	110	0	11	521	453
ERR3761226_k141_171044_3_101635950	173	99	33	0	1	349	198
SRR7369908_k141_1282156_3_36649366	26	45	55	0	18	126	248
SRR20309467_k141_408036_1_174959460	275	44	155	0	2	90	153
SRR22372582_k141_346094_11_229622882	198	62	29	0	0	117	160
SRR13727531_k141_106234_55_129077259	158	127	106	0	6	398	373
SRR11088419_k141_1149483_2_47142625	98	65	23	0	0	192	103
ERR1726020_k141_128651_1_32965134	121	53	43	0	1	154	442
ERR1713361_k141_91641_4_115473630	119	60	49	0	0	180	316
SRR2107210_k141_170514_3_20884668	425	126	50	0	1	94	153
SRR12964612_k141_461720_2_113235084	16	73	51	0	2	119	69
SRR22752048_k141_392175_1_295185994	364	107	46	0	0	211	315
SRR22372569_k141_75954_1_196240509	204	53	46	0	2	101	136
SRR10132629_k141_558085_6_287720833	248	63	33	0	12	194	407
SRR15085115_k141_421934_2_50042422	15	44	31	0	0	81	106
SRR19786845_k141_176156_3_564993331	247	75	23	0	32	364	104
SRR18749960_k141_216867_20_92872979	12	76	61	0	7	149	132
SRR14554393_k141_371886_22_396147232	175	130	28	0	2	470	104
SRR18331974_k141_27219_1_145601542	51	47	45	0	1	88	366
ERR4869747_k141_575137_3_95338586	19	65	52	0	3	132	71
SRR12450810_k141_240045_1_238152288	156	118	74	0	0	164	371
SRR11674040_k141_214965_1_142087930	341	62	45	0	0	111	232
SRR13727531_k141_435110_3_129310510	310	188	114	0	0	386	491
SRR25018396_k141_407389_1_625738679	18	86	61	0	5	157	80
SRR11536956_k141_2359184_1_72045563	15	57	53	0	6	129	272
ERR1713342_k141_434035_1_93043499	8	48	38	0	4	107	232
SRR1702225_k141_115760_3_12886873	438	79	31	0	0	84	84
SRR11088467_k141_1390896_8_51475783	159	76	60	0	0	187	435
SRR22752045_k141_1253438_1_289415886	95	64	30	0	3	334	307
SRR8512239_k141_219444_2_64794471	162	73	48	0	5	118	390
SRR22372569_k141_335819_10_196379495	121	73	78	0	1	175	442
SRR13727527_k141_428530_1_124088121	447	248	115	0	9	552	483
SRR18489175_k141_582006_1_192536755	168	62	37	0	11	192	111
ERR4678594_k141_194401_1_58062531	199	74	37	0	2	268	261
SRR19786847_k141_519095_20_566134011	293	120	59	0	14	315	211
SRR9852196_k141_1921595_2_313168852	137	85	78	0	0	145	171
SRR7369919_k141_536168_2_224765735	27	48	55	0	11	106	109
ERR4678558_k141_275676_1_212835573	63	47	55	0	1	83	381
SRR14932631_k141_748043_1_686111315	333	114	48	0	1	314	369
SRR12113408_k141_607650_1_82179228	30	56	64	0	4	113	176
ERR11269307_k141_42120_2_207052286	132	77	25	0	180	130	60
SRR22752014_k141_433905_2_259008986	234	115	50	0	14	336	325
ERR4678671_k141_90377_2_274200225	284	80	56	0	0	121	410
SRR22105536_k141_725953_2_144850761	181	76	28	0	1	270	159
SRR11088434_k141_233874_1_383996564	545	311	161	0	54	616	510
SRR6986814_k141_214151_6_7331320	261	114	52	0	36	171	149
SRR19238495_k141_221028_5_113616516	218	129	44	0	3	449	302
ERR3281039_k141_207123_3_12445951	290	232	50	0	3	92	217
SRR13608732_k141_809823_3_389246848	254	83	35	0	3	206	170
SRR14751604_k141_173632_3_462404733	219	57	33	0	0	140	162
ERR11269299_k141_975521_1_23868737	42	89	92	0	13	192	298
SRR12450810_k141_281017_3_237952198	84	61	35	0	1	176	299
SRR9852176_k141_1987305_2_275327772	350	244	66	0	26	226	171
SRR14492177_k141_104473_101_373271790	526	148	92	0	298	553	434
ERR2592245_k141_72405_1_6972503	138	58	67	0	0	136	447
ERR4678569_k141_391309_54_6095039	27	70	64	0	7	146	244
SRR19238503_k141_85147_1_122357253	22	100	67	0	9	191	118
ERR4869724_k141_1266584_1_79403519	126	181	31	0	9	550	195
SRR7369922_k141_1116527_2_22378334	167	101	32	0	15	348	279
ERR1713380_k141_468832_3_132956750	117	46	30	0	0	98	90
SRR14932675_k141_122769_46_772597091	356	178	40	0	4	436	102
SRR9030453_k119_373203_4_229542010	148	82	28	0	5	340	353
SRR20681263_k141_776251_1_164396651	10	74	56	0	8	171	109
ERR4222570_k141_1087783_2_53659009	197	47	29	0	358	193	135
SRR10132618_k141_92649_6_280439478	197	110	43	0	3	285	288
SRR14751622_k141_1177878_4_521097709	181	161	30	0	5	465	267
ERR2592256_k141_342519_1_24455011	4	56	42	0	3	90	172
ERR3281023_k141_564142_38_2630358	164	98	35	0	11	360	291
SRR11783213_k141_307592_1_436434798	258	56	34	0	0	115	260
SRR14932587_k141_404908_1_623405135	220	137	23	0	6	112	61
SRR12404958_k141_1331722_2_49190436	133	101	80	0	2	424	346
SRR22752015_k141_1507481_1_261527071	131	49	24	0	2	101	106
ERR1713409_k141_243370_1_194039686	90	58	60	0	1	128	429
SRR11088370_k141_1253205_2_360449663	14	45	32	0	0	85	128
SRR13608701_k141_419651_7_347639167	513	206	79	0	4	261	477
ERR1713397_k141_530925_1_155267786	73	57	62	0	1	107	383
SRR10132624_k141_181281_1_284268596	68	56	32	0	1	122	326
SRR4343426_k119_108659_1_162102071	107	52	40	0	1	107	89
SRR15237807_k141_21674_31_225389823	15	67	64	0	17	124	259
SRR15085127_k141_363447_6_57921749	22	194	59	0	38	162	109
ERR4678614_k141_186278_3_83888660	441	120	72	0	12	250	309
ERR4678563_k141_894232_1_156853846	77	55	60	0	0	127	382
SRR8517163_k141_415932_5_32083368	240	133	51	0	1	391	302
ERR12084966_k141_810854_5_42266114	9	101	39	0	3	183	84
SRR14751601_k141_2266905_3_486586410	102	51	56	0	0	113	423
SRR12334050_k141_259918_1_218711919	73	47	46	0	0	110	385
SRR14932654_k141_30057_2_732680389	390	58	33	0	1	121	105
SRR7369916_k141_559141_2_13808853	120	110	38	0	0	272	417
SRR10132663_k141_236637_1_294811228	89	46	38	0	1	136	416
SRR14554395_k141_129831_1_397359201	342	133	57	0	4	400	406
ERR1713342_k141_171226_1_92759532	261	62	35	0	3	212	288
ERR4678685_k141_19535_4_179029443	12	69	53	0	17	185	161
ERR4678694_k141_65565_3_187915477	257	87	69	0	3	162	471
SRR14932611_k141_1549644_3_650855955	416	142	48	0	6	132	378
ERR2592334_k141_682252_1_78598566	300	221	43	0	11	326	138
SRR7369908_k141_747439_1_37265865	4	113	42	0	1	182	84
SRR10598224_k119_3147_1_66817669	37	63	64	0	12	165	235
SRR14751606_k141_624788_2_467636512	14	46	54	0	3	95	88
SRR14932486_k141_617810_6_459624575	350	105	42	0	1	353	261
ERR4678658_k141_444867_2_134992827	487	143	51	0	2	113	211
SRR2107182_k141_66479_2_19339908	499	111	62	0	0	124	145
SRR22105528_k141_473368_157_177976029	144	60	42	0	0	103	122
SRR14932523_k141_1094763_72_510789865	384	128	63	0	2	127	207
ERR4222568_k141_358637_2_48466806	86	88	25	0	2	327	186
ERR11269302_k141_818880_4_199404221	63	148	32	0	15	159	108
SRR19238502_k141_541137_57_121712130	207	69	25	0	14	152	108
SRR19786825_k141_124968_8_549039263	192	63	27	0	5	217	106
SRR19786825_k141_181100_1_549156813	291	143	41	0	13	164	136
ERR4678630_k141_244879_5_107905373	56	66	61	0	1	91	324
SRR11783213_k141_414367_1_436085549	382	148	72	0	6	509	351
ERR4225396_k141_372275_1_62569151	205	47	33	0	0	125	163
SRR14932654_k141_2347387_4_731730232	441	171	85	0	222	387	314
ERR1713350_k141_1520710_1_104274866	313	144	66	0	4	438	440
ERR1725976_k141_115224_2_185130857	133	85	70	0	1	141	425
ERR4678634_k141_96026_1_113088931	68	47	42	0	0	94	364
SRR3501889_k141_980393_3_58753060	179	103	26	0	4	122	117
SRR11088434_k141_953903_1_382572262	100	55	29	0	0	262	101
SRR14932529_k141_1568550_1_521825477	430	168	66	0	4	137	427
SRR14751629_k141_1463371_4_525429796	115	71	38	0	1	247	361
SRR19238501_k141_187355_23_120769449	432	252	57	0	18	146	242
SRR18331981_k141_6418_6_179233188	43	47	39	0	2	110	194
SRR21705853_k141_503531_2_588696648	360	128	57	0	40	340	219
ERR11269311_k141_300658_3_211705045	71	60	36	0	1	158	258
SRR9852188_k141_1286133_4_160484999	449	144	59	0	2	311	406
SRR9261002_k141_454331_1_225734646	371	86	62	0	331	271	372
ERR1713357_k141_294673_2_112336981	6	56	38	0	7	99	182
ERR4678676_k141_349458_1_193869716	172	51	29	0	1	119	459
SRR22372593_k141_23394_1_210109443	195	207	27	0	3	224	90
SRR6986814_k141_58415_3_7217330	528	91	37	0	11	291	518
SRR19238500_k141_468142_1_119395467	362	122	45	0	0	141	179
SRR12964611_k141_459833_1_112882579	18	45	23	0	0	85	98
SRR11088471_k141_128155_1_399445093	208	74	62	0	1	212	433
ERR3761224_k141_1979085_10_62314156	128	68	28	0	5	323	265
SRR22105529_k141_396980_1_135698061	7	139	50	0	1	365	87
SRR21694250_k141_1427082_1_588076549	178	137	35	0	2	430	158
SRR22752025_k141_70984_2_263136289	163	74	42	0	0	283	346
ERR4869747_k141_397345_1_95607760	170	170	28	0	109	503	59
ERR4678580_k141_627938_1_47417427	44	52	49	0	8	135	145
SRR10132627_k141_407872_6_286039396	25	107	50	0	9	252	137
ERR1713393_k141_35987_1_149878265	514	137	64	0	4	221	521
SRR18749959_k141_137696_1_91501804	131	51	35	0	17	212	176
SRR14560407_k141_687116_2_479941283	224	99	73	0	5	439	338
ERR12084966_k141_301929_70_42852719	183	58	62	0	1	147	449
SRR15669520_k141_528611_8_139865741	50	48	25	0	0	195	174
SRR4754862_k141_719628_2_117903875	197	124	60	0	3	312	336
SRR13171210_k141_157298_8_44790807	293	146	40	0	209	186	85
SRR21427519_k141_10853_1_147581083	247	151	77	0	1	471	442
SRR25018370_k141_36679_1_615239895	148	58	27	0	0	150	88
ERR1713384_k141_812205_1_137706752	175	49	29	0	18	145	278
SRR19238511_k141_494911_1_132449731	172	86	40	0	3	340	143
SRR14751604_k141_55780_15_461735357	100	72	29	0	0	285	288
SRR14932498_k141_794285_1_477215342	233	65	33	0	6	179	132
SRR18749947_k141_60922_1_99373283	27	103	76	0	12	213	183
ERR4678566_k141_758135_5_160335747	123	80	29	0	0	267	194
SRR1022351_k119_42776_33_9518705	329	149	42	0	1	118	62
SRR13994250_k141_1147728_1_438325087	149	227	52	0	3	80	115
SRR11536955_k141_130150_2_92476131	15	56	47	0	3	113	224
SRR20681263_k141_849571_11_164437523	35	76	83	0	17	188	258
ERR1713370_k141_57138_1_124914493	362	57	62	0	5	157	230
ERR4869713_k141_937194_3_70478096	241	160	88	0	1	335	366
SRR21694252_k141_848870_2_575004559	410	220	95	0	9	514	410
ERR2592273_k141_160856_2_38273238	19	44	44	0	1	104	153
ERR2592252_k141_547270_1_27049246	147	55	26	0	0	123	164
ERR1713397_k141_1167873_1_156549196	432	68	47	0	0	88	82
SRR14932485_k141_984418_3_454023557	303	93	33	0	0	216	125
ERR1414229_k119_534259_1_6823915	270	89	43	0	1	197	82
SRR14932629_k141_1170287_1_682293513	380	56	67	0	0	154	218
SRR14751588_k141_535953_1_452771124	6	50	38	0	5	98	214
ERR4678600_k141_984373_2_64187769	4	50	45	0	3	90	124
SRR24226003_k141_170_18_211769310	470	206	48	0	13	172	329
SRR3098764_k141_221070_1_585430	6	90	43	0	2	115	95
SRR18331970_k141_40371_1_144730977	29	55	61	0	10	143	237
ERR4678648_k141_1392268_2_122402895	12	51	40	0	1	96	227
SRR22372573_k141_255787_1_226096448	370	145	73	0	451	353	274
ERR4678604_k141_96861_8_69402807	105	78	69	0	1	135	442
SRR9852198_k141_1547691_2_317220492	288	136	78	0	6	288	66
SRR13706099_k141_128190_1_241882580	136	65	58	0	2	139	430
ERR1414232_k119_93107_3_8935459	237	84	30	0	1	328	256
SRR9261037_k141_52395_1_243082039	270	104	42	0	1	330	314
ERR5954378_k141_534652_2_178416236	117	73	25	0	1	367	161
SRR19786823_k141_27361_1_547634537	77	46	44	0	1	110	392
SRR15669520_k141_278799_6_139685199	101	50	42	0	0	104	372
SRR13225448_k141_414164_1_337136660	67	69	37	0	0	239	163
ERR3281040_k141_162789_15_22645754	93	54	29	0	0	157	124
ERR4678605_k141_1161451_2_70090791	23	71	56	0	4	144	244
SRR18331981_k141_60094_29_179289419	118	68	92	0	1	190	256
SRR18331983_k141_893_3_179533234	158	80	26	0	1	118	102
ERR11181234_k141_133288_1_1320047	90	55	53	0	1	130	440
ERR4678598_k141_358065_1_63282336	18	57	62	0	6	135	239
SRR7369910_k141_149054_3_40129744	200	105	55	0	2	315	376
SRR4465025_k141_249008_1_43389511	227	79	45	0	42	161	99
SRR14751619_k141_79697_1_513463167	153	126	35	0	5	465	387
SRR12404952_k141_1203681_22_96583820	535	306	178	0	56	622	518
SRR13225456_k141_347675_1_343699701	28	60	58	0	0	126	250
SRR13225447_k141_68708_1_383477997	172	86	45	0	2	407	382
SRR18331982_k141_20442_8_179336445	329	162	107	0	3	307	486
ERR4869846_k141_1404861_1_167428352	227	205	23	0	8	292	106
ERR4678656_k141_556574_2_131707060	18	144	69	0	10	394	91
ERR1713401_k141_753533_1_159900818	305	51	29	0	0	150	94
SRR13608737_k141_937429_22_364390292	219	147	69	0	5	252	73
ERR2592343_k141_1081376_1_12299862	29	54	52	0	6	129	221
SRR6747775_k141_65749_1_124716067	283	132	54	0	594	453	338
SRR6797137_k119_32753_4_13766072	28	86	69	0	14	191	178
ERR3281030_k141_119196_12_8236854	14	111	37	0	0	298	72
SRR22752025_k141_206690_1_263099637	207	67	70	0	2	166	443
SRR6747778_k141_211635_1_126961698	145	61	33	0	1	123	70
SRR11088434_k141_364604_3_383252825	235	85	49	0	2	164	357
SRR18331977_k141_76908_2_178507592	355	46	30	0	0	163	188
ERR1713390_k141_521747_1_145798738	164	87	63	0	3	186	455
SRR9852186_k141_389462_2_295137630	270	83	44	0	2	126	84
SRR22752041_k141_681201_1_281648362	192	64	42	0	41	273	155
SRR22372589_k119_87648_1_187777272	51	197	25	0	14	86	70
SRR9261007_k141_219384_2_228499506	460	85	38	0	0	93	98
SRR14751607_k141_973004_2_468522705	280	53	33	0	0	201	384
ERR4869810_k141_45846_5_136294707	159	235	77	0	38	243	150
SRR10132658_k141_726123_1_378507616	11	119	39	0	4	290	70
ERR2105752_k141_53636_1_6474075	18	222	59	0	47	142	86
SRR8797412_k141_147711_2_61110604	29	45	63	0	3	105	107
SRR6337684_k141_232468_6_502201288	103	51	27	0	1	91	85
SRR18331990_k141_81214_1_174203387	295	147	77	0	3	434	483
SRR14560448_k141_246466_2_434149428	233	101	26	0	8	168	76
SRR22752014_k141_81703_2_259586223	61	45	33	0	42	211	411
ERR11269299_k141_768069_2_22705103	45	78	82	0	16	178	272
ERR4678600_k141_221488_1_63987568	84	52	52	0	0	103	356
SRR26726068_k141_32054_2_161067969	100	72	89	0	1	153	280
SRR9852215_k141_268889_1_350263077	352	94	23	0	2	218	75
SRR21705956_k141_28483_10_157458782	358	100	84	0	6	322	368
ERR9855084_k141_66537_1_83115140	269	115	32	0	40	234	190
SRR8745617_k141_38315_2_53944	199	74	33	0	1	126	71
SRR8512245_k141_224685_1_68811994	129	90	79	0	6	249	394
SRR22372569_k141_242047_3_196389683	273	62	40	0	7	118	194
SRR18331978_k141_10242_10_178710219	117	85	45	0	1	250	403
SRR11088454_k141_1064602_2_89876417	232	124	48	0	8	391	287
ERR1726016_k141_553806_3_14537291	97	49	63	0	1	117	429
SRR22752048_k141_1650932_2_295993259	138	121	40	0	5	384	327
ERR11269295_k141_533802_1_51170552	29	48	56	0	20	130	214
SRR11182815_k141_43278_88_133895315	221	66	31	0	336	284	89
SRR11088434_k141_1758123_8_383863960	119	59	25	0	1	178	188
SRR21427518_k141_17342_5_146736236	193	134	47	0	3	349	229
SRR13608732_k141_184425_2_390240558	204	86	61	0	0	227	392
SRR19238502_k141_196947_4_121651734	12	81	57	0	6	170	132
SRR6797131_k119_113753_1_14190877	205	138	51	0	98	437	349
ERR9855086_k141_337600_1_42571331	112	95	61	0	1	195	429
ERR4678694_k141_296930_2_187555849	4	52	47	0	3	86	155
SRR13171207_k141_197945_3_43500323	210	156	37	0	16	184	80
ERR4869810_k141_854660_2_136626630	416	105	53	0	0	274	68
ERR11269307_k141_1066886_7_206253923	47	58	68	0	11	151	248
SRR11088485_k141_1149957_2_410243129	465	135	59	0	0	344	132
SRR14932514_k141_390158_4_489690577	503	51	63	0	6	121	478
SRR13608714_k141_1462417_2_356452659	81	59	34	0	0	104	253
SRR8351383_k141_1004998_3_204756906	349	129	75	0	289	333	231
ERR4678660_k141_1888880_1_272692829	94	56	50	0	0	94	333
ERR5954461_k141_139467_1_233566407	146	112	23	0	26	390	131
SRR22105529_k141_847039_10_135714589	298	166	66	0	5	445	336
SRR6439735_k141_805759_1_1239355	40	46	24	0	3	262	258
ERR1713388_k141_667098_3_143791053	201	91	30	0	0	111	268
ERR1725939_k141_49937_1_194709848	66	58	53	0	0	95	361
ERR4678659_k141_1272564_1_135418927	336	159	100	0	3	414	446
SRR1702232_k141_75533_2_13050320	508	252	105	0	12	530	373
SRR11088394_k141_650545_4_371284712	230	79	94	0	1	171	459
SRR18749948_k141_659378_2_99976769	5	72	58	0	12	94	78
SRR19786829_k141_670619_2_582306465	273	59	45	0	5	182	238
SRR11088434_k141_2867705_1_385074240	25	72	54	0	13	146	271
ERR4678618_k141_1349609_1_91996612	226	119	101	0	459	254	400
SRR14932485_k141_1955049_23_454081978	355	167	101	0	15	523	446
ERR4869736_k141_291491_3_88050050	253	44	36	0	100	246	133
SRR14751606_k141_1093931_4_465569163	303	60	35	0	1	229	227
ERR4678612_k141_439056_63_82835417	377	165	72	0	5	490	411
SRR2062623_k119_146647_3_14685676	49	49	32	0	12	114	150
ERR3281032_k141_233038_1_9505407	237	156	55	0	8	359	190
ERR1713355_k141_806031_1_109479047	126	47	23	0	1	127	436
SRR21802942_k141_319873_6_174306618	212	128	42	0	42	224	178
ERR2592283_k141_894218_4_60670410	203	88	25	0	5	339	435
ERR1725982_k141_10562_2_186781591	55	56	27	0	0	112	275
SRR19238498_k141_338989_2_117200166	8	60	44	0	2	109	75
ERR4222567_k141_884975_1_48179199	70	71	33	0	0	226	84
SRR12332666_k141_142510_8_218601732	339	160	53	0	37	263	182
SRR2090169_k141_438249_1_171202055	297	63	43	0	4	184	246
SRR11088476_k141_1604502_1_57625147	183	67	25	0	12	207	93
SRR11088411_k141_1525713_2_76966074	33	80	54	0	4	139	268
ERR4678604_k141_682640_2_68719613	24	44	45	0	4	114	220
ERR5954419_k141_1196552_20_204495455	179	91	26	0	10	356	289
ERR11269302_k141_9633_1_198373750	61	178	49	0	21	264	142
SRR18749949_k141_191795_1_102110332	8	75	60	0	7	151	107
SRR12404955_k141_488233_5_147419094	272	94	42	0	4	270	167
ERR1713335_k141_242209_1_87889291	34	80	77	0	9	159	253
ERR11181240_k141_3253_1_2753723	304	115	71	0	2	275	458
SRR8351385_k141_635371_1_209507779	62	50	23	0	0	214	159
ERR1713345_k141_775122_1_97497261	33	69	70	0	6	126	217
ERR1713377_k141_390466_1_131717700	201	74	38	0	1	249	455
ERR4678657_k141_622039_2_132634749	39	183	100	0	2	129	234
SRR10132624_k141_540667_9_283605778	5	79	28	0	2	260	67
SRR10598173_k141_11070_111_41205224	325	47	51	0	2	136	208
SRR21427518_k141_426857_1_146856460	104	66	42	0	13	297	173
SRR13608732_k141_319485_34_390098499	56	50	44	0	5	87	166
SRR15237817_k141_531252_17_248531726	279	175	61	0	276	261	144
SRR13225461_k141_263876_2_346460187	102	46	70	0	19	137	169
ERR9903368_k141_85136_5_493027761	286	180	57	0	34	331	140
SRR10388057_k141_132338_4_18310049	20	55	33	0	1	103	106
SRR20309467_k141_116782_1_175049548	145	84	41	0	1	281	371
SRR22105546_k141_46837_48_157216856	414	239	128	0	5	515	465
SRR9261024_k141_398393_3_236403897	126	57	29	0	3	249	242
ERR4222574_k141_538752_2_58809163	257	199	40	0	9	313	145
SRR14560470_k141_127312_1_447283269	47	53	28	0	0	156	206
SRR11088392_k141_1020619_1_8736740	108	126	77	0	27	97	125
SRR13225447_k141_504502_1_383397172	161	63	57	0	0	225	343
SRR19786848_k141_553895_5_566913474	49	47	60	0	0	89	386
ERR1725946_k141_3565_1_174784212	511	105	56	0	6	108	422
SRR2107210_k141_361998_2_21201601	394	163	60	0	330	169	93
SRR11673976_k141_1543580_3_421538916	234	114	53	0	9	115	123
SRR10132668_k141_665050_2_297817975	55	81	53	0	0	193	108
ERR1713391_k141_1406589_1_148178135	413	98	62	0	1	223	401
SRR11182815_k141_38106_16_133909863	415	98	77	0	4	220	227
SRR13727520_k141_60687_31_119115385	148	112	66	0	1	310	392
SRR4754858_k119_139716_15_86582171	188	123	47	0	0	420	151
SRR10132624_k141_502080_7_284338736	165	100	29	0	54	353	288
SRR6747763_k141_725130_2_112272535	373	118	54	0	1	389	251
SRR8351385_k141_1358781_7_210748197	249	66	46	0	0	150	354
SRR8512245_k141_209760_42_69059565	12	57	62	0	5	122	185
ERR1713364_k141_567954_1_118956318	119	75	60	0	1	135	429
ERR1713364_k141_642682_1_119132651	111	45	33	0	1	130	442
ERR2105753_k141_438119_4_19456116	133	159	25	0	1	420	59
SRR9852172_k141_538533_1_265399305	327	80	42	0	2	294	289
SRR22372524_k141_417973_28_202056179	119	61	27	0	0	118	242
SRR8797414_k141_157113_8_62722863	43	88	60	0	2	343	76
SRR7369910_k141_673385_13_39870009	16	52	46	0	5	112	241
SRR6797146_k119_2886_9_12302306	5	51	42	0	5	108	253
SRR11783213_k141_141311_3_436099123	502	144	53	0	0	304	384
SRR4754859_k141_804658_2_130192127	11	71	63	0	8	119	226
SRR14932516_k141_414193_4_493325416	522	116	46	0	1	355	351
SRR14932582_k141_465354_1_616292008	270	155	49	0	17	304	209
SRR7369909_k141_129316_2_38193886	3	49	43	0	1	83	182
SRR10132668_k141_109152_1_298101427	461	193	127	0	30	476	354
SRR22372526_k141_11683_1_203231844	325	116	63	0	1	397	286
SRR12404958_k141_1809787_4_49414733	298	120	37	0	50	180	59
ERR4678575_k141_758779_6_35656622	236	98	115	0	1	231	472
SRR11536956_k141_2514690_5_70387114	115	78	27	0	0	328	219
SRR14932574_k141_129947_1_602855116	166	73	24	0	0	278	271
SRR11235433_k141_348289_3_413244380	108	98	89	0	68	237	376
SRR24226019_k141_26576_52_199148571	152	203	57	0	23	202	185
SRR21203040_k141_44088_1_178195365	129	177	47	0	14	223	153
SRR11235433_k141_485877_1_413930914	165	67	36	0	0	259	199
SRR22372551_k141_62232_150_188792771	36	67	74	0	13	157	211
SRR10132625_k141_562196_2_285538944	71	44	34	0	0	115	195
SRR10598223_k119_210298_4_66664841	32	53	50	0	8	131	175
SRR13225456_k141_57432_21_343174595	47	104	98	0	19	198	314
SRR6797133_k119_51571_30_2969585	258	289	63	0	39	345	194
SRR10598220_k119_135756_52_52299866	65	44	55	0	0	94	320
SRR11673976_k141_2488307_1_418424298	308	164	95	0	10	392	224
SRR6797132_k119_42023_2_22774297	21	50	36	0	0	101	137
SRR22372527_k141_110650_24_203311262	416	69	23	0	0	204	86
ERR1713368_k141_630082_5_188464351	190	60	61	0	29	255	456
SRR18749952_k141_640493_1_105292791	193	105	82	0	1	152	83
SRR14932514_k141_1211686_6_488826886	259	97	70	0	1	168	374
SRR13171215_k141_74746_1_46134359	7	51	51	0	6	87	132
SRR19238508_k141_246311_6_129387726	203	64	66	0	0	106	95
ERR11269311_k141_365273_47_211663598	78	62	34	0	1	193	197
ERR1713342_k141_885082_2_92831495	437	88	30	0	0	179	408
ERR1713406_k141_849894_14_164790681	310	53	24	0	0	91	118
SRR15085117_k141_80594_22_29394882	29	52	48	0	3	151	237
SRR14751602_k141_2342419_9_455625282	161	111	41	0	18	380	394
SRR22752045_k141_1051615_1_289207402	385	238	138	0	5	534	490
ERR4678632_k141_1137684_1_109922927	50	77	87	0	17	177	228
SRR6747774_k141_443886_2_123294019	250	217	30	0	9	301	134
SRR12404949_k141_190872_1_125849561	547	235	42	0	25	223	477
ERR1713400_k141_490065_3_158470666	210	87	44	0	0	258	433
ERR4678569_k141_868776_2_5598164	41	108	101	0	31	203	317
SRR22372584_k141_279992_1_184616062	127	210	25	0	3	94	76
SRR1702234_k141_69185_4_13336938	479	123	74	0	8	419	485
SRR14932625_k141_93196_1_675782895	139	85	28	0	9	347	258
ERR2163668_k141_469058_1_15553809	87	71	27	0	0	243	169
ERR3281032_k141_8814_2_9729323	69	148	39	0	17	116	72
ERR5954489_k141_293141_2_271034650	267	95	52	0	34	229	154
SRR6747807_k141_791317_1_182803486	362	72	62	0	6	119	381
SRR6439731_k141_813582_14_199954248	67	53	33	0	1	174	273
ERR4678564_k141_89396_1_158319062	50	50	54	0	0	95	62
SRR22105546_k141_334414_19_157716006	131	106	39	0	5	131	109
SRR15085116_k141_452846_15_50844767	14	62	68	0	6	133	120
SRR21203056_k141_11503_76_166239549	20	51	50	0	21	113	166
ERR11269303_k141_201333_1_201487055	10	52	44	0	6	110	213
SRR6986822_k119_102084_1_33532121	7	46	43	0	4	85	121
SRR8351385_k141_1285939_2_208373099	204	78	34	0	1	225	112
ERR11269305_k141_209584_2_202903463	25	101	92	0	22	180	266
SRR14932636_k141_624682_1_695035556	268	72	28	0	2	235	207
ERR4869845_k141_601424_8_166665550	205	80	40	0	27	244	159
SRR14932543_k141_1035510_1_548342065	294	121	48	0	2	387	344
SRR12964613_k141_634728_1_114575864	227	52	42	0	0	145	292
SRR11182811_k141_61520_6_411964634	83	54	28	0	2	157	249
SRR12964611_k141_161327_3_112556139	16	49	39	0	4	108	171
SRR15237808_k141_235898_1_226472023	274	152	68	0	6	490	368
ERR3281029_k141_204789_44_7490437	226	203	60	0	11	337	126
ERR4678626_k141_1495289_1_105577897	155	68	71	0	0	128	423
SRR22752015_k141_51764_1_262536747	262	143	74	0	2	413	433
ERR1713372_k141_630240_1_128569631	257	133	87	0	2	322	485
SRR15085116_k141_590405_1_51747119	73	98	24	0	7	99	62
SRR22372562_k141_149187_21_207037203	211	120	25	0	0	215	90
ERR3281038_k141_83405_17_11522899	202	100	37	0	2	402	369
SRR13608728_k141_788884_1_363151585	102	89	51	0	2	264	183
SRR9261014_k141_173621_1_231390475	365	134	52	0	220	306	223
SRR14932514_k141_581646_1_490030843	160	56	64	0	0	126	366
SRR22105528_k141_630353_2_177900554	91	78	28	0	1	294	268
SRR6797130_k119_60578_33_6834543	20	57	59	0	6	122	163
SRR12964612_k141_460042_1_113179228	314	130	85	0	0	260	255
SRR18489175_k141_814103_1_193243065	123	59	29	0	51	246	310
ERR4678638_k141_1374628_1_140139088	96	110	23	0	4	403	232
SRR22752046_k141_993840_2_291443511	310	178	114	0	4	463	477
SRR13727528_k141_115246_59_126575679	135	74	53	0	1	232	366
SRR13727528_k141_545503_1_126695754	80	52	48	0	4	106	152
SRR8503606_k141_1018082_2_73139865	339	140	75	0	414	440	397
SRR14932514_k141_940236_1_489898781	85	53	54	0	1	131	421
ERR9855084_k141_706514_1_82653779	82	54	69	0	1	113	372
SRR7912025_k141_153378_2_58958807	336	109	63	0	2	184	490
SRR13727518_k141_39714_2_117372646	234	142	71	0	5	384	381
SRR13225447_k141_636147_1_383844401	14	56	64	0	5	108	156
SRR14932499_k141_1405053_1_479010798	216	66	64	0	0	148	418
SRR18749959_k141_101063_1_91791286	31	94	64	0	9	173	124
SRR20309467_k141_435707_1_176087905	20	66	58	0	1	144	184
SRR14751605_k141_1935582_2_464323254	84	58	23	0	2	232	70
SRR21802942_k141_1275000_1_174741648	1	45	49	0	9	97	86
SRR14560422_k141_490662_1_420226802	235	114	59	0	20	339	176
ERR1725994_k141_272785_1_82031766	64	55	37	0	1	103	219
ERR4678606_k141_1462169_1_72334647	34	95	85	0	18	182	300
ERR4869833_k141_326677_2_161593048	128	109	44	0	4	340	77
SRR13608737_k141_1393890_1_364431530	189	186	24	0	6	211	83
ERR11269303_k141_1390627_1_201412724	25	64	47	0	2	94	149
SRR13198928_k141_38966_1_239827463	303	181	103	0	5	483	449
SRR6986814_k141_118734_4_7131669	65	96	57	0	48	170	170
SRR8512234_k141_383695_1_61991403	35	94	84	0	5	183	265
SRR14932574_k141_539943_3_602892373	289	71	39	0	3	217	241
SRR6337691_k141_226509_4_505795170	279	91	55	0	1	182	438
SRR9261048_k141_178834_1_248596557	481	197	100	0	5	496	278
SRR14143314_k141_38512_196_29155761	391	273	92	0	524	459	249
SRR12479962_k141_422186_1_90197434	483	74	51	0	9	86	348
SRR14932613_k141_1172052_1_656609104	84	54	59	0	1	128	422
SRR14751629_k141_1189282_1_525058578	181	67	35	0	0	199	213
SRR14751629_k141_805939_1_525191793	137	125	32	0	0	369	248
SRR9852177_k141_299326_1_278741270	330	83	78	0	1	298	165
SRR22372572_k141_30952_48_219331806	90	54	33	0	0	104	101
SRR21427516_k141_327845_1_48217316	76	46	54	0	2	217	93
SRR15237808_k141_410079_80_225911895	29	48	47	0	7	129	232
SRR9852183_k141_3696_2_288055770	265	48	80	0	0	85	113
SRR11088382_k141_1336608_2_365845232	296	64	29	0	5	126	386
SRR6797127_k119_176553_1_1296619	138	57	57	0	34	246	477
SRR14751624_k141_630867_1_524116583	104	55	49	0	0	107	367
SRR21203050_k141_39114_14_163180938	99	52	31	0	0	99	87
SRR7369918_k141_462981_1_17227378	84	57	41	0	0	162	135
SRR18749947_k141_589729_1_98613555	406	131	36	0	2	112	385
SRR19238498_k141_642208_2_117683032	43	51	23	0	4	254	237
ERR11181229_k141_68350_1_213003	81	44	31	0	1	127	329
ERR4678576_k141_1315151_1_37199131	249	71	38	0	1	206	165
SRR11536955_k141_2360786_1_93528010	23	73	60	0	10	147	245
SRR18749954_k141_424242_31_106979092	279	83	35	0	2	148	59
SRR12964614_k141_25578_2_115939983	15	47	49	0	0	97	118
SRR7369912_k141_1052408_200_8154584	111	56	55	0	0	113	370
SRR18749956_k141_3583_11_108753803	23	72	59	0	8	185	177
SRR6797129_k119_134071_5_13209917	109	50	39	0	18	89	368
SRR3501849_k141_83464_3_146065122	329	107	48	0	0	195	403
ERR4869837_k141_720377_4_258726266	6	52	29	0	2	139	59
SRR14932480_k141_540958_4_447803646	186	116	50	0	0	306	444
ERR4869756_k141_556181_2_99371811	202	133	44	0	105	398	371
ERR4678618_k141_114563_2_93220577	168	129	34	0	64	405	302
SRR13107682_k141_59351_1_382937397	218	178	55	0	42	264	142
ERR3281040_k141_137090_1_22934305	53	60	37	0	0	102	250
SRR22105544_k141_1978494_5_152811149	69	62	33	0	0	233	336
SRR8648016_k141_1067808_6_43032090	38	94	50	0	3	369	73
ERR4678586_k141_672723_4_16578315	230	78	61	0	1	239	434
SRR22372524_k141_539509_1_202245583	37	54	62	0	7	142	176
ERR3761227_k141_1152910_2_107898395	208	114	61	0	2	368	376
ERR11181250_k141_154657_1_5541533	122	49	94	0	0	179	203
ERR4869818_k141_185179_1_143031636	116	68	41	0	1	246	206
ERR4678628_k141_1650809_1_34989484	39	93	99	0	18	197	344
SRR14932590_k141_743746_2_630469546	350	64	39	0	0	215	288
SRR17063163_k141_980291_1_86518649	474	232	115	0	17	542	480
SRR13608728_k141_312327_1_363051846	69	56	53	0	0	116	323
ERR11269310_k141_472306_1_210547584	69	60	62	0	9	142	230
SRR10132625_k141_724079_2_285393283	342	220	97	0	6	517	431
ERR4678562_k141_300136_1_153208719	102	61	38	0	2	295	194
SRR19786833_k141_679822_1_555295674	21	67	42	0	8	117	299
ERR11269306_k141_1294132_9_203477317	42	47	38	0	0	80	250
ERR1725992_k141_420576_1_65002179	461	217	108	0	25	558	491
SRR6797137_k119_79726_1_13747510	85	73	67	0	0	118	373
SRR14751606_k141_747992_1_466060038	97	63	42	0	1	188	416
SRR14932619_k141_90164_1_665332405	185	145	61	0	24	140	111
SRR26502672_k141_1240501_1_221103621	304	85	39	0	3	172	248
ERR5954460_k141_144203_1_232407903	107	70	24	0	0	257	119
SRR5278610_k141_424837_1_131975960	102	71	23	0	1	289	151
SRR18331972_k141_19408_3_145167896	272	88	112	0	3	277	273
SRR18331973_k141_46532_16_145362739	149	89	66	0	0	339	275
SRR18331974_k141_33852_3_145506292	17	55	54	0	0	123	113
SRR18331974_k141_36560_3_145640064	87	48	42	0	0	96	401
SRR10132616_k141_180404_14_376237695	117	52	65	0	1	207	434
ERR4678656_k141_647998_1_131402761	92	48	28	0	0	170	347
SRR18749946_k141_447439_2_97644409	16	80	45	0	5	133	71
SRR14932614_k141_780465_10_657566346	304	216	44	0	2	98	225
ERR4678580_k141_834323_1_46555075	309	66	37	0	3	133	419
SRR19786832_k141_581449_1_555168511	10	76	28	0	0	183	121
ERR4678634_k141_744935_2_114473050	111	90	31	0	21	115	115
SRR14932622_k141_238277_3_671683475	250	80	52	0	1	222	429
SRR6747793_k141_72130_8_162592912	210	185	24	0	10	283	114
SRR9261030_k141_183800_1_239265537	225	105	53	0	19	250	364
SRR6797144_k119_177720_2_12685834	4	136	58	0	4	379	90
SRR11088370_k141_2394596_1_361444058	172	65	29	0	2	183	320
SRR9852215_k141_1017766_2_350595017	188	48	67	0	1	118	203
SRR6797146_k119_2864_3_12317612	63	86	80	0	66	198	319
SRR12404948_k141_462415_2_46104558	153	115	43	0	0	127	73
SRR6747712_k141_158565_1_61367068	255	101	38	0	9	90	93
SRR6439738_k141_154178_1_3227327	86	56	30	0	6	281	281
SRR19238509_k141_560317_1_130793023	329	332	109	0	57	420	255
ERR4869786_k141_820638_1_492107537	92	83	30	0	6	334	292
ERR11269305_k141_681429_2_201836506	8	50	32	0	8	79	99
SRR9852218_k141_1273965_1_166850152	390	199	121	0	5	504	490
SRR11088425_k141_2221624_6_378259405	335	60	27	0	0	154	236
SRR13107677_k141_463184_6_320181182	20	71	73	0	23	136	226
SRR9852212_k141_895253_1_344311909	237	60	28	0	0	215	97
SRR3098775_k141_133808_4_98704203	158	106	29	0	2	355	349
ERR9855087_k141_773750_1_56591228	24	59	60	0	0	128	132
ERR1713352_k141_1382960_2_106154342	22	81	61	0	7	149	263
ERR1713352_k141_148327_1_106379339	343	153	69	0	7	483	478
SRR12404952_k141_596999_12_97438123	205	155	81	0	37	199	463
SRR12404952_k141_1564347_11_97634837	473	245	140	0	26	575	474
SRR13727521_k141_120685_1_119589483	59	53	39	0	0	139	115
SRR11088390_k141_2626389_2_23367384	51	86	99	0	12	182	286
SRR9261036_k141_335580_3_242431515	220	97	53	0	0	222	138
SRR13727520_k141_144902_7_119368116	232	63	28	0	0	105	274
SRR18331977_k141_90843_26_178700881	69	73	42	0	0	275	145
SRR26502660_k141_940771_1_203604464	12	55	57	0	13	111	88
ERR2105752_k141_78691_1_6560890	151	98	52	0	2	280	447
ERR2592280_k141_121403_1_62540751	353	172	93	0	4	474	487
ERR3281037_k141_27070_4_11151250	157	57	35	0	93	316	272
SRR18331972_k141_91708_4_145110785	75	50	52	0	9	140	205
ERR4678616_k141_1267716_1_89394426	93	77	26	0	2	104	141
ERR4869719_k141_316674_3_75462540	316	109	52	0	0	333	299
ERR1725960_k141_79493_1_178807595	274	57	43	0	1	137	511
SRR14751605_k141_635733_2_463012663	131	91	31	0	5	231	129
SRR3501889_k141_239819_3_58471690	467	163	85	0	15	511	428
SRR18749959_k141_152899_1_92040598	13	46	32	0	3	97	96
SRR22105537_k141_633337_1_145444308	198	57	31	0	1	124	180
SRR9852189_k141_940722_1_164939691	426	54	42	0	1	93	273
SRR14932673_k141_1020190_3_770016173	227	103	42	0	26	167	123
ERR2592246_k141_230670_2_31157907	275	100	53	0	15	100	469
SRR22752040_k141_454195_5_279471652	241	116	70	0	0	218	143
SRR22372594_k141_194155_2_210662483	102	87	31	0	13	121	63
SRR10761724_k141_1870761_1_51004262	225	73	77	0	1	213	475
SRR19238511_k141_759380_1_132377856	122	139	37	0	5	429	197
SRR22372587_k141_189340_2_186544410	25	75	57	0	1	147	105
SRR8351385_k141_1824978_2_210116553	93	51	77	0	1	215	124
SRR14932518_k141_1313437_3_497779863	346	146	70	0	9	487	333
ERR4678565_k141_212373_1_158548549	399	82	51	0	6	129	416
SRR14932645_k141_394332_2_713573210	299	150	40	0	9	144	110
SRR12404961_k141_2706239_5_11989516	16	53	44	0	6	132	166
ERR4678616_k141_628733_1_88605357	9	50	40	0	8	100	210
SRR6337683_k141_182014_1_501979119	43	49	31	0	0	160	161
ERR1713407_k141_3311_1_166117513	22	78	55	0	4	139	237
SRR7369915_k141_1024890_1_12345965	144	104	38	0	4	374	359
SRR10132625_k141_104915_4_284683904	73	91	27	0	1	286	287
ERR4678653_k141_945225_1_270029007	15	56	44	0	1	98	66
ERR4678651_k141_633541_2_127280114	382	66	36	0	6	195	502
ERR1725967_k141_49559_1_180280291	67	51	56	0	0	81	358
SRR14560399_k141_871646_1_406421019	131	91	25	0	9	445	133
SRR22752041_k141_619017_1_281694934	15	61	65	0	3	138	182
SRR21427517_k141_198241_1_172330832	45	80	65	0	5	175	304
SRR14751629_k141_1122793_3_524992496	192	124	43	0	8	410	378
ERR1725979_k141_33773_1_185645828	114	96	49	0	3	333	202
SRR22372562_k141_210766_9_207033076	67	159	39	0	11	182	127
ERR1725942_k141_435203_1_172295980	93	53	31	0	1	124	421
ERR4678634_k141_1662255_3_112914138	112	155	43	0	27	493	228
SRR13608737_k141_468785_7_364080934	282	70	39	0	5	132	123
ERR12084949_k141_648836_1_17092593	55	78	37	0	1	245	76
ERR4678695_k141_802915_1_277447530	389	186	34	0	0	436	127
SRR11674029_k141_442436_1_430171692	89	78	45	0	5	300	185
SRR13608701_k141_572363_14_347295775	51	58	24	0	223	237	87
SRR7912025_k141_52442_1_58907632	55	66	54	0	1	156	407
ERR3761226_k141_1398652_1_102528237	366	142	81	0	11	358	339
SRR19786839_k141_265365_1_560638052	125	71	74	0	1	137	459
ERR4678563_k141_1288802_2_155181040	262	69	26	0	3	156	322
SRR22752015_k141_232013_1_261810000	22	90	54	0	5	156	83
SRR14932552_k141_1232861_33_563407340	403	193	107	0	12	553	424
SRR13727535_k141_19550_1_132056035	364	52	53	0	2	164	234
SRR22372551_k141_131514_6_188799754	23	67	67	0	8	130	199
SRR21203057_k141_6343_1_166297837	48	46	39	0	1	90	163
SRR12354360_k141_345066_3_234695057	129	75	63	0	1	143	446
SRR13727538_k141_179105_34_134993637	66	44	67	0	0	99	365
SRR7369913_k141_228467_2_9675796	27	115	86	0	20	238	153
SRR11088411_k141_1746021_1_76906443	335	89	91	0	1	174	478
SRR9852182_k141_752595_1_287207821	312	64	30	0	1	127	68
SRR14932485_k141_1578285_18_453616543	97	116	70	0	2	282	97
SRR14932641_k141_1164723_1_705317003	245	51	27	0	2	174	132
SRR7369916_k141_175850_2_14514486	208	133	42	0	9	179	96
SRR19786822_k141_202517_1_581247348	237	78	38	0	160	398	317
SRR9852175_k141_1700619_2_271803297	505	247	110	0	9	558	449
DRR125125_k141_258597_3_128607651	61	72	23	0	2	269	231
SRR14932643_k141_111813_4_710885252	352	131	35	0	5	320	63
SRR18331977_k141_13647_2_178630335	131	80	53	0	3	320	249
SRR19238509_k141_135377_10_130051233	290	161	65	0	9	423	405
ERR4678648_k141_1256486_2_122414878	191	126	68	0	4	250	388
ERR4678572_k141_1043017_1_9945917	97	49	31	0	1	133	430
SRR22752045_k141_1336849_2_290088981	205	196	67	0	9	245	162
SRR7369920_k141_101078_1_17721884	21	50	33	0	1	276	107
SRR22752040_k141_1454714_1_278496512	272	80	56	0	70	332	353
ERR4678594_k141_292161_3_57498665	122	53	41	0	1	144	439
SRR6986826_k141_151782_2_34948160	34	55	59	0	8	142	226
SRR12964611_k141_490191_2_112387565	20	92	64	0	5	143	62
ERR1725998_k141_60902_1_68512944	209	122	46	0	78	391	316
SRR22372589_k119_132023_1_187550094	104	85	41	0	13	209	94
SRR8831201_k141_1686630_2_211250764	307	79	50	0	0	176	148
SRR20309467_k141_1997_14_174836811	105	44	54	0	1	133	434
SRR20309467_k141_444801_69_174967796	158	120	24	0	2	166	82
SRR19238507_k141_314779_3_128067064	372	119	59	0	33	173	216
SRR20681263_k141_735365_2_164316537	280	100	48	0	2	178	169
ERR2592247_k141_375688_1_22541247	254	165	93	0	2	352	218
ERR11269296_k141_983384_1_52441808	29	51	57	0	13	137	253
SRR14932548_k141_971496_2_557888961	151	93	38	0	2	395	203
SRR10132660_k141_72921_3_292016257	246	80	71	0	2	141	470
SRR10132619_k141_313751_1_280945334	108	54	33	0	3	115	75
SRR14143314_k141_138431_32_28976109	109	63	36	0	1	124	427
SRR10131201_k141_77015_4_300864	219	257	78	0	10	104	202
SRR13727538_k141_58242_1_134701386	203	118	99	0	1	318	145
ERR9855085_k141_350032_1_5402259	252	66	60	0	43	275	507
SRR3501859_k141_1053604_1_43005734	327	292	81	0	28	223	177
SRR20309469_k141_1221749_1_177997450	96	53	54	0	0	133	431
SRR10761724_k141_1263816_4_49679251	462	245	133	0	15	557	380
SRR22752041_k141_1425864_1_280794897	106	64	50	0	2	152	421
SRR6986822_k119_141526_1_33413367	7	48	44	0	1	82	159
SRR11536955_k141_1646409_1_92211123	19	55	56	0	8	126	254
SRR12404961_k141_3260557_3_9957610	108	45	32	0	0	122	422
SRR14751592_k141_1150814_1_455281934	45	47	30	0	1	264	256
ERR9855089_k141_837550_1_58754316	226	59	31	0	0	187	395
ERR4678658_k141_827917_2_134372353	46	125	34	0	16	82	138
ERR4678651_k141_208388_2_127524511	16	52	34	0	0	94	100
SRR18331993_k141_20611_2_174650570	173	63	66	0	1	145	456
ERR2592274_k141_125039_2_57982949	41	45	34	0	0	143	170
SRR22372551_k141_176375_3_188441270	159	123	34	0	19	356	240
SRR15085116_k141_275472_2_51603844	381	169	33	0	3	371	115
SRR6797149_k119_33752_2_5226389	161	113	65	0	20	79	216
SRR14932579_k141_40798_2_611683596	314	194	58	0	28	264	178
SRR8797411_k141_232216_1_59699611	71	58	30	0	0	82	351
ERR4869742_k141_1177976_1_90812455	384	135	29	0	72	398	191
ERR1414212_k119_54658_2_3472711	398	147	88	0	21	85	236
ERR12084946_k141_116234_8_11942039	19	59	50	0	6	144	142
SRR6986814_k141_102817_1_7198970	241	239	51	0	9	113	194
ERR3281028_k141_138192_7_7112210	229	206	57	0	59	458	71
SRR12396704_k141_142539_2_236804231	198	54	54	0	0	121	468
SRR11088473_k141_1229405_5_400313893	425	175	83	0	4	351	169
SRR13608700_k141_489908_6_387199338	22	81	55	0	6	160	65
SRR15085115_k141_426721_10_50215385	19	51	44	0	1	118	127
ERR12084943_k141_1017533_1_7265384	173	120	33	0	19	183	59
SRR14492199_k141_457036_122_392813730	51	85	25	0	0	342	126
ERR4869718_k141_387057_3_73540166	363	92	38	0	0	275	102
SRR8517158_k141_470030_1_91755329	110	62	36	0	0	210	214
ERR4678603_k141_131651_3_67943924	21	60	57	0	7	123	233
ERR4869822_k141_1122071_2_150380733	152	221	57	0	28	215	111
ERR2592256_k141_256150_1_23959799	15	53	44	0	1	108	78
SRR21427515_k141_330823_1_47104553	48	88	66	0	5	152	61
SRR6337684_k141_178904_13_502104936	294	72	43	0	1	212	193
SRR14932522_k141_290830_1_508416816	196	82	29	0	2	291	272
SRR14932552_k141_1424502_4_563717681	362	79	69	0	0	116	190
SRR14932577_k141_1021250_1_607202071	324	326	102	0	50	393	227
SRR19238502_k141_357826_5_121719642	12	58	39	0	3	102	102
SRR19238502_k141_360801_1_121824602	62	249	58	0	18	136	179
ERR2592257_k141_5947_1_4866080	419	83	75	0	1	239	442
SRR13171207_k141_326251_1_43680828	7	46	39	0	2	80	178
ERR5954449_k141_666366_5_223195194	192	63	45	0	9	283	144
SRR21694251_k141_3233123_1_570889749	188	119	38	0	19	386	285
ERR11269307_k141_530163_2_205831596	185	87	23	0	2	317	352
ERR4869733_k141_512588_1_87043340	167	71	28	0	1	287	232
SRR10132625_k141_24849_1_285315145	21	62	55	0	4	118	246
SRR13107686_k141_585950_4_326422831	115	162	32	0	9	193	84
SRR10132658_k141_639306_3_378647679	265	60	26	0	0	119	179
SRR10132668_k141_248812_2_298062745	28	54	37	0	0	88	67
SRR14932545_k141_59298_1_550439330	198	81	36	0	0	241	307
SRR2107174_k141_133095_10_16405427	445	78	97	0	3	152	122
SRR9852175_k141_150299_1_273032196	207	130	84	0	2	366	305
SRR14932582_k141_150358_1_616517061	500	86	70	0	11	107	374
SRR8512239_k141_244976_18_64893886	136	73	27	0	14	138	85
SRR11235435_k141_2057034_3_417329032	249	51	23	0	0	86	201
SRR14932482_k141_166633_16_450211535	339	92	32	0	1	96	348
SRR3098764_k141_275837_1_755957	12	55	50	0	18	123	179
SRR10131203_k141_44239_2_279756173	52	143	45	0	2	378	273
SRR10132616_k141_325158_1_376096755	122	72	65	0	1	142	444
SRR18331980_k141_29155_2_179186977	24	60	59	0	2	133	220
ERR2592256_k141_118590_1_23987236	101	46	40	0	59	185	355
SRR6747789_k141_374586_1_146993924	238	113	57	0	48	130	132
SRR13171215_k141_58505_36_46368346	202	84	34	0	0	302	277
SRR21802942_k141_71547_7_173902707	476	110	68	0	23	221	518
ERR4869782_k141_1437574_1_115605575	360	173	112	0	3	492	345
ERR1414214_k119_308733_1_4147530	160	55	40	0	1	131	103
ERR2592274_k141_100990_5_57342068	85	44	45	0	27	191	460
SRR11088382_k141_1286620_3_366600904	119	48	31	0	0	121	263
SRR25018389_k141_419471_2_620309390	189	67	31	0	0	123	164
SRR12328016_k141_194694_1_217761633	278	188	53	0	247	243	134
ERR4678613_k141_193848_2_29351924	190	50	39	0	0	176	407
SRR10132666_k141_240985_1_296816999	283	125	46	0	8	305	324
SRR9852169_k141_492126_1_154393729	477	75	46	0	10	82	350
SRR1144841_k119_264924_2_123846	175	87	24	0	3	292	345
ERR9855094_k141_431794_1_37648983	75	50	30	0	1	116	410
SRR11088392_k141_1204328_1_10818649	33	76	74	0	6	156	257
ERR1725992_k141_860525_1_65174625	50	50	30	0	1	174	338
SRR14932560_k141_42676_2_581703081	473	106	43	0	0	103	189
SRR15085116_k141_5803_3_50928646	425	135	55	0	2	166	419
SRR22372569_k141_389829_11_196687233	202	74	64	0	0	83	159
SRR13225461_k141_412696_3_346629750	153	177	24	0	10	148	73
SRR10132626_k141_531299_9_377235056	160	70	40	0	3	253	230
SRR18749947_k141_917145_95_99077299	29	98	77	0	9	218	134
SRR18749947_k141_648636_2_99310076	17	102	73	0	9	189	101
SRR13727519_k141_477123_290_118250671	33	107	72	0	13	217	173
ERR4678583_k141_727963_1_25966198	51	45	31	0	2	87	337
ERR11181241_k141_94858_1_3246197	147	65	61	0	1	158	449
SRR13225459_k141_174988_4_346082567	16	44	37	0	4	115	99
ERR1713352_k141_1553171_1_107062444	128	52	37	0	2	142	450
SRR26726063_k141_194612_6_158211925	108	72	43	0	0	276	302
SRR26726063_k141_48398_1_158381610	349	96	69	0	7	104	417
ERR4678605_k141_625032_3_70353772	8	58	51	0	5	111	185
SRR9261034_k141_208379_2_241349590	92	51	57	0	1	116	433
ERR12084944_k141_140959_4_8292705	43	138	37	0	0	305	59
SRR14932642_k141_907983_1_708217934	227	52	44	0	2	188	347
SRR14751602_k141_2164658_3_456621604	107	51	60	0	0	123	414
SRR5306406_k119_10406_2_595320501	314	91	67	0	1	200	413
ERR1713367_k141_842515_1_121907305	514	298	128	0	26	251	512
SRR11088434_k141_628497_2_381918079	162	46	33	0	0	152	362
ERR9855095_k141_896407_2_41133603	131	74	60	0	1	150	466
ERR4678617_k141_385681_1_90891964	507	92	51	0	5	98	380
SRR19786835_k141_327762_6_557472912	6	52	36	0	4	97	203
ERR1713384_k141_1520182_1_137436950	95	142	71	0	1	349	434
ERR4678661_k141_944425_1_163082580	312	84	60	0	2	143	462
SRR18749963_k141_961882_7_96139326	273	227	67	0	20	212	207
SRR4754862_k141_1053491_1_118306984	40	85	60	0	12	145	73
ERR5954460_k141_654995_2_232488508	128	95	31	0	1	311	73
ERR4678630_k141_682857_1_107953118	127	93	62	0	11	149	372
ERR1713340_k141_34384_1_91436186	301	139	100	0	11	421	470
SRR22752040_k141_702070_1_278595593	270	57	23	0	0	191	185
ERR5954373_k141_811918_4_172970945	224	114	24	0	37	457	94
ERR4678603_k141_1134851_1_67610530	26	63	55	0	5	141	274
SRR13608725_k141_436206_2_359998877	108	53	51	0	0	131	451
SRR22372521_k119_98131_1_184518893	179	47	27	0	0	128	456
SRR20309467_k141_331257_1_174816687	450	144	74	0	11	263	354
SRR14932625_k141_523138_4_675958822	52	45	26	0	2	250	223
SRR22372545_k141_204270_1_216250968	96	212	26	0	9	185	83
SRR9261039_k141_264340_1_244144646	350	137	59	0	58	350	252
ERR4678577_k141_1513512_1_41661350	184	92	55	0	1	220	354
SRR14143301_k141_56204_12_72158224	133	131	24	0	3	106	118
SRR19238508_k141_513834_1_128478515	22	62	54	0	3	153	198
SRR10598216_k119_367987_7_50749353	28	79	88	0	10	168	288
SRR18749955_k141_227024_2_108283907	80	52	23	0	1	96	86
SRR7369910_k141_847884_1_39797334	143	159	28	0	12	499	268
SRR11088437_k141_4146117_1_112651980	203	70	40	0	3	349	277
ERR4678618_k141_649357_1_91933270	271	120	62	0	18	311	208
ERR1713391_k141_1444057_1_147302925	153	51	73	0	0	93	388
ERR11269310_k141_1441301_1_210810490	213	140	85	0	3	275	479
ERR472739_k141_17169_2_63902100	97	86	37	0	2	123	306
SRR14932613_k141_483646_1_656137881	132	85	57	0	2	176	366
SRR19238508_k141_603910_2_128694000	4	49	35	0	1	84	80
SRR26726063_k141_188010_2_158281589	105	64	93	0	4	276	187
ERR1713372_k141_729308_2_128007376	303	166	95	0	5	423	490
SRR12113392_k141_292696_6_54911555	130	162	74	0	34	81	121
SRR6337688_k141_43543_1_503517050	115	47	32	0	5	177	167
ERR4678568_k141_1038673_9_3595492	331	148	63	0	7	466	283
SRR14932537_k141_66772_1_536179953	182	86	31	0	1	85	80
SRR8351385_k141_2127954_2_210453452	249	119	43	0	7	187	150
SRR2103013_k99_9365_1_201684230	65	129	38	0	36	180	85
SRR8512220_k141_170260_59_61453122	22	48	29	0	3	119	209
SRR22184775_k141_694553_1_591030368	7	50	51	0	11	131	88
SRR14932629_k141_403530_1_683103688	136	75	41	0	0	268	303
SRR14932627_k141_1242843_1_679018319	362	45	57	0	2	99	403
ERR3281030_k141_364209_1_8574310	125	74	24	0	2	302	232
SRR24226011_k141_77740_247_190426838	105	153	35	0	13	93	99
SRR12450756_k141_257073_1_237537798	83	81	79	0	1	233	76
SRR15085126_k141_156007_2_57775187	19	59	63	0	6	145	126
SRR8208344_k141_176447_2_30681504	267	139	61	0	1	361	478
SRR14560416_k141_500978_1_417537916	160	98	30	0	2	141	70
SRR6747791_k141_43610_1_152484597	220	65	29	0	1	225	74
SRR15669521_k141_379267_1_142880712	409	143	99	0	42	299	246
ERR2592329_k141_1009404_1_49982857	185	67	39	0	6	232	305
ERR4869821_k141_1052383_6_147868750	40	44	28	0	1	221	224
ERR4678674_k141_469127_1_191873765	74	44	33	0	0	105	398
ERR1713386_k141_90666_1_142196859	17	50	40	0	3	110	265
ERR11269309_k141_545303_1_209539296	11	53	54	0	7	126	274
SRR8797412_k141_345028_5_60069505	15	47	57	0	1	109	196
SRR14932626_k141_398251_1_677493208	437	74	36	0	0	84	80
SRR7369924_k141_638224_1_24627072	41	52	46	0	0	119	159
SRR6797151_k119_63751_259_20585390	171	69	29	0	0	160	135
SRR6986820_k141_65121_57_32527860	322	185	44	0	45	134	247
ERR4869810_k141_882418_2_136300435	47	89	62	0	0	106	277
SRR14932584_k141_688283_3_618926643	200	50	29	0	0	80	120
SRR15669520_k141_731821_39_140528025	307	111	34	0	5	102	227
SRR13171207_k141_439653_5_44197048	312	83	37	0	16	89	238
SRR22752046_k141_831846_2_292176463	16	65	57	0	1	80	89
SRR11088456_k141_614382_1_142194384	350	82	51	0	3	211	361
ERR1713380_k141_459962_2_132664131	285	135	64	0	4	367	434
ERR4678577_k141_1093002_1_39950931	48	100	95	0	15	213	354
SRR18749953_k141_9697_12_106142533	90	104	37	0	17	126	93
SRR22372524_k141_442985_2_202125524	50	94	88	0	16	194	277
ERR11269310_k141_104981_1_210044277	325	151	68	0	59	442	408
ERR11269310_k141_1075071_8_210454787	26	64	67	0	11	151	200
SRR22752041_k141_260496_3_280465997	35	71	46	0	3	143	78
SRR22372577_k141_133179_1_227548543	331	66	23	0	0	170	319
SRR19786833_k141_435547_1_555445160	16	46	38	0	2	104	236
ERR1713408_k141_716351_4_169033786	137	81	25	0	1	332	320
SRR19238505_k141_269745_1_125438202	19	74	52	0	15	178	190
SRR26726066_k141_179810_1_160862968	25	158	38	0	10	84	74
SRR13608705_k141_78214_8_352436147	328	88	46	0	0	118	282
ERR1713406_k141_842596_1_164535988	339	118	83	0	4	190	510
ERR4678694_k141_180332_1_187705588	7	51	40	0	6	92	181
SRR6337683_k141_234605_2_501724857	306	118	59	0	5	424	298
SRR15085116_k141_96556_2_51211344	19	46	33	0	0	83	121
SRR10132659_k141_236698_1_291110569	224	120	43	0	1	389	353
ERR4678634_k141_980440_1_112690125	122	65	70	0	0	105	412
SRR14932676_k141_817342_3_774121023	162	165	37	0	4	172	102
ERR11269309_k141_226592_2_208683238	5	48	36	0	4	80	141
SRR3501854_k141_702929_1_33650212	368	91	61	0	4	228	193
SRR8512245_k141_162012_2_68898168	196	46	41	0	0	125	123
ERR1713364_k141_487537_4_118645074	107	57	34	0	0	120	407
SRR13225447_k141_219970_2_383623896	49	90	91	0	19	182	287
SRR25018392_k141_565338_5_622498233	84	45	49	0	0	101	405
SRR9852217_k141_1299030_1_355493399	337	70	81	0	0	138	185
SRR11536955_k141_753674_3_94124689	6	48	40	0	1	80	179
ERR4678567_k141_1160567_1_1793364	83	47	53	0	1	109	417
ERR4678615_k141_513085_1_87111505	85	47	23	0	1	113	425
SRR3501884_k141_388809_3_48295177	243	227	26	0	8	293	126
SRR19238510_k141_429832_1_131501462	229	119	89	0	2	287	464
ERR4678580_k141_453666_2_46927071	316	81	59	0	2	224	421
ERR3281028_k141_407882_1_7233124	141	79	49	0	2	223	102
ERR2592265_k141_26820_1_295909	384	170	84	0	2	470	486
SRR12404961_k141_1566917_2_11801417	191	124	41	0	213	416	346
SRR13727518_k141_415183_94_117475668	315	104	38	0	2	255	234
SRR7369924_k141_182572_1_25453879	515	257	158	0	14	574	508
SRR13727525_k141_173437_3_121501587	453	69	29	0	2	92	356
SRR10132625_k141_178081_1_284885147	169	105	35	0	3	365	303
ERR4678625_k141_1015567_1_102572626	91	46	26	0	2	149	202
SRR9852219_k141_1632864_3_171661179	380	98	47	0	4	174	427
SRR4754862_k141_1374152_6_118407499	318	69	23	0	20	121	164
ERR4678597_k141_182429_1_28394279	17	63	55	0	6	131	288
SRR14932627_k141_86295_2_678826515	467	68	65	0	1	165	438
ERR4678568_k141_299232_1_3659842	61	53	53	0	7	80	265
SRR14932584_k141_141578_8_618552914	170	103	48	0	2	276	151
SRR11536956_k141_1647954_9_71161400	213	197	50	0	32	288	119
SRR11088394_k141_551907_1_370451187	147	74	76	0	0	155	463
SRR14932495_k141_1290606_1_468854592	290	105	39	0	0	306	253
SRR21427517_k141_102814_1_171810465	134	78	23	0	0	119	94
ERR1713355_k141_253348_10_110166616	173	50	46	0	1	147	223
SRR25018378_k141_868515_2_617432963	162	79	37	0	0	229	359
SRR13225455_k141_673313_1_342872301	228	67	24	0	2	156	141
SRR11088396_k141_1127504_2_374710295	366	47	33	0	0	121	399
SRR6337694_k141_289074_1_507059640	322	153	69	0	1	485	365
SRR6797137_k119_197810_1_13848665	70	52	48	0	0	80	345
SRR14751602_k141_1234737_3_457308112	161	67	43	0	0	235	430
ERR4678632_k141_188062_2_108594152	135	73	69	0	1	145	283
SRR14751603_k141_1159179_1_458365684	144	65	64	0	2	165	130
SRR9852182_k141_830762_2_287443678	335	90	67	0	34	174	220
SRR22372536_k141_248745_1_193511436	177	152	35	0	35	109	230
SRR14932621_k141_666813_2_670209279	181	192	44	0	12	244	108
SRR6439736_k141_82808_1_2607775	48	52	23	0	3	250	266
SRR7912025_k141_234448_22_58978879	25	62	51	0	20	139	245
ERR1713350_k141_832818_2_104627334	229	44	40	0	0	150	140
SRR12964613_k141_672941_1_114749375	17	96	68	0	13	215	131
SRR9852201_k141_913780_1_323694739	282	85	38	0	18	275	168
SRR14560430_k141_421329_5_424098705	246	132	62	0	11	331	159
ERR2592252_k141_321092_1_27486389	102	113	30	0	0	230	262
SRR14932667_k141_36702_1_761126808	465	208	109	0	10	547	488
SRR22105547_k141_154418_3_158341529	81	46	29	0	3	339	259
SRR21427518_k141_411952_53_146292455	58	70	39	0	9	94	67
ERR4678628_k141_1581645_1_32874527	10	51	41	0	5	100	191
SRR11088398_k141_1551980_1_105526204	139	89	75	0	0	240	77
ERR9855093_k141_699706_1_28601679	100	45	30	0	0	151	365
ERR4678688_k141_381880_1_275786408	7	57	50	0	15	142	155
ERR4678616_k141_97600_4_89134792	241	148	85	0	1	419	460
ERR12084944_k141_657120_1_8431140	280	50	59	0	2	190	78
SRR10598217_k119_23646_1_51169899	94	110	50	0	29	426	233
SRR22105531_k141_504465_3_137878136	346	153	48	0	3	94	228
SRR22372552_k141_102341_3_189066061	113	137	60	0	0	161	63
SRR14932642_k141_641458_3_708514718	146	71	29	0	7	328	301
SRR2107182_k141_261282_8_19174128	231	66	44	0	0	178	83
SRR22105541_k141_457886_1_150127986	295	56	42	0	6	117	73
ERR4678651_k141_714795_3_127344921	121	66	60	0	2	130	427
SRR12404963_k141_18715_2_78363828	245	225	43	0	12	288	82
SRR11088382_k141_580568_1_367717291	116	50	23	0	0	200	170
SRR7369916_k141_959529_3_13655753	170	141	75	0	4	425	146
SRR13727520_k141_65807_72_119333767	187	132	52	0	0	303	118
SRR14932491_k141_85013_2_466016052	73	45	26	0	1	92	79
ERR4225396_k141_120065_22_62092378	152	97	61	0	3	342	243
SRR13608728_k141_1211630_2_361541675	243	148	36	0	8	120	78
SRR14492190_k141_157188_1_376014065	204	137	40	0	213	218	172
SRR14560416_k141_395500_2_417658381	225	156	34	0	6	502	327
SRR1702232_k141_73425_2_12966827	383	75	34	0	0	168	63
ERR4869763_k141_84024_1_104404419	65	44	23	0	0	212	265
SRR13608701_k141_1931535_1_349095947	135	116	33	0	5	381	314
SRR12404955_k141_12647_1_147261558	72	86	24	0	4	383	181
SRR6797145_k119_3950_97_1871470	4	90	33	0	1	107	125
ERR4869708_k141_53396_1_66569884	33	64	26	0	17	306	135
ERR5954470_k141_533485_5_269687590	135	81	27	0	5	336	256
SRR5123271_k141_514903_1_39197569	56	64	38	0	1	202	320
ERR4678669_k141_415462_1_170354021	20	64	69	0	4	149	217
SRR13727528_k141_130973_22_127109581	88	74	56	0	15	116	159
SRR4833053_k141_179142_1_4102664	322	119	42	0	2	245	350
SRR11088411_k141_1282522_1_76582454	124	51	27	0	0	132	77
SRR13225458_k141_389254_1_345427344	151	234	47	0	6	79	120
SRR22372552_k141_29160_4_188958254	428	205	53	0	19	251	354
SRR21427517_k141_208197_3_171982370	105	56	40	0	3	97	68
SRR22752014_k141_1101109_2_260696367	119	64	33	0	12	112	72
ERR1713407_k141_214998_3_166462454	98	58	31	0	0	100	120
ERR1713406_k141_739465_1_165547373	59	76	49	0	1	175	332
SRR13171215_k141_126831_2_46332292	242	73	27	0	1	249	132
SRR11088398_k141_644895_1_104824148	129	103	25	0	2	302	202
SRR6986814_k141_202516_4_7247123	137	70	41	0	11	240	130
SRR21802942_k141_652298_2_173625290	171	76	33	0	2	275	258
SRR12404961_k141_1553339_2_11528393	6	45	42	0	2	85	190
SRR12964614_k141_1110113_1_115623694	241	143	81	0	4	433	204
SRR7369911_k141_1126499_1_41561994	198	95	45	0	127	222	176
SRR18331980_k141_44233_1_179152973	26	45	47	0	3	128	202
SRR12404958_k141_826748_1_48255717	37	91	30	0	2	364	74
ERR4869709_k141_382291_1_67552781	122	145	37	0	12	187	59
SRR13171207_k141_388943_110_44111579	420	70	78	0	2	206	264
SRR9644739_k141_285267_38_64843344	46	114	73	0	8	202	152
SRR19786830_k141_535369_3_553014441	25	50	48	0	1	127	253
SRR6797130_k119_59194_24_6949645	28	63	75	0	13	161	232
SRR12964611_k141_488210_2_112296197	67	46	59	0	0	103	374
SRR14751605_k141_489823_1_464021248	92	63	28	0	25	308	226
ERR4678628_k141_1367459_2_34395518	9	53	47	0	7	108	237
SRR14932530_k141_962200_6_524004474	157	89	48	0	1	352	341
SRR13706189_k141_348111_1_242733243	336	66	42	0	6	160	265
ERR4678642_k141_472889_3_145091621	467	221	124	0	5	522	493
ERR1713405_k141_502269_1_162429333	60	51	31	0	0	82	326
SRR9852192_k141_1122431_1_302849842	525	60	76	0	12	161	496
SRR13727526_k141_190426_3_121962312	207	101	81	0	3	406	418
SRR13608728_k141_625593_3_362162701	515	130	65	0	10	109	407
SRR3501855_k141_922821_1_34927299	274	58	34	0	8	169	67
SRR8648015_k141_753108_1_1652274	60	76	70	0	5	180	282
SRR10132621_k141_165829_2_282090103	13	81	61	0	5	151	77
ERR4678603_k141_783663_1_67704681	84	62	66	0	0	109	390
SRR15669517_k141_136826_6_136063831	241	51	28	0	0	115	163
ERR4869756_k141_326118_12_99496409	252	141	47	0	9	209	124
SRR6986821_k141_22158_1_32790820	160	144	70	0	61	89	80
ERR4678634_k141_1125699_8_112527403	473	220	105	0	32	216	484
SRR14751607_k141_1907265_1_467957460	118	47	59	0	34	234	472
ERR4678693_k141_654671_1_186735232	331	77	39	0	19	264	218
SRR15669519_k141_119871_6_139443178	346	237	75	0	9	139	134
ERR11269305_k141_833924_3_203132103	135	98	32	0	78	350	272
SRR2062623_k119_161267_3_14750110	186	156	29	0	5	215	179
SRR18331982_k141_81767_1_179405784	173	105	64	0	10	172	402
SRR13225459_k141_134482_1_345964001	11	52	55	0	32	86	192
SRR14751592_k141_179721_5_454366700	17	76	74	0	4	148	203
SRR446576_k99_61309_1_49375902	168	50	26	0	3	227	130
SRR13727528_k141_291609_3_126518258	175	66	38	0	0	166	60
ERR4678580_k141_1184617_2_45253250	126	54	45	0	0	146	437
SRR22372524_k141_209062_21_202001320	102	77	26	0	0	186	82
ERR1076082_k141_883185_5_3033853	325	152	37	0	1	108	61
SRR14932513_k141_1083133_1_488002744	113	67	48	0	1	147	447
ERR1726020_k141_77244_1_32774343	10	56	41	0	11	142	147
ERR3281040_k141_241800_1_22820456	97	50	56	0	2	107	381
SRR10132672_k141_113773_1_301135510	178	100	33	0	2	330	101
SRR14751607_k141_314923_1_470804836	36	57	64	0	4	134	168
SRR22184775_k141_590439_1_591720529	51	86	69	0	12	208	175
SRR19238506_k141_359415_2_126923446	97	58	34	0	1	276	86
ERR1713394_k141_1039706_2_150781506	122	66	45	0	0	124	404
SRR6747717_k141_545965_1_66736996	324	73	45	0	0	167	236
ERR2592260_k141_70529_13_13311398	112	136	37	0	12	349	240
ERR11269302_k141_1795336_1_198585895	437	210	101	0	7	542	498
ERR12084963_k141_480054_1_37115681	206	95	58	0	0	286	198
SRR26726070_k141_214582_1_161789596	167	46	28	0	1	191	85
SRR19786846_k141_115159_1_565334563	63	99	73	0	8	192	172
ERR5954458_k141_620261_1_268708558	127	147	43	0	8	476	106
ERR4678689_k141_276237_1_180491551	95	84	41	0	1	343	328
ERR3281021_k141_85942_49_651853	121	62	65	0	1	129	422
ERR2592260_k141_316140_3_13486093	142	113	37	0	30	381	333
SRR21802942_k141_313127_7_174070925	64	71	23	0	1	283	71
SRR2107181_k141_52428_2_18812535	122	51	28	0	6	115	62
SRR14932619_k141_999573_2_665853121	16	74	49	0	1	126	62
SRR24226017_k141_223003_1_198046132	399	221	48	0	7	85	279
SRR22372509_k141_24084_1_179359223	42	96	69	0	15	198	322
ERR4678600_k141_64375_1_64298268	149	68	35	0	2	188	400
SRR11088469_k141_162360_1_13518881	121	109	61	0	23	154	392
SRR6747778_k141_506773_40_126738042	10	57	42	0	1	100	203
ERR4678672_k141_458327_1_188954702	311	113	90	0	1	285	488
ERR3281033_k141_261036_3_22097947	402	83	25	0	0	186	95
ERR4678597_k141_51216_1_28679078	8	49	48	0	11	109	220
ERR1725975_k141_133591_1_184632798	26	74	49	0	6	153	292
SRR15669518_k141_168509_20_136801841	59	57	36	0	5	111	90
SRR6337691_k141_224296_6_505712761	172	101	34	0	1	300	267
SRR18331974_k141_13989_1_145436052	26	53	46	0	1	122	157
ERR11269307_k141_992081_1_206885770	199	79	50	0	21	186	125
ERR11181243_k141_142252_2_3556020	19	63	59	0	3	130	135
SRR10761721_k141_90334_1_72633461	138	84	28	0	1	330	252
SRR10761722_k141_790509_3_121146151	1	71	24	0	0	138	79
ERR12084959_k141_1094537_2_33988186	14	87	56	0	8	165	94
SRR9852194_k141_460552_1_305054088	434	73	36	0	0	91	97
SRR11088476_k141_1054918_17_56432163	177	126	49	0	9	418	341
ERR4678680_k141_94906_1_172884319	468	72	41	0	7	113	391
ERR2592277_k141_261130_1_63798122	74	45	57	0	0	95	389
SRR19238508_k141_815260_2_128745930	150	51	43	0	0	123	448
ERR4869846_k141_222058_1_168695280	7	67	59	0	6	140	80
SRR12964613_k141_705010_2_114817913	390	211	148	0	3	380	498
SRR12404961_k141_1645963_1_10115895	311	63	32	0	8	192	295
ERR1713372_k141_57136_2_128766479	90	53	62	0	0	105	429
SRR25018389_k141_911188_1_621161909	154	113	40	0	2	94	63
ERR2592256_k141_354625_2_24130569	80	57	58	0	0	121	407
SRR12354360_k141_234276_1_235272016	141	84	26	0	33	134	98
SRR12354809_k141_121364_1_235325871	82	51	33	0	0	135	395
SRR1702233_k141_8962_2_13232581	283	66	35	0	6	138	160
SRR17063163_k141_1505195_1_86081108	96	50	24	0	1	267	252
SRR14932643_k141_718331_2_711118477	261	119	37	0	0	421	135
SRR10132616_k141_106564_3_376270647	506	45	71	0	13	159	487
SRR8648015_k141_394295_2_1016298	149	67	76	0	1	125	449
SRR14932615_k141_599201_1_661186618	385	91	53	0	6	203	287
SRR18749959_k141_159575_134_91484977	12	62	52	0	1	110	90
ERR4869746_k141_999657_2_94344164	390	200	116	0	20	544	343
SRR21427519_k141_386710_2_147394854	314	173	52	0	15	177	92
ERR4678589_k141_371053_1_20996339	45	95	80	0	19	208	323
ERR11269310_k141_612931_1_209732921	15	46	50	0	6	102	175
SRR9038830_k141_854424_1_219750093	498	85	65	0	5	97	388
ERR4869826_k141_220319_1_155176836	325	105	39	0	563	412	67
SRR14932524_k141_467049_2_514015335	322	72	92	0	2	224	83
SRR21427519_k141_127964_3_147180694	240	101	81	0	66	261	349
SRR11088392_k141_639683_1_10542552	160	119	85	0	2	284	464
SRR1702232_k141_114875_30_13056923	523	226	126	0	17	387	340
SRR22372556_k141_115701_8_218817280	175	183	57	0	20	200	158
ERR2592260_k141_319015_1_13565056	96	62	54	0	1	129	419
ERR1725974_k141_192660_2_183869522	64	48	46	0	1	107	345
ERR4678617_k141_114260_1_91552169	25	78	79	0	10	171	298
ERR3281034_k141_277420_3_9811283	25	55	53	0	3	117	215
SRR11088469_k141_639248_1_13280441	25	76	75	0	16	172	219
SRR2107219_k141_427260_2_25075834	120	64	38	0	0	249	421
SRR14932516_k141_1462342_1_493948572	127	86	26	0	9	310	231
ERR4678678_k141_275086_1_196920435	114	44	25	0	15	109	103
ERR3281040_k141_256043_522_22911864	297	99	34	0	7	259	60
ERR1713375_k141_106111_1_129661880	232	52	23	0	2	262	419
SRR19786820_k141_428241_10_545750820	100	55	28	0	7	307	317
ERR3281040_k141_167199_2_22826099	29	44	38	0	0	79	322
SRR9644740_k141_164501_3_65539776	124	78	74	0	1	149	451
SRR8648013_k141_1006428_2_20548430	270	67	39	0	2	256	104
ERR12084944_k141_384248_1_8842554	133	60	26	0	0	183	62
ERR4678617_k141_1152632_1_91092486	10	45	43	0	2	80	160
ERR3281036_k141_389562_8_10771368	95	62	36	0	0	141	99
SRR26726064_k141_62797_13_158722954	187	138	100	0	4	425	368
SRR3501887_k141_174419_1_53371672	91	76	25	0	4	351	235
SRR14932612_k141_610727_3_653170662	245	71	38	0	1	244	250
SRR26726064_k141_325158_3_158927618	286	129	66	0	0	458	338
SRR10132668_k141_13736_2_297773536	60	65	24	0	0	238	188
SRR13608705_k141_1589492_5_352703539	124	44	28	0	0	92	100
ERR1713360_k141_436681_1_115248116	51	46	56	0	1	113	249
SRR14932677_k141_1188517_1_775736306	144	94	61	0	18	79	170
ERR2985268_k141_87146_1_57037353	182	81	54	0	12	141	256
ERR4678580_k141_1630834_1_46713909	288	169	90	0	4	445	439
ERR4678576_k141_284247_1_37033887	16	59	51	0	14	130	136
ERR4678614_k141_249724_3_85848103	308	80	73	0	3	166	464
SRR14932624_k141_719827_1_675012611	257	113	54	0	96	429	318
ERR4678651_k141_658857_1_127997817	180	103	35	0	2	391	394
SRR2107218_k141_92195_8_24853324	169	121	34	0	0	121	456
SRR18331982_k141_53619_7_179456628	404	90	101	0	7	128	448
SRR15669520_k141_184988_74_139582777	341	85	40	0	213	290	251
SRR15669520_k141_311446_2_139742653	21	44	46	0	2	111	197
SRR13225447_k141_679626_12_383392094	200	96	73	0	1	286	237
ERR1414232_k119_56605_5_9182141	434	151	40	0	1	352	183
SRR25018397_k141_755670_1_626004005	190	74	30	0	1	247	129
SRR21802943_k141_628785_3_175687066	20	95	78	0	9	181	117
SRR15237802_k141_118484_8_222215277	176	111	56	0	1	392	348
SRR9852187_k141_1761984_1_297663279	478	104	64	0	3	381	445
ERR11269311_k141_394113_2_212483167	506	54	69	0	11	130	479
SRR14932528_k141_964733_4_518579372	160	62	78	0	0	139	439
ERR4678584_k141_101743_1_13521298	10	44	32	0	4	79	216
SRR26726064_k141_45471_3_158611646	173	121	32	0	13	194	136
SRR9261026_k141_9131_2_237601051	244	192	65	0	8	104	83
SRR5877443_k119_542658_1_61779089	42	76	86	0	26	182	327
SRR22372573_k141_90160_2_226302750	72	55	39	0	0	107	377
SRR15669520_k141_296307_1_140345603	147	64	54	0	1	140	452
ERR12084959_k141_1320776_2_34005561	17	62	30	0	0	126	67
SRR10132637_k141_666362_1_290530506	81	57	26	0	2	95	84
SRR8797412_k141_506859_11_60454096	42	70	65	0	9	158	191
SRR14932582_k141_576238_22_616427196	260	59	44	0	7	92	146
SRR10598217_k119_30340_9_51148039	137	141	95	0	11	301	245
SRR21427519_k141_86489_8_147719041	27	63	72	0	8	130	175
SRR25018390_k141_777870_1_622147828	172	97	27	0	374	350	246
SRR19786842_k141_30203_2_563069740	19	64	66	0	10	132	208
SRR11088398_k141_73178_2_103990579	231	130	55	0	227	454	352
ERR4678592_k141_118746_19_56068455	11	57	47	0	9	119	234
SRR14932575_k141_728357_32_604111139	371	115	64	0	5	364	338
ERR11269306_k141_498483_1_203821514	261	47	62	0	0	152	275
SRR7369909_k141_464765_2_39423038	19	46	66	0	3	125	161
SRR25018370_k141_750521_1_614960087	415	114	53	0	1	86	129
ERR4678596_k141_746121_1_61039936	144	73	32	0	3	238	150
ERR11181248_k141_151746_1_5269758	193	80	39	0	0	294	325
ERR1726005_k141_607826_1_16973175	75	55	24	0	2	263	264
SRR6986819_k119_69844_8_32341083	23	49	44	0	7	146	209
SRR13608701_k141_1176330_2_348445111	215	139	61	0	29	143	71
ERR4678635_k141_707362_1_114537787	134	52	23	0	0	142	173
ERR1725970_k141_651066_2_182272895	128	77	57	0	1	141	440
SRR7369923_k141_220067_1_24196221	2	97	32	0	1	281	85
SRR7369918_k141_455124_2_16983250	224	92	42	0	1	323	437
SRR13225454_k141_336288_2_384750996	162	53	46	0	6	264	125
SRR10761724_k141_2166502_1_50106044	145	56	48	0	0	167	421
SRR22372527_k141_272295_2_203563162	19	48	35	0	1	98	78
ERR4678649_k141_824998_4_124108181	88	49	38	0	1	84	322
SRR9261005_k141_88796_1_227331168	118	164	54	0	4	149	73
SRR14932523_k141_277346_7_510899468	232	98	43	0	0	279	369
SRR12113407_k141_1395465_4_75790017	196	137	43	0	6	117	73
SRR17063168_k141_1005409_1_542522341	186	203	89	0	2	415	457
ERR12084946_k141_466249_24_12534943	382	61	27	0	5	110	282
ERR2592343_k141_194568_1_11599210	206	95	30	0	0	189	318
SRR22372589_k119_91224_2_187509092	21	44	27	0	0	91	132
SRR13171207_k141_155201_1_43747146	88	84	39	0	15	142	346
SRR12113421_k141_547054_2_108929284	526	246	133	0	8	570	488
SRR6797128_k119_173774_1_3553604	286	232	50	0	2	103	211
SRR9275567_k79_22334_1_512707893	130	119	28	0	17	359	298
ERR9855088_k141_850131_1_52028764	182	64	32	0	1	176	190
SRR11088382_k141_501500_1_367562732	137	74	38	0	0	154	78
SRR14932513_k141_742586_11_487149335	148	68	24	0	0	181	117
ERR9855087_k141_221328_1_55775897	150	108	54	0	0	191	255
SRR18331988_k141_46779_1_173965724	9	55	42	0	2	105	223
SRR8517158_k141_170001_1_90685542	240	62	32	0	0	182	76
SRR14751606_k141_287506_1_465856509	176	90	42	0	0	318	361
SRR21427518_k141_199558_1_147001535	54	60	36	0	8	107	73
ERR4678613_k141_39233_1_29315821	305	106	75	0	0	280	465
SRR19238511_k141_189428_2_132614547	147	115	40	0	4	403	293
ERR4678602_k141_876395_16_65963439	434	180	82	0	5	470	485
SRR13695361_k141_71101_1_241696943	220	53	44	0	0	206	236
SRR14932678_k141_368460_3_777371392	276	63	27	0	0	261	119
SRR12404948_k141_1876926_9_44456965	283	68	30	0	7	99	300
SRR13727520_k141_109400_1_119124278	124	55	79	0	3	210	64
SRR22752010_k141_858607_2_250583280	99	102	47	0	2	237	126
SRR12113391_k141_111121_1_53328122	232	45	40	0	0	243	204
ERR4678658_k141_381228_1_134417122	4	58	45	0	13	127	83
SRR13171216_k141_105671_2_47524096	98	58	40	0	0	194	368
SRR19238493_k141_742321_1_111406002	67	130	33	0	0	379	201
SRR8648015_k141_726589_1_944727	45	49	27	0	0	169	334
ERR1414213_k119_53770_2_3772738	366	57	50	0	3	165	266
SRR18749953_k141_232783_16_106038052	20	84	64	0	13	175	107
SRR18331972_k141_37455_1_145105770	189	105	85	0	1	179	447
SRR26726063_k141_62860_3_158320716	153	147	56	0	5	328	335
ERR1725982_k141_55574_2_186791717	110	44	42	0	0	98	370
SRR11088437_k141_2014718_1_113316618	424	211	118	0	13	542	476
ERR5954477_k141_737239_1_243043398	221	158	57	0	2	391	96
SRR19238493_k141_614764_2_111365952	301	242	85	0	30	235	159
SRR13727534_k141_937078_41_130916252	106	55	47	0	1	124	80
SRR26726064_k141_35039_6_158757208	204	148	23	0	5	108	103
ERR11181243_k141_62635_1_3602861	24	65	69	0	4	146	179
SRR11673976_k141_1052622_2_418435374	195	85	23	0	1	326	236
SRR11088394_k141_1237656_2_370491314	413	112	48	0	4	119	428
ERR9855092_k141_257645_1_54547829	22	71	72	0	8	149	264
SRR2107181_k141_226164_1_19006547	363	80	44	0	0	114	327
SRR9852177_k141_141804_1_278744146	325	186	49	0	2	136	63
SRR9852206_k141_239670_1_334687176	247	70	44	0	1	171	190
SRR11088370_k141_475789_1_361045228	161	108	31	0	2	269	178
SRR22372573_k141_394853_1_226199124	119	56	66	0	1	129	400
SRR14751603_k141_486690_2_460024470	411	203	69	0	6	493	415
SRR14751603_k141_609269_1_460024486	260	137	100	0	56	385	99
SRR9261023_k141_229366_1_235291131	367	115	65	0	141	300	300
ERR4222588_k141_313429_2_60694665	394	114	75	0	326	440	339
SRR14492169_k141_650316_2_371551174	138	91	37	0	9	118	84
ERR11269308_k141_1320625_1_207655970	182	85	78	0	1	162	466
ERR4678695_k141_319404_1_277463706	136	152	26	0	6	244	75
SRR14932627_k141_491518_48_679536693	47	60	34	0	5	125	225
ERR1725997_k141_277283_1_35418875	131	48	62	0	0	103	385
SRR9852180_k141_663407_1_282314690	366	75	29	0	0	240	63
SRR6797145_k119_125798_2_1847309	36	47	57	0	2	128	227
SRR5278608_k141_541947_1_74533090	222	134	52	0	66	430	356
ERR4222567_k141_452760_7_46706722	79	68	28	0	0	212	88
SRR22372520_k119_31525_1_184092950	65	45	38	0	1	108	392
ERR4678648_k141_232794_1_121827970	22	58	49	0	3	129	173
ERR3281039_k141_165630_11_12697728	193	87	67	0	1	180	419
SRR15669517_k141_170036_1_136497097	94	55	33	0	1	199	106
SRR15669517_k141_158467_7_136038454	34	89	71	0	24	201	134
ERR1713380_k141_757430_1_133563406	157	59	29	0	1	139	108
SRR19238495_k141_494055_1_113177058	108	111	24	0	4	394	156
SRR14932637_k141_304619_2_698451548	326	106	55	0	1	265	168
SRR12404949_k141_916161_1_127575526	264	288	78	0	24	300	124
ERR4678684_k141_672973_2_177894202	86	50	51	0	1	114	427
SRR14932643_k141_363753_2_710728978	217	106	33	0	10	393	316
ERR3281035_k141_36581_8_10294878	308	176	79	0	4	462	437
ERR3281035_k141_31719_39_10364327	227	137	49	0	10	198	119
SRR8512239_k141_228354_2_65087909	205	262	44	0	6	89	127
SRR11088390_k141_938633_1_21445428	206	58	25	0	2	149	208
ERR5954442_k141_795523_2_221444070	249	172	112	0	12	446	461
SRR22372563_k141_801779_1_208084359	265	144	31	0	10	419	108
SRR12404955_k141_797230_2_148182852	115	125	28	0	3	429	227
ERR2105752_k141_77400_11_6487965	196	57	33	0	1	148	452
SRR11088485_k141_287584_1_409587900	300	197	113	0	3	435	442
ERR4678676_k141_172640_1_194108908	76	51	57	0	0	112	326
SRR22372534_k119_254305_1_192593176	320	182	53	0	37	233	139
ERR4678615_k141_1309405_1_86444855	83	53	55	0	0	117	395
SRR11235433_k141_893741_1_414323698	25	56	39	0	3	94	170
ERR1713355_k141_973204_7_111008928	149	75	34	0	0	241	429
SRR14751604_k141_1955034_1_462635908	309	62	46	0	0	159	248
SRR8351384_k141_484881_1_207297124	73	76	32	0	3	117	162
SRR19786822_k141_558119_2_581448125	23	70	57	0	10	135	279
SRR14932623_k141_148250_1_672856427	286	119	66	0	1	385	331
SRR2062623_k119_40893_2_14591239	336	44	26	0	1	87	283
SRR10132618_k141_123504_8_280547149	56	58	55	0	3	109	254
SRR14560426_k141_106454_1_422116680	138	72	39	0	0	271	179
ERR1713386_k141_1229924_11_141911003	9	51	39	0	2	98	196
SRR22372548_k141_82687_4_218169413	261	52	61	0	9	99	151
SRR15085119_k141_414850_134_52650919	171	96	26	0	15	352	277
SRR14751609_k141_730224_2_489730247	94	52	29	0	0	146	113
ERR9855088_k141_453296_2_52201688	70	60	49	0	0	101	366
ERR4678637_k141_36632_1_138108951	253	48	30	0	0	145	68
SRR11088448_k141_1469817_7_1967795	102	67	76	0	9	105	121
SRR3098775_k141_496242_1_98940018	105	48	36	0	0	137	230
SRR18331972_k141_86251_20_145029076	196	78	25	0	1	318	158
SRR18331972_k141_25908_6_145164515	145	49	40	0	2	115	254
ERR1713363_k141_94008_1_117634340	303	157	96	0	4	463	473
ERR4678570_k141_547891_6_6804734	164	99	90	0	1	140	437
SRR19238500_k141_257007_3_119228365	25	111	77	0	16	229	198
SRR6516143_k141_30430_1_57848722	50	47	86	0	0	150	63
SRR21802938_k141_938489_4_170838515	86	44	43	0	28	204	459
SRR19238502_k141_410199_1_121056110	86	100	35	0	15	140	66
ERR4678585_k141_512391_1_14913814	255	99	38	0	0	309	366
SRR14932612_k141_211146_2_652990131	307	72	23	0	1	83	67
SRR11088481_k141_1775149_1_402851156	37	69	77	0	19	172	233
SRR14932571_k141_140306_1_596834936	391	139	29	0	0	354	113
SRR6747779_k141_319266_1_127899051	289	62	28	0	8	140	343
SRR6797133_k119_123962_2_2934689	230	131	75	0	0	263	312
SRR13225452_k141_228250_1_340431910	299	104	67	0	2	332	337
SRR19786824_k141_404160_48_548680044	69	55	26	0	4	303	217
ERR3858111_k141_459866_2_14498290	40	243	52	0	18	96	119
SRR2107219_k141_258337_4_25596480	220	191	44	0	2	81	180
SRR22372587_k141_325320_3_186696847	38	89	77	0	15	195	330
SRR14560433_k141_498071_22_425441750	252	126	44	0	7	441	378
SRR12964612_k141_447675_2_113639687	28	58	59	0	12	110	208
SRR18749955_k141_450202_2_108619767	62	82	58	0	3	167	160
SRR11088392_k141_468271_1_8764965	420	47	47	0	14	135	453
SRR9852194_k141_1127216_3_305838829	221	44	31	0	4	82	67
ERR1713367_k141_1504371_1_120612061	78	83	73	0	3	207	284
SRR11235433_k141_997126_2_414096168	321	66	47	0	0	194	433
SRR13727538_k141_279875_1_134538066	51	62	47	0	1	284	225
ERR2592248_k141_16536_1_65790999	167	50	54	0	2	113	418
ERR4678612_k141_132307_1_82201887	212	93	77	0	1	226	476
SRR11088372_k141_967236_4_363250705	330	100	27	0	1	251	63
SRR10388248_k141_119193_1_28696259	287	186	40	0	6	188	83
SRR19238502_k141_479273_1_121081400	178	83	74	0	1	151	458
SRR22372568_k141_142736_1_195826107	257	73	45	0	2	183	156
ERR1713399_k141_34186_1_193127894	210	78	71	0	1	147	475
SRR6747793_k141_325547_1_161840977	316	129	47	0	10	187	182
SRR15669522_k141_430339_2_143481441	46	45	43	0	0	98	389
ERR1713390_k141_202389_8_144979745	212	46	23	0	4	144	406
ERR1713390_k141_548929_1_145145754	13	44	38	0	4	101	82
ERR4678576_k141_1061195_1_37969204	361	171	88	0	2	466	463
SRR14751592_k141_1016820_9_454252271	53	87	87	0	17	181	242
SRR8351384_k141_557679_2_206666326	211	194	24	0	3	271	109
ERR3281026_k141_4379_18_21139535	312	44	26	0	32	206	315
ERR2592274_k141_295567_1_57838279	78	46	51	0	28	202	463
ERR4869802_k141_50562_1_129099786	102	59	40	0	3	236	418
SRR10132668_k141_233981_1_297576929	166	103	39	0	0	338	236
SRR15237805_k141_106966_1_223326599	25	131	29	0	1	108	127
ERR1414227_k119_349580_2_6500233	230	51	34	0	0	111	190
SRR18749954_k141_199496_5_106963161	171	182	47	0	42	290	109
SRR20309467_k141_733407_24_176167431	73	45	46	0	0	203	346
SRR6797138_k119_24531_1_24605314	4	48	37	0	2	99	212
SRR14932641_k141_694089_2_707263217	341	113	41	0	1	136	184
SRR15085121_k141_49610_5_53898554	230	166	47	0	39	217	129
SRR4343426_k119_51728_1_162240959	126	73	63	0	1	163	456
SRR9260997_k141_158458_1_223156839	245	64	31	0	48	204	131
SRR22372573_k141_340771_2_226099366	368	115	56	0	1	277	335
SRR14932637_k141_1131879_2_697831749	229	65	31	0	0	280	202
SRR4754858_k119_34283_1_86720707	20	129	47	0	3	338	90
SRR1787940_k141_237500_31_143386983	80	78	32	0	0	160	66
SRR8831203_k141_1074728_3_215177539	302	46	23	0	0	131	85
ERR4869782_k141_1013068_16_115544601	136	75	49	0	29	335	264
SRR13225456_k141_646387_1_343713052	6	45	26	0	4	87	133
ERR1713354_k141_501398_6_108857150	516	57	70	0	10	155	491
SRR2062623_k119_256928_3_14519032	167	76	31	0	5	187	151
SRR12113411_k141_716946_1_86215960	51	102	44	0	0	134	171
SRR10761722_k141_240219_1_120074049	12	51	51	0	4	111	222
SRR9852199_k141_1308438_1_320528548	406	49	52	0	2	110	264
ERR4678648_k141_278298_2_121163375	53	60	54	0	14	174	263
ERR4678648_k141_348128_1_121250414	15	47	49	0	5	110	227
ERR4678618_k141_708301_1_91941111	14	56	41	0	1	115	196
ERR4678679_k141_1052391_2_171141917	147	54	41	0	0	111	353
ERR2105756_k141_197697_2_21003468	197	92	29	0	0	138	134
SRR10132662_k141_311817_1_294034601	146	74	73	0	1	165	454
SRR5123274_k141_404708_1_53994439	7	59	54	0	14	131	115
SRR10132623_k141_340289_2_282895756	118	87	36	0	3	367	238
ERR4678694_k141_33830_1_188217397	14	71	79	0	8	132	205
SRR14932624_k141_681736_1_674788472	392	114	45	0	3	96	390
ERR2592268_k141_574597_1_18855392	247	151	74	0	37	92	360
ERR1726006_k141_116199_1_80866804	9	55	33	0	1	116	65
SRR12113397_k141_425294_6_70148365	248	96	40	0	1	199	150
SRR14751602_k141_2467050_5_456146317	66	99	70	0	2	131	395
SRR6797128_k119_104889_3_3302853	14	52	37	0	1	108	137
SRR21203054_k141_18009_7_166011553	171	63	32	0	0	184	338
SRR12113392_k141_464200_4_55519914	70	49	48	0	1	89	367
SRR13727541_k141_213445_30_135804946	184	107	53	0	4	282	235
SRR13608725_k141_2663789_3_358184446	129	112	31	0	0	379	248
ERR2592251_k141_73592_1_3906157	176	109	42	0	127	395	328
SRR8797411_k141_59044_4_59869709	19	58	41	0	8	140	118
SRR14751619_k141_1288535_1_513378586	170	92	51	0	0	194	131
ERR1725974_k141_219069_1_183739532	118	47	53	0	35	222	474
SRR14932639_k141_1507613_1_701019148	63	98	24	0	192	249	61
SRR9261046_k141_81263_1_247668042	127	102	61	0	23	142	386
SRR12964613_k141_608582_1_114733773	16	84	65	0	6	167	64
ERR4869818_k141_1755739_37_142854627	240	77	25	0	384	350	223
SRR18749952_k141_485096_2_104927522	4	48	27	0	2	87	66
SRR8351383_k141_15632_3_204904801	104	52	36	0	1	133	448
ERR4869845_k141_499691_1_166700998	78	44	44	0	30	208	457
ERR1713349_k141_1356365_1_102326757	15	45	29	0	0	80	122
SRR3501854_k141_1009016_1_33314492	288	131	53	0	2	417	362
SRR18331981_k141_62506_1_179261401	182	69	43	0	2	291	375
ERR9855088_k141_366585_2_52019271	12	58	61	0	30	92	193
SRR3501855_k141_1001316_8_35703802	435	148	74	0	7	388	306
SRR14932582_k141_316959_3_616662807	55	194	35	0	45	448	60
SRR15237808_k141_416077_1_226130104	34	71	66	0	15	163	202
SRR11088392_k141_727351_2_9891431	66	60	68	0	1	117	419
SRR14751602_k141_861715_2_455783398	120	58	58	0	2	142	454
SRR11674036_k141_211508_4_432150277	349	55	46	0	1	211	237
ERR1725966_k141_81193_3_180117271	503	244	122	0	28	272	510
SRR13994250_k141_3436520_1_438388102	371	119	51	0	1	376	292
SRR18331976_k141_48979_2_145997103	328	44	27	0	0	125	81
SRR22372514_k141_432500_1_181923002	33	138	26	0	0	399	279
SRR12404958_k141_1343689_45_49511422	155	82	40	0	27	354	279
SRR14560412_k141_162394_1_414558676	388	102	54	0	6	221	286
SRR5306409_k119_153528_7_500150282	332	86	44	0	0	212	166
ERR9855088_k141_809763_17_52010161	57	113	105	0	27	226	352
SRR22372562_k141_173641_17_207152807	170	82	40	0	12	143	180
SRR19786830_k141_217115_24_553040763	103	53	28	0	8	213	66
ERR1713363_k141_678833_18_117491502	116	47	23	0	2	227	207
SRR9261017_k141_365932_1_232708912	340	137	69	0	170	336	203
SRR7912025_k141_187491_1_59160790	94	51	44	0	1	106	362
SRR15669521_k141_1433833_3_142146951	98	59	51	0	1	100	248
ERR4678577_k141_79660_1_39886077	207	142	55	0	3	408	468
ERR1414226_k119_174354_3_5670409	346	84	45	0	240	266	168
SRR24226018_k141_79158_2_198827730	62	130	34	0	14	93	123
SRR6337687_k141_245955_3_503287397	282	143	51	0	4	437	361
SRR9852209_k141_770229_1_339868134	381	45	76	0	2	120	190
SRR22372546_k141_523833_1_216833262	211	87	40	0	0	183	127
SRR6747785_k141_121876_2_139948356	358	145	66	0	172	380	208
SRR9852166_k141_414551_2_256402860	339	78	62	0	4	268	183
SRR18331973_k141_22431_2_145233091	175	139	28	0	0	111	67
SRR13608700_k141_1935642_2_385957033	95	114	90	0	2	368	88
ERR4678579_k141_141693_12_43681358	269	58	31	0	2	253	223
SRR7369909_k141_245817_1_39218764	355	187	63	0	8	522	196
ERR1414227_k119_24371_4_6476923	390	88	56	0	9	219	285
SRR22372576_k141_28072_3_227296695	315	229	79	0	55	338	243
SRR15085116_k141_584440_3_51653053	482	282	107	0	26	238	520
SRR13727526_k141_467866_16_122453022	331	145	58	0	8	428	285
SRR26726066_k141_171342_1_160532190	18	65	70	0	13	136	230
SRR18749955_k141_278859_2_108012948	26	118	74	0	12	244	199
SRR19238499_k141_563031_1_118781386	8	56	45	0	5	139	122
SRR10598216_k119_411425_16_50866772	225	99	37	0	38	192	137
SRR12964612_k141_14710_3_113718570	416	121	63	0	2	341	249
ERR9855088_k141_559267_1_52934344	7	51	34	0	3	97	198
ERR4678560_k141_25199_1_150258685	315	128	67	0	1	396	481
SRR14932540_k141_1017752_2_541879713	533	137	64	0	13	143	445
ERR4678685_k141_352383_2_178732561	173	166	84	0	6	529	270
SRR14751609_k141_180789_2_488978909	315	69	24	0	4	203	113
SRR6747733_k141_365617_1_82507225	217	108	25	0	3	145	85
ERR2592263_k141_224902_1_25589430	196	50	64	0	1	123	425
SRR21203045_k141_25021_11_178751993	153	78	44	0	1	118	101
SRR6747717_k141_770039_6_67483480	266	53	47	0	6	129	197
SRR8831201_k141_1548947_1_211315241	373	61	41	0	4	147	233
SRR14554394_k141_98818_1_396559721	75	123	28	0	10	118	71
ERR1713347_k141_379970_2_99238186	300	122	61	0	5	379	393
SRR9261052_k141_59720_1_250460482	218	71	30	0	3	105	134
SRR7369912_k141_937129_3_8834633	148	107	23	0	3	353	267
SRR11088437_k141_3173215_1_115567599	134	44	34	0	1	100	133
ERR11181236_k141_237720_1_1734642	356	169	81	0	4	471	487
SRR2107213_k141_107190_2_22444447	1	48	49	0	9	80	64
SRR22752036_k141_112792_1_266492374	122	45	54	0	25	222	457
SRR7369922_k141_29054_1_21646138	20	84	67	0	2	132	199
SRR15237802_k141_208158_1_221969899	6	49	35	0	1	83	210
SRR22372529_k141_244726_1_204303494	86	50	31	0	1	86	91
SRR13727533_k141_101643_65_130014976	218	116	67	0	7	339	342
SRR10132626_k141_563238_1_377434710	56	104	98	0	33	207	316
SRR19238494_k141_58690_9_112491127	153	132	51	0	4	385	149
SRR21802947_k141_42097_2_590209741	13	99	26	0	5	326	302
SRR18749956_k141_102767_4_109298142	8	57	43	0	7	100	72
SRR22372576_k141_97915_30_227251682	411	131	71	0	210	341	239
ERR11181244_k141_79276_4_3766856	84	50	31	0	5	318	296
SRR13225453_k141_785172_1_341667548	146	81	73	0	1	150	456
ERR4678579_k141_704888_2_44773158	45	56	68	0	4	130	179
SRR11088370_k141_2237232_1_360022662	40	51	50	0	3	120	198
SRR13171211_k141_256285_2_45515605	8	60	49	0	0	92	87
SRR18331980_k141_60954_5_179187685	320	205	112	0	5	489	440
SRR15669521_k141_265242_1_141100613	103	134	73	0	5	162	155
SRR11536955_k141_801531_38_92801662	19	53	42	0	3	94	236
SRR8797412_k141_82385_2_60145575	35	62	63	0	7	155	292
SRR6986822_k119_186147_1_33455315	12	47	44	0	1	87	143
SRR18749946_k141_653933_1_98565389	84	44	34	0	0	123	85
SRR22372575_k119_101776_15_227124539	197	63	32	0	0	216	100
SRR11536955_k141_319153_5_94346848	10	45	36	0	2	89	240
SRR1144841_k119_284204_1_90133	116	74	77	0	1	144	444
SRR7369913_k141_704700_32_9792946	76	45	48	0	28	200	451
SRR10132666_k141_223667_1_297216275	109	53	23	0	0	165	101
SRR14932614_k141_1478133_2_657595153	131	63	66	0	1	126	434
ERR2592255_k141_262406_4_48496942	114	90	31	0	184	313	237
SRR19786840_k141_236969_7_561833578	40	100	88	0	31	199	317
ERR1713384_k141_1409440_1_138951699	93	67	43	0	1	112	354
SRR8351385_k141_1032285_1_209799581	194	128	84	0	3	319	440
ERR1713345_k141_750624_1_97974785	435	87	39	0	0	108	384
SRR9260993_k141_14925_1_220726942	234	85	27	0	2	111	132
ERR4678572_k141_803137_1_10563489	460	109	29	0	2	87	355
SRR14751621_k141_214490_1_518887486	70	77	30	0	4	329	410
SRR14751621_k141_790754_7_519479160	326	144	51	0	316	350	250
SRR6747728_k141_243175_1_78676488	531	132	61	0	0	176	283
SRR15085127_k141_388165_1_58043154	42	74	65	0	14	184	247
SRR8797411_k141_368321_51_59631144	386	153	93	0	2	442	461
SRR12964614_k141_1046326_30_115422956	447	109	103	0	13	148	458
SRR19238510_k141_761626_1_132232521	248	77	41	0	29	262	126
SRR13727522_k141_41162_26_120052976	110	118	92	0	4	388	152
ERR4678566_k141_1121935_1_161037128	97	139	61	0	17	93	130
SRR8797414_k141_103333_8_63144289	286	85	37	0	2	262	158
SRR6747747_k141_252222_2_96990129	434	196	100	0	3	463	433
ERR2592334_k141_418794_1_78368841	74	52	62	0	1	119	430
SRR13727522_k141_70640_1_119984210	14	84	59	0	8	132	93
SRR10132627_k141_545281_1_285667365	90	47	31	0	1	81	88
SRR6747805_k141_582166_1_180504970	394	49	23	0	34	86	62
SRR8831201_k141_3331111_2_214246974	209	152	34	0	18	197	84
SRR14932632_k141_696482_2_689510288	301	81	40	0	1	97	263
ERR4678572_k141_1063761_5_10602703	121	49	39	0	0	203	307
SRR14932551_k141_1146964_1_561355686	344	97	47	0	1	270	141
ERR2592260_k141_104332_2_13141825	65	56	42	0	2	125	321
ERR4678619_k141_615779_1_94197444	184	76	80	0	5	182	441
SRR11536955_k141_155817_2_93099202	11	54	42	0	4	102	169
SRR22372577_k141_311881_1_227507648	389	313	83	0	95	434	288
SRR18331972_k141_74790_2_145041309	377	196	105	0	9	511	444
SRR19238509_k141_475472_6_130660209	14	86	63	0	9	155	141
SRR5007147_k141_1213847_1_50621782	207	106	28	0	17	116	77
SRR8863440_k119_155438_1_64786659	234	72	25	0	16	156	156
ERR1725999_k141_16574_1_7342370	25	45	50	0	1	195	72
ERR3281033_k141_489789_7_22095232	18	48	34	0	12	101	201
SRR10132628_k141_553384_1_287262874	315	152	37	0	0	85	59
SRR26726064_k141_218947_1_158685564	545	320	170	0	28	604	516
ERR4678656_k141_234090_2_132167458	26	82	64	0	10	142	242
SRR12450810_k141_216802_1_237954120	123	96	80	0	0	215	401
SRR13727533_k141_166275_10_130009268	139	147	84	0	33	151	96
ERR11269296_k141_763426_1_52978580	21	68	41	0	3	129	251
SRR7369924_k141_1097823_1_25507087	101	66	35	0	28	172	123
SRR22372524_k141_441241_3_202069090	90	60	54	0	1	139	439
SRR12404961_k141_2621752_2_10183984	22	71	59	0	6	145	271
ERR4678648_k141_1278010_1_120980716	174	62	64	0	1	127	435
ERR11269308_k141_586974_6_207878362	127	127	34	0	0	392	242
ERR2592251_k141_99602_1_3861045	497	174	53	0	7	112	244
SRR10132630_k141_457989_2_288901284	111	55	50	0	1	132	436
SRR13727518_k141_224835_18_117650248	355	61	45	0	0	196	144
SRR20309467_k141_633518_7_175165169	27	84	82	0	16	167	257
ERR11181245_k141_12528_1_3927848	388	65	74	0	7	103	446
SRR10132626_k141_37378_1_377194535	239	87	89	0	1	205	468
ERR4678600_k141_678482_9_63841444	6	51	32	0	5	90	216
ERR12084963_k141_1721597_3_38160263	283	202	36	0	17	531	68
SRR6337695_k141_111811_24_508241242	186	146	34	0	2	428	328
SRR13608725_k141_1045118_1_360165502	88	56	31	0	1	104	66
ERR4678618_k141_1176893_1_92042451	4	50	40	0	3	80	223
SRR12404963_k141_1094410_2_80490965	395	111	48	0	2	269	106
ERR1713391_k141_513162_1_148402467	392	141	93	0	4	446	433
SRR6797129_k119_146190_18_13189381	494	83	53	0	7	94	368
ERR11269306_k141_822689_5_203852439	94	70	32	0	2	230	273
SRR10132666_k141_34667_27_296605782	20	81	48	0	3	194	89
SRR9261025_k141_388094_1_236655089	361	139	58	0	5	376	427
ERR2592279_k141_202471_2_81382599	15	50	50	0	3	102	235
SRR13727533_k141_50351_3_129954644	6	51	31	0	6	88	180
SRR13727533_k141_50351_21_129954662	6	47	41	0	2	101	202
ERR1713347_k141_598387_1_99715818	67	54	44	0	0	84	343
SRR14932487_k141_172156_6_461832379	431	301	104	0	64	455	260
SRR6337685_k141_221360_2_502626618	32	59	51	0	13	151	241
SRR10598218_k119_74209_1_51817060	484	78	49	0	9	84	357
SRR14932619_k141_302817_2_665309917	233	173	94	0	35	239	491
SRR10388246_k141_567212_22_7293990	179	88	28	0	1	133	97
ERR4869747_k141_112123_1_95422783	222	44	23	0	28	185	131
SRR18331976_k141_2269_3_145972929	162	54	91	0	0	110	215
SRR12404963_k141_762326_1_78715636	216	57	25	0	14	201	88
SRR10132659_k141_76003_2_291410836	99	77	69	0	8	209	336
SRR2107212_k141_205224_1_22024857	245	188	48	0	9	144	76
ERR4869820_k141_174748_11_146442377	82	110	60	0	8	183	72
ERR1713387_k141_146195_1_143146450	118	64	55	0	2	135	443
SRR13727541_k141_148425_2_135521651	213	47	37	0	0	175	296
SRR7369920_k141_1026135_1_18880847	89	81	64	0	3	289	74
ERR1713352_k141_407166_1_107762151	18	58	79	0	0	200	63
SRR18331974_k141_80639_4_145509846	271	138	85	0	2	468	438
SRR19238497_k141_535393_1_116432116	479	84	43	0	0	103	102
SRR22372573_k141_398299_1_226329485	320	110	55	0	0	171	110
SRR9261012_k141_247223_2_230538370	331	104	72	0	0	170	367
SRR19238505_k141_485524_7_124620233	219	75	38	0	9	248	120
SRR14751624_k141_36072_1_523867948	172	85	25	0	5	352	236
ERR2338392_k119_627670_4_21996347	45	52	26	0	1	102	95
SRR7369919_k141_503374_1_223714218	33	54	43	0	0	116	187
SRR14932511_k141_720_8_482834196	398	108	23	0	0	195	95
ERR3761226_k141_120381_7_99845396	183	165	39	0	1	472	400
ERR1713392_k141_601037_1_149377366	99	52	64	0	0	146	233
SRR11182815_k141_126266_6_133906902	218	94	34	0	274	173	86
SRR9852192_k141_332941_13_302326506	260	86	33	0	4	268	128
SRR13171217_k141_131761_2_47909678	276	133	40	0	8	255	278
ERR3281039_k141_46231_1_12621505	220	78	29	0	1	159	100
SRR11536955_k141_120836_16_92236090	20	52	46	0	5	117	217
ERR1713350_k141_379105_2_103568212	137	56	29	0	3	226	366
ERR1713352_k141_1279775_3_107098993	141	66	63	0	0	142	408
SRR1702233_k141_127079_1_13150523	345	197	103	0	5	537	367
SRR14932673_k141_820742_2_771468266	339	133	64	0	1	380	314
SRR11088487_k141_971401_5_38219389	255	50	40	0	0	181	355
SRR15669517_k141_449602_1_136109918	545	338	185	0	109	633	522
ERR9855092_k141_591129_1_54425136	245	64	25	0	2	107	154
SRR13225459_k141_74283_2_345797661	50	64	58	0	32	137	229
SRR4754858_k119_105779_1_86805301	25	46	47	0	2	126	223
SRR14932568_k141_66178_2_590125549	467	83	68	0	7	206	523
SRR14492199_k141_391279_2_392725304	285	62	33	0	1	229	131
ERR3281039_k141_112092_3_12475217	459	274	140	0	13	564	504
SRR7912025_k141_237568_1_59102148	10	54	45	0	5	115	190
ERR2592337_k141_397108_1_11404760	129	47	43	0	1	136	446
SRR2938333_k141_63412_2_41415480	372	245	27	0	31	209	516
ERR3761226_k141_2026359_14_100022661	172	147	32	0	4	447	147
SRR13727534_k141_736853_2_130698436	303	99	43	0	14	251	230
ERR4678632_k141_57642_1_110160494	7	52	41	0	3	106	229
SRR11088460_k141_160462_1_392738591	327	100	64	0	5	232	316
SRR21427516_k141_224573_2_47929100	23	64	50	0	21	153	277
ERR1713356_k141_39768_1_111399108	255	118	75	0	1	292	203
SRR13727524_k141_89211_6_120834141	132	118	76	0	1	378	284
SRR19786839_k141_309595_4_560752496	141	85	53	0	1	190	411
SRR10132632_k141_436523_1_289549925	215	145	58	0	54	445	392
SRR22372531_k119_63661_1_205795077	80	137	42	0	15	88	182
ERR11181240_k141_25843_2_2832816	179	88	93	0	2	203	450
ERR4678634_k141_226686_1_112515141	87	47	25	0	0	116	425
SRR21203044_k141_74614_5_178620392	60	47	34	0	0	84	59
SRR9852190_k141_248391_1_300798029	313	63	32	0	1	114	309
SRR22372546_k141_48558_2_217249560	95	87	30	0	1	311	256
SRR22372546_k141_620167_1_217368788	431	245	62	0	16	327	367
SRR10132658_k141_277505_2_377783845	55	60	40	0	3	116	75
SRR14932642_k141_811555_1_709551496	65	47	44	0	0	167	155
ERR4225396_k141_969003_15_61809075	155	56	27	0	0	185	162
ERR1725966_k141_22753_1_180026162	139	86	71	0	1	163	458
ERR4678659_k141_387635_1_135928198	144	89	37	0	0	176	274
SRR14932625_k141_354515_1_675997041	150	83	25	0	4	331	225
SRR11536956_k141_872074_1_71418167	15	46	40	0	2	113	150
SRR12964613_k141_435823_5_114054234	141	80	62	0	1	164	477
SRR21802947_k141_608321_2_588986036	115	47	43	0	2	144	404
ERR3761226_k141_189679_16_102224624	70	107	55	0	2	103	68
SRR8351385_k141_52260_26_209562811	468	175	110	0	4	472	438
ERR4678578_k141_326862_2_42470153	76	51	50	0	1	111	421
SRR26726063_k141_9382_27_158190743	22	49	29	0	0	170	61
SRR13706189_k141_418043_1_242773145	65	58	23	0	0	230	340
SRR19786821_k141_703250_2_546749993	256	90	81	0	2	234	255
SRR18331976_k141_77488_1_145947471	25	63	67	0	9	133	170
SRR21427515_k141_335747_11_47306462	97	76	27	0	1	216	366
SRR10132671_k141_428309_3_300232523	32	44	48	0	0	84	223
SRR13225455_k141_585059_2_342322244	244	237	47	0	1	90	203
ERR2592282_k141_508304_1_46632002	188	76	38	0	0	192	332
SRR8797412_k141_272043_2_60183871	24	45	48	0	13	123	149
SRR12340499_k141_397723_1_220186082	111	72	31	0	1	316	65
SRR6747757_k141_13615_1_106847707	220	75	31	0	5	97	145
SRR14554402_k141_258538_1_398025548	280	131	38	0	14	446	220
ERR4678649_k141_1905017_2_124048473	77	57	33	0	0	91	405
SRR6439731_k141_748765_2_200306685	33	66	57	0	5	167	233
SRR13608732_k141_1049461_5_389454140	58	125	42	0	1	110	61
SRR14932479_k141_641990_2_446794292	381	59	61	0	2	211	411
SRR6747733_k141_489408_1_82983440	300	56	30	0	11	125	222
ERR4678683_k141_530170_1_176653298	137	51	47	0	2	139	451
SRR18749946_k141_475517_11_97390841	20	63	41	0	3	134	86
SRR21427515_k141_300589_1_47158346	279	87	48	0	7	224	117
SRR6337690_k141_354718_1_505026233	49	109	27	0	1	388	62
SRR11088477_k141_838830_1_65883767	17	61	43	0	5	99	63
ERR11269306_k141_1345730_1_204992492	107	55	57	0	1	111	396
SRR12404958_k141_2700720_2_48188416	404	61	74	0	4	128	81
SRR16108674_k141_1139460_1_538112480	49	76	66	0	12	140	228
ERR1725958_k141_58866_1_178066900	7	55	38	0	4	84	232
SRR22105529_k141_376719_7_135020019	226	79	30	0	0	272	86
SRR8648016_k141_1086121_1_43579861	369	63	91	0	3	222	144
SRR14932637_k141_387593_1_697692405	181	104	23	0	21	101	73
SRR4343426_k119_152633_1_162220090	117	57	27	0	1	106	92
SRR22372569_k141_210536_11_196074151	106	80	53	0	0	103	91
SRR14751601_k141_1571367_2_487112704	152	103	25	0	2	356	261
ERR1076077_k141_18649_1_1306916	111	102	27	0	3	298	68
SRR9644739_k141_102784_1_65298963	72	47	52	0	1	106	401
ERR4869799_k141_1602116_6_126593380	178	118	40	0	113	395	350
SRR12404961_k141_124459_1_12170513	68	44	30	0	2	280	316
SRR21203043_k141_12086_33_178422986	71	109	34	0	59	83	91
SRR7369912_k141_1052408_88_8154472	183	80	75	0	1	158	470
SRR13727533_k141_141235_150_130235263	116	91	52	0	0	295	343
SRR14751622_k141_1076993_1_522364005	249	71	23	0	0	118	82
SRR14751620_k141_414169_1_516093159	57	91	71	0	1	191	221
SRR8512245_k141_164538_1_69006804	17	52	65	0	3	135	161
SRR20309469_k141_579884_2_178341473	14	95	69	0	6	153	86
SRR21427515_k141_23573_12_47425161	131	54	55	0	1	265	111
SRR7369912_k141_530122_1_8919247	149	111	25	0	2	353	231
SRR14932598_k141_569396_2_645367778	344	57	43	0	2	134	395
SRR22105530_k141_832859_1_136920566	241	104	59	0	2	406	417
SRR13727519_k141_253033_2_118019023	120	150	67	0	1	152	67
SRR26726063_k141_36734_8_158302030	202	126	88	0	0	297	314
ERR4869820_k141_1512986_1_145677800	14	75	69	0	12	198	124
SRR9852169_k141_1139310_8_154750182	409	73	36	0	0	145	339
SRR14932522_k141_2153390_10_507867107	252	65	40	0	12	94	88
ERR3281038_k141_231515_62_12005132	320	73	37	0	10	231	181
SRR10132666_k141_388383_1_297035906	33	50	25	0	1	107	74
SRR16108674_k141_150547_1_538713124	148	59	41	0	0	124	351
SRR12964611_k141_354617_15_113122010	319	211	71	0	8	490	119
ERR1725969_k141_491408_2_180995461	244	91	48	0	2	231	169
ERR4678623_k141_1366568_2_99933766	37	87	77	0	14	174	269
SRR6747790_k141_68800_1_147755888	247	103	56	0	3	355	346
SRR6747790_k141_68800_1_147755888	274	149	84	0	6	469	383
SRR9852214_k141_220591_2_347753866	395	63	59	0	2	161	277
SRR21427518_k141_415061_7_146407312	450	164	59	0	3	151	422
SRR14751621_k141_94462_2_518100691	343	182	91	0	5	489	462
ERR4869772_k141_46350_3_109257444	96	79	25	0	0	295	252
ERR4678577_k141_1408283_3_40722385	86	45	34	0	14	90	332
ERR4678577_k141_758688_1_40761326	10	80	62	0	9	161	81
SRR12396704_k141_443872_2_236720473	102	55	49	0	14	99	165
SRR6797133_k119_156745_49_2816548	316	65	35	0	0	156	236
ERR1713331_k141_767693_1_83833732	209	95	85	0	0	197	444
SRR14932617_k141_1126376_1_663970059	155	67	26	0	3	257	222
SRR22372546_k141_431637_8_217436361	109	66	72	0	1	137	432
SRR22752039_k141_582113_1_269071498	179	50	63	0	1	109	420
SRR6747734_k141_5824_2_83413787	214	155	53	0	17	166	164
SRR9261046_k141_286076_1_248081728	215	49	27	0	1	110	174
SRR12404962_k141_276973_8_17854197	11	81	48	0	3	116	82
SRR18331977_k141_89943_1_178660154	175	91	94	0	0	165	446
SRR14560469_k141_531921_1_446427408	171	76	41	0	0	178	86
SRR22372572_k141_14874_2_219496961	143	153	28	0	3	250	64
SRR14932596_k141_1061620_1_641193429	175	99	56	0	1	312	389
ERR3761241_k141_203244_4_122788287	549	320	163	0	64	615	518
ERR11269297_k141_254739_1_53971295	21	57	40	0	5	129	197
SRR6337687_k141_207784_4_503201752	58	79	50	0	1	317	170
ERR1726010_k141_119373_2_30765999	202	112	73	0	2	253	468
SRR21203052_k141_38757_4_165757735	160	76	103	0	0	188	231
SRR9852181_k141_1450776_2_283570504	306	137	58	0	3	426	334
SRR22752014_k141_28125_3_259777675	203	53	23	0	31	283	428
SRR10132665_k141_355955_1_378829784	366	47	47	0	2	94	385
ERR4678573_k141_670913_1_12366794	105	54	68	0	0	102	387
SRR14932619_k141_582990_1_666168531	382	119	44	0	3	105	392
SRR26726064_k141_319907_1_158724853	256	126	81	0	2	333	438
SRR26726064_k141_208391_1_158854730	257	197	94	0	32	136	222
SRR26726064_k141_41634_2_158999136	21	45	46	0	6	115	217
SRR13727526_k141_230035_39_122021740	6	81	38	0	1	209	61
SRR13198920_k141_17325_2_239300880	145	52	33	0	1	214	295
ERR1713395_k141_932238_1_152462923	71	46	48	0	31	202	462
ERR4678592_k141_189132_1_56430427	139	75	65	0	1	149	452
SRR9852213_k141_838424_2_346170034	295	98	51	0	1	313	413
ERR4678604_k141_524209_1_69070225	23	67	54	0	7	151	140
SRR14932627_k141_524812_1_678860412	138	84	27	0	2	213	86
SRR11088390_k141_703809_6_21331279	371	195	113	0	7	546	507
ERR4678598_k141_550927_1_63497659	22	46	54	0	6	137	274
SRR15669520_k141_545981_1_140525456	318	73	50	0	0	136	192
SRR21802946_k141_641261_1_602813210	209	55	51	0	26	228	169
SRR9261044_k141_41895_1_247077560	278	285	42	0	4	109	149
SRR15085116_k141_229732_5_50911459	16	45	33	0	0	84	122
ERR4678602_k141_305116_1_66713263	8	48	37	0	3	91	189
ERR4678638_k141_285338_2_139013943	95	85	53	0	2	275	423
SRR13727529_k141_644924_2_127916238	60	53	54	0	21	108	124
ERR11181234_k141_138238_1_1454343	178	62	49	0	0	129	430
SRR14932581_k141_288717_2_614450991	447	233	106	0	43	573	451
ERR4869808_k141_1075486_15_136004748	262	112	51	0	1	350	373
SRR14492177_k141_453827_9_373650294	49	99	92	0	14	185	305
SRR14560417_k141_357454_1_481208908	404	65	81	0	2	139	132
ERR1725995_k141_52395_1_83773684	77	46	26	0	1	83	386
SRR6747754_k141_167075_1_103997421	375	52	33	0	275	235	215
SRR15669521_k141_1492047_1_141904351	286	105	57	0	9	263	213
SRR9852203_k141_604031_2_329342848	429	118	53	0	0	226	406
SRR19238497_k141_324536_25_116012997	153	153	24	0	17	264	101
SRR14560392_k141_299934_6_401435148	250	141	63	0	8	509	436
SRR12113414_k141_1225006_5_100189963	75	65	36	0	1	98	60
SRR4343426_k119_82894_2_161913971	69	49	24	0	1	106	105
ERR4869845_k141_116095_2_166616012	79	103	45	0	34	416	180
SRR14554405_k141_300488_1_477882364	307	87	56	0	10	255	289
SRR15085117_k141_126549_3_29312100	41	74	69	0	13	160	234
SRR6337684_k141_215716_3_502079496	266	81	48	0	0	213	142
SRR10132670_k141_316187_1_299220660	63	54	24	0	0	242	263
SRR14932617_k141_156911_8_663286373	91	47	23	0	0	228	224
SRR14932676_k141_1496015_14_775050709	148	117	28	0	3	365	294
ERR3281028_k141_491008_1_6973413	63	64	55	0	31	149	280
SRR2107216_k141_9807_1_24054504	266	60	37	0	0	114	221
SRR11088448_k141_1622630_10_2373611	40	87	72	0	30	192	326
SRR14751607_k141_773736_2_468881661	143	51	25	0	2	114	111
SRR7912025_k141_91613_5_58870814	39	89	73	0	18	191	320
SRR19238496_k141_829802_1_115381448	283	126	28	0	0	409	417
SRR14932621_k141_180140_48_670135427	307	259	32	0	15	104	168
SRR12404952_k141_1993332_1_96263965	68	106	23	0	0	337	381
ERR12084965_k141_2021167_1_19471853	340	207	85	0	9	495	397
SRR13608702_k141_549514_4_350593668	292	134	80	0	36	326	290
SRR22372546_k141_65383_15_216931440	148	65	52	0	3	147	458
SRR18331972_k141_49065_1_145110143	21	51	77	0	11	139	212
SRR3501861_k141_928489_1_45103188	357	122	64	0	0	291	86
SRR22105543_k141_539064_1_164137317	321	197	50	0	5	135	69
SRR8797412_k141_142822_1_60948384	468	232	124	0	64	568	458
SRR6337690_k141_503538_6_505133959	215	131	76	0	0	404	413
SRR6337690_k141_217216_1_505254946	173	94	52	0	1	336	347
ERR1725945_k141_429144_1_174408745	15	59	39	0	3	105	227
ERR4678621_k141_730393_1_96343171	7	50	35	0	3	100	201
SRR13727538_k141_70194_24_134251749	152	68	60	0	1	148	432
SRR13225461_k141_298962_4_346641776	26	46	36	0	9	136	237
SRR8208348_k141_1032045_17_199169903	100	67	31	0	11	85	67
ERR3858111_k141_217648_2_14382103	32	73	75	0	10	172	279
ERR4678582_k141_410735_1_50250646	265	63	29	0	3	205	94
ERR4678580_k141_1661958_1_45361985	305	137	60	0	7	429	409
ERR4678644_k141_71105_1_148097343	510	304	176	0	156	575	507
ERR1414212_k119_104842_1_3551882	294	85	47	0	1	287	230
SRR6747796_k141_593510_1_170666566	200	81	27	0	1	94	94
SRR6747796_k141_60427_1_170698365	325	179	40	0	138	532	282
SRR11088425_k141_711911_1_378268342	371	90	46	0	224	246	376
ERR1725944_k141_62155_1_173793207	78	45	50	0	2	112	414
ERR4678658_k141_87553_1_135025114	356	64	38	0	0	96	207
SRR19238498_k141_660942_1_117055171	137	147	38	0	7	203	126
SRR19786835_k141_452560_275_557125858	34	108	75	0	16	240	221
SRR5010551_k141_2790228_1_52799947	74	52	29	0	3	88	86
SRR22372529_k141_381129_3_204894629	83	52	51	0	0	118	365
ERR4869741_k141_955250_1_88891890	321	176	69	0	7	511	437
ERR1713349_k141_846913_2_101342594	143	67	69	0	1	165	477
SRR8512245_k141_208900_3_69030300	30	51	53	0	7	140	257
ERR5954381_k141_59621_2_178875548	317	71	36	0	8	111	185
SRR18749957_k141_606935_4_160922957	54	52	29	0	5	284	293
SRR22184769_k141_130968_4_603564648	159	111	37	0	5	400	303
SRR3501854_k141_927539_1_34085774	402	84	38	0	2	259	359
SRR14932676_k141_1140147_5_774077793	118	103	27	0	5	331	287
SRR12113393_k141_2327_18_55687183	400	137	56	0	4	245	144
SRR10132624_k141_731863_3_283630830	152	107	38	0	11	375	292
SRR15237818_k141_516416_10_249739205	118	60	45	0	1	157	423
SRR4465031_k141_251877_7_87396337	222	130	56	0	20	146	237
ERR4678606_k141_558692_2_71371622	368	135	85	0	34	313	413
SRR9260995_k141_112774_1_221671855	324	146	93	0	9	454	363
SRR22372573_k141_375026_2_226110548	314	157	72	0	24	152	174
ERR4678606_k141_161743_2_71356543	184	76	73	0	1	153	467
SRR19786823_k141_50594_5_547783683	28	63	68	0	4	144	154
SRR2107182_k141_38225_4_19187342	367	71	36	0	0	140	113
SRR14932560_k141_362148_1_581549069	318	80	52	0	11	306	319
SRR8797412_k141_839443_2_60145516	30	53	58	0	1	118	126
SRR12479897_k141_210505_4_58912699	365	157	59	0	472	470	90
SRR2308827_k119_214844_1_25852011	385	222	81	0	6	159	105
SRR14932617_k141_1008724_1_663417704	27	44	40	0	3	92	143
SRR14143315_k141_28755_2_49164890	104	79	67	0	1	132	451
ERR4678621_k141_483553_1_96008014	226	57	33	0	3	121	398
SRR9644739_k141_320793_3_65053808	83	56	46	0	0	123	87
SRR14751620_k141_2219750_1_515272423	112	64	39	0	1	141	449
SRR19238505_k141_462357_3_124978070	284	79	40	0	7	197	172
ERR9903362_k141_84314_3_249161274	98	183	40	0	16	145	75
ERR5954382_k141_4814_11_180333279	302	113	42	0	264	395	360
ERR5954382_k141_919450_1_180484629	183	108	33	0	19	195	131
ERR4678583_k141_262499_1_25577163	13	47	48	0	2	96	231
SRR6747812_k141_640691_2_187491931	60	62	28	0	2	203	111
SRR26726066_k141_502430_4_160221392	13	56	45	0	5	100	209
SRR6797145_k119_59424_3_1810086	19	54	48	0	2	112	101
SRR13608728_k141_1372175_2_362450394	134	226	58	0	10	96	125
SRR8351382_k141_1476502_10_201493785	208	90	66	0	4	322	252
SRR2107178_k141_60832_11_18007274	195	83	43	0	11	308	351
SRR18331972_k141_74011_1_145183003	363	73	52	0	0	168	260
SRR18331973_k141_83828_2_145335187	157	113	97	0	1	348	461
SRR8797412_k141_104061_1_60877460	150	46	41	0	0	122	350
SRR10132663_k141_624684_1_295423299	103	73	30	0	0	179	85
ERR1713351_k141_797857_1_105178981	72	46	64	0	0	103	371
SRR21427515_k141_366062_2_47262501	29	56	46	0	9	134	203
ERR1713356_k141_169475_1_111432082	155	59	38	0	0	195	375
SRR24226011_k141_69641_17_190397321	161	171	30	0	6	188	82
SRR21427515_k141_325957_1_47545065	204	191	54	0	15	97	66
SRR12404958_k141_566095_1_50594158	20	60	67	0	12	124	137
SRR13735271_k141_105235_1_220603610	470	102	53	0	4	199	521
SRR15669517_k141_528341_4_136639828	108	72	64	0	1	165	446
SRR15085115_k141_159703_3_50111109	26	61	73	0	3	149	242
ERR4678558_k141_179601_2_212615409	120	62	33	0	0	160	401
SRR10132632_k141_536413_1_289370016	21	115	94	0	1	105	221
ERR4678695_k141_247137_16_276677547	344	101	33	0	1	246	74
SRR9261051_k141_279437_1_250108586	509	229	111	0	259	560	505
SRR19238502_k141_171908_51_121564601	14	66	45	0	9	136	134
SRR14560456_k141_781255_1_439596436	119	82	49	0	2	260	122
SRR18331985_k141_118483_23_173465512	147	86	27	0	6	89	74
ERR5954463_k141_998300_5_235383652	302	271	74	0	23	362	182
ERR4678579_k141_589703_1_45222599	42	80	83	0	16	187	263
SRR14932612_k141_102301_1_653783650	275	89	73	0	0	170	269
SRR12354360_k141_5283_1_234784562	169	56	35	0	45	358	295
SRR6747775_k141_540699_2_124958240	422	68	33	0	0	79	73
SRR10132629_k141_80778_2_288254228	154	114	61	0	0	195	102
SRR15669520_k141_617117_12_139744546	290	48	39	0	0	140	220
ERR4678621_k141_697063_2_96518951	314	138	71	0	1	423	428
SRR13198929_k141_574624_2_240467827	217	171	43	0	33	517	162
SRR14751588_k141_439903_1_451688516	275	200	100	0	4	463	415
ERR4678576_k141_485886_2_37478428	210	75	59	0	3	213	459
ERR3281026_k141_41683_1_21057176	13	53	52	0	12	107	125
SRR11088448_k141_484920_10_4040695	68	61	27	0	2	291	292
SRR15237808_k141_327574_3_225807099	124	71	41	0	1	125	444
SRR12479958_k141_196856_4_70709086	195	155	48	0	737	334	122
SRR10132658_k141_394216_2_378632965	68	116	32	0	3	438	63
ERR4869820_k141_465866_2_145404805	16	62	56	0	10	150	132
SRR12404961_k141_2428497_3_12849489	200	105	40	0	171	401	310
ERR12084963_k141_386693_2_37103806	19	75	34	0	3	193	66
SRR9261002_k141_164763_2_225650786	263	98	30	0	5	329	157
SRR12113414_k141_339878_1_100097012	305	139	71	0	4	285	307
SRR2090173_k141_140925_8_46012042	286	53	35	0	5	104	312
SRR14932542_k141_1322203_3_546543341	258	78	37	0	15	159	80
ERR4678693_k141_719376_2_186309521	396	139	77	0	213	351	239
SRR12113392_k141_417459_252_54936250	74	59	43	0	1	173	82
ERR1725992_k141_412593_3_64779361	433	107	67	0	68	243	461
SRR10761724_k141_2301657_1_50737438	5	44	45	0	3	85	218
ERR12084964_k141_1064032_1_41334463	392	174	54	0	4	482	106
ERR3281039_k141_239176_8_12327371	49	47	24	0	1	198	112
ERR9855099_k141_855404_2_66766555	58	50	28	0	0	91	295
SRR14932535_k141_896151_1_534339283	321	78	30	0	2	192	224
SRR7369918_k141_157765_1_16596771	70	93	26	0	0	213	232
SRR15669519_k141_574490_2_138209104	410	177	72	0	637	425	268
ERR4869733_k141_450804_1_86311894	2	81	29	0	2	321	68
ERR9855087_k141_1155288_1_55497767	83	51	44	0	1	107	410
SRR14560427_k141_314442_1_423158578	215	146	32	0	5	457	195
SRR12404956_k141_1119653_2_153488958	56	99	24	0	4	389	183
ERR2592275_k141_365180_2_75559724	221	117	72	0	2	300	407
ERR1725980_k141_94818_2_186083446	176	81	86	0	1	158	472
SRR12404963_k141_1363963_2_80311825	111	85	26	0	4	308	135
ERR11269299_k141_1038401_1_22665157	137	55	44	0	0	146	399
SRR20309467_k141_306968_1_175322047	78	55	29	0	0	230	75
SRR22372508_k141_70940_43_164985830	6	45	39	0	0	79	138
ERR3281039_k141_227365_12_12325058	55	120	110	0	36	218	357
SRR8351384_k141_506635_2_206383758	420	77	51	0	0	185	307
ERR3281041_k141_174977_5_13037009	127	55	49	0	0	265	176
ERR4678676_k141_1059964_1_194229886	169	49	45	0	1	124	439
SRR18749963_k141_17712_3_96454583	60	63	37	0	0	173	83
ERR9855095_k141_439751_1_41302516	50	79	81	0	47	189	311
ERR11269311_k141_9780_10_211912127	131	100	33	0	1	349	343
SRR22752012_k141_1142669_1_255573266	13	52	47	0	1	97	122
SRR19786822_k141_241673_1_580763189	467	254	156	0	18	534	513
SRR14492177_k141_25564_2_372986213	236	90	32	0	2	381	316
SRR9852198_k141_717903_1_318835197	429	84	127	0	11	172	112
ERR9855084_k141_492017_1_82332331	360	195	33	0	9	99	174
SRR8351383_k141_1174576_2_204885148	251	108	45	0	9	263	204
SRR22105543_k141_1063866_1_164638976	231	93	82	0	1	276	194
ERR1414230_k119_116708_2_7487030	352	75	64	0	305	292	233
SRR21705953_k141_474048_4_154747813	19	66	76	0	9	134	179
SRR10761721_k141_1381623_2_74133844	154	49	27	0	0	163	122
ERR12084966_k141_548967_15_42344871	349	192	99	0	237	502	376
ERR1713331_k141_745191_1_84617451	32	78	78	0	13	172	313
SRR7369909_k141_1020320_4_39464077	10	45	40	0	5	105	189
SRR13225458_k141_57992_1_345021113	258	53	38	0	1	156	92
ERR3761241_k141_492439_1_123031109	74	79	46	0	2	278	110
SRR5306403_k119_175662_1_498407561	464	70	48	0	9	94	355
SRR8208348_k141_1509404_1_197757001	506	251	170	0	174	569	506
SRR5007147_k141_1800417_60_49124212	85	125	28	0	33	109	92
SRR14932623_k141_931117_1_672984915	391	126	92	0	5	314	296
SRR22372569_k141_106711_1_196517186	167	82	83	0	0	168	439
SRR13225457_k141_33205_1_344050068	256	50	24	0	0	107	150
SRR6986821_k141_143603_1_32935217	210	63	26	0	0	94	165
ERR4678647_k141_457015_1_120277441	442	220	137	0	7	480	485
SRR26726064_k141_72330_39_158550036	278	131	121	0	2	368	338
SRR7369923_k141_22144_2_23152482	177	44	27	0	0	192	314
SRR19238496_k141_407558_5_115283077	91	53	41	0	1	151	63
SRR22372509_k141_93321_6_179644477	111	149	38	0	10	188	107
SRR13608714_k141_1064088_2_357008673	201	190	49	0	19	325	158
SRR11536955_k141_227762_2_92191297	6	49	46	0	6	88	142
ERR4869837_k141_311934_1_258676906	53	59	43	0	0	99	78
ERR2592283_k141_400542_1_61251143	34	74	80	0	9	177	280
ERR4869845_k141_271825_1_167328432	254	74	83	0	1	165	465
SRR14751602_k141_1289481_3_455871563	16	53	49	0	3	129	174
SRR7369920_k141_918543_1_18638036	14	55	50	0	1	112	134
SRR10132626_k141_530547_1_377207781	128	64	67	0	1	144	461
SRR15669520_k141_87211_2_140365257	42	49	50	0	0	94	347
SRR8351382_k141_237502_1_203611962	187	241	59	0	20	245	72
ERR5954396_k141_783622_2_190014676	135	65	26	0	3	174	169
SRR19786825_k141_332966_1_549503516	77	46	25	0	0	92	365
SRR14932559_k141_865483_9_578447224	349	138	105	0	2	414	389
SRR22105529_k141_717766_2_135157858	9	138	50	0	2	317	94
SRR22372575_k119_51074_5_227059271	78	55	32	0	1	107	72
SRR12964614_k141_382864_7_116232211	12	63	55	0	6	132	79
ERR4869845_k141_301538_1_167121810	4	76	67	0	8	190	90
ERR4678566_k141_1534325_1_161171741	113	67	30	0	5	142	89
ERR3281026_k141_454280_7_21604294	376	83	41	0	6	198	269
SRR8648013_k141_1314254_1_20258187	322	167	38	0	0	108	63
SRR10132661_k141_373697_2_293280567	295	80	43	0	1	242	263
SRR3098775_k141_475589_2_98980754	76	47	84	0	0	182	192
SRR6439735_k141_849892_5_1246868	44	45	23	0	2	259	251
SRR18331972_k141_73596_8_145167267	22	49	35	0	0	104	141
ERR4222571_k141_452987_1_55471946	106	91	45	0	15	446	323
SRR7369907_k141_710778_3_36313921	15	48	41	0	1	124	64
ERR4869719_k141_231889_13_75408150	16	167	23	0	532	429	124
SRR19786828_k141_144372_1_551261543	5	47	41	0	3	95	201
SRR9852201_k141_1004711_1_324356811	214	50	27	0	0	91	346
SRR14932531_k141_92233_2_524863946	117	62	54	0	3	116	150
SRR8797414_k141_194814_204_63048308	432	135	50	0	0	252	364
ERR2346693_k119_715397_12_45527052	107	65	34	0	0	218	236
SRR9852188_k141_1273888_1_160088129	372	221	79	0	146	310	235
SRR11088425_k141_433229_1_380359794	89	47	28	0	0	210	236
SRR11088425_k141_436216_1_380443584	261	115	60	0	2	337	355
SRR19786844_k141_164425_157_563682401	10	59	49	0	10	112	260
SRR22752010_k141_440221_1_250864382	290	57	65	0	247	255	303
SRR22372546_k141_303033_95_216675458	20	88	64	0	4	166	101
SRR11088370_k141_1266178_2_360765176	14	45	42	0	1	99	91
SRR11088457_k141_1302711_2_14610051	66	47	38	0	12	199	431
SRR14560393_k141_528132_1_402509874	288	121	68	0	333	353	206
SRR14932485_k141_2519505_1_456727754	420	74	90	0	4	179	207
SRR6800320_k141_262454_1_189387153	54	44	51	0	0	86	313
SRR22372568_k141_92591_3_195833636	263	182	35	0	13	104	210
SRR15085126_k141_176604_1_57119519	33	79	84	0	12	180	299
SRR21203057_k141_7150_1_166287174	22	67	73	0	14	149	222
ERR2592329_k141_325557_1_49486585	51	96	97	0	17	201	326
SRR12964613_k141_587677_9_115118246	238	237	63	0	17	296	174
ERR1713367_k141_1286240_2_121966009	355	175	115	0	1	338	259
SRR14932614_k141_1492791_3_658127348	206	90	44	0	0	147	63
SRR12354360_k141_259704_8_234710357	67	44	37	0	1	81	202
ERR11269305_k141_1001432_1_203049739	194	124	47	0	13	418	321
SRR9260994_k141_110727_1_221300691	267	219	57	0	9	170	461
SRR22372508_k141_59626_54_164919942	10	54	51	0	5	103	182
SRR14932485_k141_2002564_15_455720193	198	91	38	0	0	336	297
SRR6797132_k119_53826_3_22887432	32	97	86	0	9	194	324
SRR15237807_k141_344209_2_225210785	18	57	60	0	4	128	231
SRR11674047_k141_115020_1_144552252	317	87	35	0	2	269	316
SRR10132671_k141_329540_1_300673451	132	54	56	0	0	133	394
SRR22752025_k141_404004_2_265038753	118	49	52	0	1	89	358
SRR2107212_k141_71225_1_22365728	290	72	23	0	0	83	336
SRR22372573_k141_206525_4_226185058	91	59	45	0	0	107	406
SRR11536955_k141_1443890_72_92568771	12	49	46	0	7	100	142
ERR9855098_k141_671563_2_29286586	287	161	88	0	2	422	473
SRR6986809_k141_126697_2_5197165	169	102	32	0	0	294	268
ERR11269302_k141_335494_5_198798001	254	69	86	0	2	149	456
ERR5954426_k141_792585_1_212298502	207	145	40	0	5	475	324
ERR4869782_k141_1462350_3_116286972	134	57	35	0	0	250	195
ERR4678680_k141_679112_1_173358240	358	138	52	0	3	92	380
SRR14932625_k141_672833_2_676681515	203	87	89	0	1	175	439
SRR21802938_k141_1526516_3_171633766	14	55	37	0	1	109	112
SRR15085115_k141_100457_1_50135914	84	61	28	0	0	173	63
SRR14492168_k141_769407_5_370206659	162	60	33	0	55	335	293
SRR13107685_k141_745362_2_325551736	115	90	46	0	0	331	252
SRR16108669_k141_273077_1_531856497	211	194	66	0	32	207	93
ERR3761241_k141_682655_1_121823603	20	95	75	0	14	207	131
SRR3501856_k141_505382_10_37076814	484	154	37	0	8	138	318
SRR6439735_k141_412310_8_1408554	286	48	50	0	0	154	441
SRR9261049_k141_165966_3_249232611	321	103	31	0	0	125	144
ERR9855088_k141_857774_1_52259466	166	73	34	0	2	309	303
SRR18749950_k141_511575_2_102255982	239	90	45	0	0	156	74
SRR5007147_k141_718694_7_51573931	10	52	46	0	12	133	168
SRR14932485_k141_2728621_2_455589303	209	44	24	0	1	153	76
SRR14932521_k141_61877_1_503391662	329	133	51	0	30	326	160
SRR10598216_k119_289609_1_50884726	28	58	53	0	11	144	224
ERR4678608_k141_500598_1_76917395	143	49	23	0	0	109	387
SRR8512245_k141_78634_82_68992976	54	161	32	0	14	110	128
SRR10598223_k119_145255_1_66353749	20	62	78	0	16	135	225
SRR11088396_k141_626199_1_374122761	246	58	42	0	0	225	143
SRR3098776_k141_133725_1_53176645	204	177	74	0	6	497	460
SRR14751606_k141_2050111_2_466991325	248	71	42	0	0	155	206
ERR4678578_k141_1090029_1_42480791	266	98	44	0	1	212	439
ERR3281031_k141_26828_1_9101831	24	85	63	0	17	215	174
ERR2592328_k141_196420_1_69462389	149	46	54	0	1	110	437
SRR22752015_k141_714199_3_262121891	129	49	33	0	0	169	260
SRR9852197_k141_1104348_1_315684601	275	59	26	0	1	183	87
SRR15669517_k141_462426_3_136626843	93	61	61	0	1	123	438
ERR4678588_k141_1130531_1_20810201	67	49	49	0	1	81	416
ERR4678623_k141_614719_4_98276635	9	48	37	0	4	108	208
SRR2107218_k141_289846_1_24958180	225	147	64	0	17	149	152
SRR12113393_k141_180665_5_55889402	503	119	55	0	0	124	138
SRR18331976_k141_28638_11_145991000	223	118	105	0	0	232	290
SRR10132616_k141_501463_2_376189948	18	90	62	0	2	160	90
SRR15237808_k141_242105_1_226689340	8	53	40	0	3	95	230
SRR11088380_k141_931394_4_365630365	202	120	38	0	1	371	443
SRR7369924_k141_1150791_1_25574269	22	51	34	0	4	126	248
ERR1725957_k141_6338_1_178050120	149	93	58	0	3	273	449
SRR15085127_k141_69974_1_58055821	17	80	69	0	4	135	254
ERR5954469_k141_1207345_11_239758719	140	98	31	0	21	336	282
ERR4678582_k141_738553_1_50418710	448	79	35	0	0	84	90
SRR24226016_k141_109493_37_197649559	123	96	25	0	0	121	122
SRR21427516_k141_222228_10_47811248	236	81	78	0	1	287	378
SRR22372595_k141_91534_1_210981497	13	207	54	0	46	126	67
ERR3281041_k141_174977_36_13037040	402	125	78	0	7	193	489
SRR6747736_k141_182703_2_85696971	485	156	84	0	4	543	475
SRR8797412_k141_534982_6_60099930	26	61	62	0	4	143	163
SRR12964613_k141_291066_1_114528336	24	52	91	0	0	125	62
SRR6797132_k119_47690_2_22640731	11	54	44	0	2	89	199
SRR13225455_k141_582832_6_342251133	69	59	25	0	38	319	84
SRR12356872_k141_397364_1_235793148	86	45	36	0	0	83	297
SRR22372582_k141_390617_1_229919011	9	56	25	0	2	106	61
ERR1713369_k141_758952_2_124254288	93	82	43	0	2	301	335
ERR3858117_k141_1103064_3_30345361	453	249	46	0	11	243	528
SRR18749955_k141_279229_6_108027631	13	71	52	0	0	120	73
SRR4754862_k141_207736_2_117721913	320	118	48	0	3	404	228
SRR19238502_k141_345893_8_121222650	4	54	41	0	13	147	120
SRR14932513_k141_1096883_8_488498636	387	195	108	0	8	487	477
SRR14932522_k141_445465_1_507817585	375	115	38	0	0	297	106
SRR14143317_k141_102001_2_49515648	502	50	24	0	0	195	361
ERR5954469_k141_488328_1_240163181	65	110	60	0	1	382	88
SRR11088476_k141_1219402_1_56344771	15	52	24	0	2	96	108
SRR9261010_k141_256370_1_230012346	71	49	83	0	1	133	100
SRR14932582_k141_30725_8_616096504	96	75	40	0	14	96	269
SRR14751605_k141_119564_1_463711657	292	66	43	0	0	155	224
SRR9030456_k119_227237_1_232187669	181	110	51	0	1	339	438
SRR2107174_k141_4129_2_16534483	491	252	52	0	10	257	533
SRR14932641_k141_1995447_50_706381432	430	59	35	0	4	82	372
SRR26502661_k141_2218227_2_205408925	5	63	55	0	14	149	150
ERR4869726_k141_311993_1_26369083	266	101	47	0	4	319	134
SRR14560426_k141_451502_1_421560724	483	173	88	0	0	423	462
SRR11088419_k141_398548_5_47342317	93	76	28	0	5	321	286
SRR14492200_k141_449913_1_393649778	22	44	47	0	4	122	121
ERR11269298_k141_61228_4_54692433	103	57	55	0	0	120	444
ERR11269309_k141_175015_1_209092353	12	51	43	0	3	112	225
SRR13608700_k141_967902_1_385523055	126	206	56	0	108	160	132
ERR1713394_k141_700452_2_150158257	186	80	48	0	26	170	230
ERR4678685_k141_802557_1_178515937	25	49	61	0	1	120	113
SRR14932657_k141_569722_2_739610958	226	94	30	0	0	262	139
ERR4869833_k141_67034_15_161527721	201	198	44	0	16	348	150
SRR14751620_k141_776152_1_515380484	41	67	54	0	4	156	213
SRR22372585_k141_349031_5_185699066	43	103	78	0	11	234	187
SRR14751602_k141_75520_1_457571859	197	132	57	0	3	412	395
ERR2163668_k141_126550_1_15760720	117	94	25	0	0	310	269
SRR14751603_k141_996988_13_459000116	36	97	71	0	1	284	198
SRR14932652_k141_1553778_1_728667443	465	58	82	0	0	119	225
SRR19238499_k141_49247_1_118009598	122	60	69	0	0	173	185
ERR2592277_k141_211195_1_63644411	190	120	53	0	1	328	335
ERR4678628_k141_882515_2_32966810	4	46	37	0	1	82	208
ERR4678608_k141_965880_4_75855100	72	51	58	0	0	95	414
ERR1414215_k119_337193_4_4783460	204	244	73	0	16	104	187
SRR14751609_k141_1157751_3_490334895	188	101	34	0	3	405	320
ERR1713384_k141_1365523_9_137569181	424	105	63	0	3	229	496
SRR14932547_k141_550536_1_555749987	85	70	31	0	16	363	155
SRR19786835_k141_730176_11_557348878	16	65	51	0	5	122	225
SRR6797139_k119_228394_2_2524524	140	124	32	0	21	243	81
SRR13727527_k141_1796931_29_123265876	329	123	95	0	1	383	339
ERR11181239_k141_151248_1_2440791	137	58	57	0	2	118	404
ERR4869825_k141_148855_1_153581378	16	45	27	0	8	99	88
SRR13225453_k141_318179_1_341043170	350	126	42	0	3	102	392
SRR14932610_k141_149106_1_649333260	219	72	26	0	0	79	66
SRR6747748_k141_678284_1_98299378	273	125	64	0	1	397	396
SRR7369915_k141_163437_3_12812127	45	57	35	0	4	239	143
ERR5954381_k141_485482_5_179747026	15	101	58	0	7	170	82
ERR4678591_k141_141827_1_55944245	32	88	72	0	11	188	318
SRR14932654_k141_611136_1_734243616	459	261	100	0	19	212	498
ERR1713364_k141_619233_1_119449860	60	53	23	0	1	222	240
SRR24226011_k141_95832_4_190228012	266	263	29	0	17	158	340
ERR4678607_k141_98979_2_74865795	106	89	57	0	3	279	361
SRR18749951_k141_217567_1_104453678	362	156	70	0	1	492	246
SRR11088457_k141_1179053_1_15163370	157	65	36	0	0	231	375
SRR5123275_k141_167242_1_54606675	160	70	34	0	4	308	261
ERR4678685_k141_859933_1_178522239	129	108	35	0	10	155	132
SRR22752014_k141_166243_2_260271467	430	105	26	0	0	79	87
ERR4869834_k141_996996_3_162798134	76	100	25	0	1	348	176
ERR5954387_k141_507997_1_261823168	310	114	90	0	9	391	417
SRR10598220_k119_145685_1_52203242	32	97	75	0	14	199	308
SRR8351382_k141_1688102_2_202884653	160	55	25	0	0	236	378
SRR9852197_k141_582911_2_314339027	189	60	31	0	0	174	218
ERR12084944_k141_380522_2_8718052	172	86	41	0	2	272	273
SRR19786835_k141_1016296_2_557888066	9	50	35	0	4	100	229
ERR1713338_k141_46400_1_90913828	175	44	41	0	10	86	322
SRR12964613_k141_450519_3_114645613	80	56	40	0	4	131	63
SRR22752046_k141_1472143_2_293022970	76	47	28	0	4	271	280
SRR1788318_k141_863522_2_86083159	186	89	26	0	2	349	72
SRR9852174_k141_1208407_1_269318936	127	44	36	0	258	143	219
SRR8223441_k141_495402_2_200458047	259	46	59	0	0	87	92
SRR19786844_k141_217608_1_564052491	91	64	38	0	0	289	313
SRR14932672_k141_261282_6_767870309	316	108	38	0	3	386	319
SRR8797414_k141_105071_2_62777743	228	73	100	0	0	139	393
SRR26726063_k141_187067_26_158243298	145	94	49	0	1	338	247
SRR10132660_k141_382042_1_292680514	200	102	52	0	2	374	107
ERR4678618_k141_820063_2_91829061	16	45	47	0	0	115	137
SRR12404949_k141_938643_1_125852869	65	61	25	0	1	136	414
ERR11181234_k141_116494_2_1511654	19	54	59	0	3	131	128
SRR11674040_k141_427461_1_142679380	358	58	56	0	2	174	258
SRR14932617_k141_199336_2_664601444	292	117	42	0	5	433	331
SRR15237808_k141_196732_2_226017693	83	113	26	0	0	265	255
ERR1076076_k141_43491_1_1068752	231	50	33	0	0	103	86
SRR13225461_k141_414968_1_346713067	412	85	71	0	16	212	342
SRR12113392_k141_220110_1_54471912	232	184	31	0	6	238	104
SRR19786835_k141_289716_5_557710155	147	53	45	0	0	191	388
SRR12113411_k141_1007198_2_86211776	329	109	28	0	2	223	72
ERR3281041_k141_180154_5_13231618	10	50	71	0	19	147	199
SRR7369916_k141_738792_1_13786470	40	51	37	0	1	104	146
SRR6439731_k141_366438_1_200469829	158	70	30	0	0	262	116
SRR12964613_k141_524985_3_115134440	161	110	70	0	1	275	123
SRR19238510_k141_259264_1_130986681	364	166	84	0	4	501	449
SRR10761724_k141_1001415_15_48489085	314	169	56	0	4	475	430
SRR6747758_k141_495090_3_107951156	252	167	25	0	9	296	104
SRR8517159_k141_203880_14_57880460	72	89	43	0	28	184	67
ERR12084959_k141_795897_3_34033573	382	130	25	0	1	338	92
SRR19786846_k141_240801_39_565441880	39	47	23	0	2	254	222
ERR11269305_k141_91024_6_202668130	124	94	23	0	0	313	212
ERR1713397_k141_1163980_2_156435432	218	114	50	0	0	212	163
ERR1713359_k141_596804_1_187891828	12	52	49	0	5	104	220
SRR22752012_k141_603134_1_255904201	508	249	140	0	291	575	475
SRR5123275_k141_28844_1_55314209	416	242	142	0	6	554	492
ERR4869820_k141_1192776_1_145784078	92	117	24	0	4	451	87
SRR9261017_k141_12287_1_232797300	316	54	46	0	0	131	213
ERR1713357_k141_739704_3_112268651	181	108	61	0	30	159	415
SRR21203051_k141_4413_44_165654633	117	61	33	0	1	118	109
ERR4869760_k141_362473_3_103554183	71	135	37	0	10	238	82
SRR21802946_k141_289200_2_602100158	351	150	79	0	32	494	348
SRR8831201_k141_2778610_3_214404628	323	46	46	0	1	148	215
SRR18331972_k141_65277_6_145124336	112	59	36	0	8	105	83
SRR9852217_k141_782520_2_354499242	339	182	65	0	8	134	60
ERR4678694_k141_393234_1_188025164	66	48	31	0	1	89	351
SRR7369908_k141_1306617_1_37452213	9	65	49	0	6	103	73
ERR4869825_k141_1265738_2_153715454	83	106	53	0	0	352	310
SRR14560417_k141_386239_1_481132229	340	144	74	0	47	372	234
SRR14932568_k141_1130586_1_590803583	332	134	50	0	4	435	452
SRR5306400_k119_338904_2_496997575	117	113	24	0	54	347	250
SRR10132621_k141_11237_1_282048263	215	125	73	0	0	360	318
SRR13608725_k141_1245160_1_359015761	288	71	31	0	1	170	60
ERR4678572_k141_1300460_1_11857683	393	125	25	0	3	107	393
ERR4678604_k141_531796_4_69317321	91	61	62	0	0	118	391
ERR4678605_k141_928197_2_69596498	16	48	35	0	1	109	204
SRR11088456_k141_1422309_1_142846377	103	78	35	0	16	125	307
ERR1713364_k141_251201_2_118855973	251	82	33	0	5	281	364
ERR4678677_k141_852090_1_195150469	328	63	27	0	1	141	315
SRR18749955_k141_106384_21_108218547	22	68	58	0	5	151	88
SRR12113407_k141_3096030_2_75106848	136	72	26	0	0	152	271
SRR6747795_k141_353096_1_168831231	256	104	83	0	3	222	334
SRR17063163_k141_345546_5_85679088	5	116	42	0	3	363	63
ERR5954452_k141_73354_16_228203760	218	103	36	0	1	329	325
SRR9275566_k79_63564_3_512620286	134	80	30	0	4	323	240
SRR6439735_k141_824080_2_1832500	65	48	29	0	6	292	287
ERR4869831_k141_1073261_20_160340685	53	66	34	0	6	317	304
SRR14932614_k141_345742_2_657839655	352	51	49	0	2	165	228
SRR14932559_k141_541927_4_579922642	469	85	36	0	110	277	475
SRR14932637_k141_813339_12_697777324	381	144	74	0	0	415	435
SRR15669517_k141_112976_2_135997922	146	105	105	0	2	332	331
SRR22752045_k141_353056_2_289891314	397	314	106	0	63	343	251
SRR14560448_k141_371809_6_434128522	218	173	57	0	25	232	158
ERR4678580_k141_1195020_1_45558299	80	53	31	0	21	213	338
SRR6747723_k141_67227_1_74274758	107	162	55	0	8	114	94
SRR21694250_k141_629956_1_587511034	218	73	38	0	0	273	164
ERR1713343_k141_233704_2_93820747	122	57	40	0	1	151	428
ERR1713394_k141_294488_2_150557937	73	133	30	0	2	174	63
ERR4678605_k141_1061808_1_70367531	113	52	51	0	1	109	420
SRR2107178_k141_18588_10_17961765	257	172	46	0	41	266	257
SRR14560426_k141_2952_3_421528063	375	179	71	0	9	531	431
SRR14932514_k141_451565_1_489696686	323	57	25	0	4	191	63
SRR13225459_k141_255527_1_346350919	20	45	39	0	3	94	155
SRR8223441_k141_838549_3_200948687	521	181	108	0	4	141	382
SRR9852217_k141_634480_3_354198260	394	199	94	0	6	505	460
SRR14560448_k141_166963_3_433643852	373	184	76	0	6	507	464
SRR14751621_k141_1222044_1_518411185	29	54	58	0	4	122	162
ERR3858116_k141_1175266_1_29855861	40	153	50	0	31	123	98
SRR18331971_k141_121401_2_144896059	228	81	72	0	1	221	357
ERR4869843_k141_29578_20_164966142	215	201	53	0	23	233	148
SRR14932555_k141_597821_1_569324491	247	184	43	0	6	181	148
SRR9261031_k141_114605_1_239783354	136	169	24	0	7	269	59
ERR4678616_k141_1383336_1_89237028	293	47	25	0	5	184	306
ERR4678694_k141_285589_1_187207133	19	48	32	0	3	97	174
SRR14932677_k141_244292_2_776665828	137	69	37	0	0	153	113
SRR8512220_k141_277528_1_61862197	266	151	65	0	5	464	358
ERR1713363_k141_923864_1_118611803	17	47	53	0	1	87	115
SRR22372569_k141_531924_8_196800147	131	82	83	0	0	242	358
SRR22372571_k141_94849_29_196889110	7	46	41	0	1	99	228
SRR22372569_k141_34305_1_196394815	179	67	24	0	1	228	271
ERR1713387_k141_590902_1_143666688	372	93	79	0	255	464	424
ERR11269307_k141_1105639_2_205919422	7	52	46	0	3	103	254
SRR9038830_k141_8239_2_219266246	395	146	83	0	18	427	311
SRR11088419_k141_126656_1_47226405	164	48	38	0	1	137	427
SRR6337683_k141_428037_1_501424752	104	115	56	0	6	111	89
SRR15237808_k141_458335_45_225672192	20	44	37	0	7	111	200
SRR17063163_k141_585814_1_86888282	458	240	145	0	8	541	506
SRR7912025_k141_160866_57_58819876	129	65	63	0	1	121	433
SRR26726064_k141_76975_2_158764570	65	113	35	0	8	152	111
ERR4678695_k141_196821_1_276599042	307	50	51	0	0	110	291
ERR1726005_k141_547420_1_17129749	112	71	23	0	1	227	147
ERR5954468_k141_327771_1_239003595	27	75	56	0	11	199	153
ERR4869823_k141_783914_4_151129441	125	103	27	0	3	342	245
ERR1713386_k141_569097_1_141798034	13	50	40	0	1	112	212
SRR7369911_k141_1077502_1_41600862	206	78	30	0	1	221	60
SRR13727526_k141_228502_1_121970103	16	55	50	0	1	107	163
ERR1414231_k119_416009_1_8524513	233	63	23	0	22	240	171
ERR11269305_k141_1199466_2_202230931	224	75	59	0	1	209	388
ERR3281038_k141_584950_6_11563851	334	186	52	0	32	222	183
SRR13727531_k141_3800_1_128873355	19	98	73	0	13	227	121
SRR12404962_k141_682208_2_18712453	161	49	33	0	3	85	158
SRR9852192_k141_28528_2_302430828	464	45	28	0	0	186	287
SRR10132621_k141_377394_1_282055436	372	89	77	0	358	351	413
ERR11269305_k141_1326077_6_202652591	527	158	83	0	20	257	516
SRR24226016_k141_50271_5_197677054	222	189	25	0	6	222	94
ERR4678604_k141_410712_2_68673649	257	246	77	0	28	98	207
ERR11269307_k141_631997_1_206051492	305	208	97	0	9	495	450
SRR18331985_k141_26745_5_173346170	107	66	73	0	0	114	380
SRR18749958_k141_4709_1_91129262	6	48	41	0	13	79	80
SRR18749952_k141_572379_1_105465455	119	89	30	0	2	135	135
SRR13727524_k141_173178_2_121008360	72	78	37	0	1	264	95
ERR4678632_k141_76723_1_108893861	348	125	66	0	8	357	419
SRR1702233_k141_25706_1_13274427	188	106	41	0	3	393	376
SRR15085129_k141_433938_1_59416340	37	83	80	0	4	162	294
ERR3761208_k141_772655_3_103610442	355	205	93	0	16	544	316
ERR3281023_k141_312774_3_2645006	466	135	59	0	269	492	254
ERR9903366_k141_113296_17_250920176	261	104	65	0	129	347	340
SRR19786841_k141_46641_1_562247554	235	149	34	0	45	493	172
ERR1726013_k141_391029_3_68805022	174	79	88	0	5	248	408
SRR14560403_k141_525921_3_410290208	174	158	28	0	0	175	73
ERR11269299_k141_738024_1_23360955	23	54	46	0	7	116	227
SRR9852177_k141_1665420_2_277320451	412	95	42	0	3	224	72
SRR22372550_k141_194615_3_187904187	397	247	95	0	3	376	314
SRR21427517_k141_323891_1_172521597	36	60	51	0	11	112	99
SRR14554393_k141_394715_1_396248080	58	89	41	0	2	358	103
ERR9855093_k141_648839_2_28584362	73	45	39	0	0	87	326
SRR12964612_k141_175364_1_113389195	44	89	68	0	5	149	61
SRR20681262_k141_194278_39_170138680	21	99	72	0	15	221	184
SRR14751604_k141_802536_6_461703947	518	95	40	0	4	214	425
ERR4678647_k141_664195_1_120252083	54	57	58	0	38	160	289
ERR4869713_k141_542791_1_69926343	112	122	30	0	3	319	82
SRR21802943_k141_109322_27_175886922	180	110	44	0	2	409	376
SRR14932637_k141_1254203_9_698324428	452	92	72	0	6	194	515
ERR2592250_k141_264355_2_72564473	354	55	43	0	60	280	528
SRR22752025_k141_888782_1_265230679	114	102	23	0	31	309	246
SRR21427518_k141_562390_1_146453012	210	152	112	0	1	372	266
SRR19238509_k141_885581_1_129603480	245	223	54	0	3	83	199
ERR4678691_k141_375069_2_182779707	150	71	32	0	3	279	275
SRR1763383_k119_134802_632_13916764	242	51	33	0	5	223	158
SRR12404958_k141_1777675_5_48585444	93	106	31	0	3	363	271
SRR14751607_k141_2306120_1_470267547	305	130	65	0	1	348	212
SRR18749947_k141_343427_3_99622030	26	95	67	0	7	191	123
SRR22752046_k141_123348_2_291118833	75	51	43	0	1	125	432
SRR14932621_k141_963954_1_670960486	322	59	34	0	0	109	303
SRR14932546_k141_860943_2_552539731	340	54	47	0	0	123	85
SRR18749953_k141_63977_2_106300124	80	65	48	0	0	196	351
SRR12404955_k141_2011973_7_147950269	308	84	46	0	15	254	196
ERR1713358_k141_760233_1_114033709	179	191	48	0	10	140	440
SRR14932661_k141_1225847_4_747780581	364	120	47	0	51	276	381
SRR18331975_k141_14203_1_145852843	97	64	52	0	1	116	444
SRR14560466_k141_369489_1_445820580	86	72	77	0	27	152	329
ERR4678600_k141_846535_2_63846483	20	66	38	0	6	118	224
SRR22372567_k141_77438_40_195355841	259	89	72	0	1	172	443
SRR15669517_k141_276982_1_136337340	27	92	65	0	11	190	104
SRR10388113_k141_27853_3_43118571	219	178	25	0	7	244	87
SRR11673993_k141_166895_1_134217400	449	218	92	0	19	194	99
SRR11674014_k141_378101_1_426961780	216	83	52	0	1	237	107
SRR14932652_k141_842881_1_728731485	435	106	26	0	0	83	99
ERR12084950_k141_697680_4_31854529	278	128	57	0	1	401	237
ERR9855099_k141_878002_1_67454067	236	47	41	0	2	140	429
SRR14932636_k141_529488_4_696365610	347	46	45	0	2	119	311
SRR13171211_k141_221962_279_45726110	249	194	58	0	40	229	183
SRR13171211_k141_205430_1_45797671	393	97	37	0	4	121	119
ERR4869773_k141_599169_1_110721369	243	207	48	0	16	336	173
SRR446576_k99_206199_2_49347786	150	71	58	0	1	175	142
SRR22372508_k141_183962_28_164783236	435	89	30	0	2	161	379
ERR5954381_k141_196009_2_180132300	25	68	49	0	8	148	74
SRR13107666_k141_537197_3_312863120	220	70	51	0	28	138	184
ERR2105757_k141_2447_3_25048552	158	181	40	0	19	168	105
SRR13225451_k141_249425_1_339958493	20	47	52	0	0	104	102
SRR13225452_k141_197186_1_340225735	47	88	40	0	1	351	161
SRR6337687_k141_136153_3_503179891	370	200	142	0	4	254	311
SRR10132659_k141_244679_1_291364334	153	122	38	0	7	386	266
SRR14751609_k141_368263_1_489405478	55	60	28	0	1	87	276
SRR22372564_k141_127466_1_208968927	81	93	38	0	2	387	106
SRR13727538_k141_322771_2_134425201	271	58	53	0	0	124	102
SRR12404955_k141_1868573_2_149175922	205	170	43	0	18	209	98
SRR10132624_k141_295319_1_283874983	64	52	54	0	2	226	296
SRR19786825_k141_301210_2_549028561	125	49	25	0	1	124	445
SRR14932544_k141_875873_1_548553657	372	199	66	0	21	149	72
SRR11088429_k141_808553_62_54497263	22	60	59	0	3	138	199
SRR12404948_k141_2223883_1_45999328	172	138	83	0	1	366	459
SRR13608700_k141_834027_1_388032709	70	74	104	0	3	205	89
ERR11269305_k141_293264_2_201989639	151	50	32	0	0	151	134
SRR13198920_k141_285039_2_239567730	174	83	73	0	0	164	426
SRR6747749_k141_684823_2_99459133	195	44	28	0	0	153	219
SRR7369912_k141_58034_6_8298522	137	82	27	0	6	298	259
ERR1726013_k141_435156_1_68788528	200	70	66	0	2	162	470
SRR14751621_k141_599078_2_519305020	70	95	27	0	7	311	267
ERR1713335_k141_368201_2_87335917	158	123	36	0	3	386	324
ERR1713335_k141_496742_1_87946008	141	57	54	0	2	126	421
ERR4678694_k141_174459_1_187529643	92	57	50	0	1	128	431
ERR1713377_k141_213800_1_131399274	127	57	64	0	0	136	419
SRR8351382_k141_9431_7_201773810	33	114	89	0	2	94	144
SRR2107219_k141_75401_26_25070974	400	337	96	0	89	499	235
SRR12404948_k141_831661_3_46069156	253	45	38	0	20	200	129
SRR14492200_k141_221379_1_393881150	18	59	59	0	11	142	260
SRR11088478_k141_1535404_1_44264222	22	59	54	0	29	120	233
SRR13225458_k141_169627_2_345205464	461	74	45	0	7	83	341
SRR6337689_k141_476165_5_504494219	67	72	25	0	22	352	142
SRR13225453_k141_651633_3_341785127	89	44	45	0	0	153	386
SRR13608700_k141_1000675_1_386546458	125	49	47	0	1	172	116
ERR4678621_k141_768145_2_96339430	6	45	41	0	1	100	227
SRR19786845_k141_628345_3_564258887	214	62	25	0	9	170	114
SRR10761721_k141_372194_1_72287077	203	133	62	0	3	449	247
SRR18749954_k141_80749_49_107304498	31	102	70	0	12	209	163
ERR1076082_k141_642216_20_1710494	47	79	38	0	0	260	67
SRR14932640_k141_1685273_8_702559303	236	124	35	0	4	99	108
SRR18749950_k141_605430_1_103076656	258	210	28	0	6	240	103
ERR3281040_k141_190530_26_22893606	217	117	64	0	1	384	365
SRR9275568_k79_71255_1_513016856	114	56	46	0	1	135	434
SRR6797141_k119_4923_19_1368259	339	147	32	0	16	80	284
ERR5954382_k141_997809_1_181443740	30	115	28	0	0	325	93
SRR9261029_k141_161707_1_149483356	330	98	26	0	0	257	121
ERR4678652_k141_129345_9_128920351	449	137	57	0	1	460	448
SRR2107215_k141_141793_20_23200577	519	260	148	0	16	583	517
ERR2338392_k119_400616_5_22109627	401	223	88	0	15	177	159
ERR1713349_k141_960026_5_100588377	119	61	49	0	0	165	396
ERR4678567_k141_950224_1_2402538	350	169	65	0	2	452	432
SRR14932487_k141_843657_81_461368875	454	314	108	0	365	403	296
SRR14932621_k141_1155714_1_670451554	455	269	141	0	18	575	463
SRR9644739_k141_151625_1_64876671	16	83	64	0	8	173	100
SRR9852195_k141_698751_4_308244391	378	66	52	0	0	247	256
SRR22372569_k141_178145_2_196586599	194	190	25	0	6	210	86
SRR19786848_k141_306810_4_567395406	78	67	59	0	1	98	382
ERR2592247_k141_281674_3_22953976	66	46	51	0	0	79	334
SRR19238500_k141_221523_1_119470021	153	67	58	0	1	132	448
ERR5954458_k141_175208_1_268643041	43	76	64	0	0	185	96
ERR1725976_k141_170290_3_184875184	305	81	70	0	1	195	443
SRR14932580_k141_397200_2_613451152	459	59	32	0	1	81	225
SRR18331983_k141_105881_2_179726379	26	48	52	0	2	135	216
SRR10132669_k141_2110_1_298291475	62	140	91	0	17	240	137
SRR14751606_k141_832860_1_465925003	24	107	71	0	11	236	181
SRR15085129_k141_399570_4_59529570	194	265	61	0	28	129	85
SRR20309469_k141_800432_13_176967048	412	78	38	0	0	148	358
ERR3281025_k141_78660_2_4903833	242	90	30	0	2	162	90
SRR3098764_k141_52177_1_674921	359	100	50	0	130	230	388
SRR2938326_k141_100250_2_1963699	82	66	75	0	21	170	284
ERR4678619_k141_1231729_1_95067024	44	50	24	0	2	254	254
SRR12339334_k141_36069_1_219653127	204	154	73	0	22	140	172
SRR14143308_k141_102700_9_73137022	473	229	51	0	18	128	254
SRR8512243_k141_913037_1_66687596	302	81	59	0	0	153	128
ERR1713336_k141_420310_4_88658411	170	95	54	0	0	235	461
ERR4678588_k141_379052_1_19259258	6	46	41	0	11	115	115
SRR4754862_k141_245412_1_118848527	59	66	45	0	2	118	75
SRR4754862_k141_818985_1_118869765	183	82	61	0	3	310	317
SRR2107184_k141_83223_2_20306516	305	174	29	0	7	155	194
SRR22372538_k141_112034_15_194555869	212	196	24	0	8	255	101
SRR19786849_k141_78312_2_567608931	62	49	62	0	0	101	386
SRR17063163_k141_1027337_2_85911365	96	53	36	0	2	103	104
SRR10132626_k141_553537_1_377133943	39	64	62	0	15	144	251
ERR4678597_k141_808300_1_28250035	68	106	91	0	11	189	383
SRR22372508_k141_132252_1_164860365	143	65	32	0	1	143	136
ERR11181245_k141_140147_3_4113163	257	97	53	0	8	297	313
SRR14932568_k141_131023_6_590553022	240	75	49	0	3	233	289
SRR14932616_k141_571633_1_662796024	126	58	30	0	1	186	151
SRR13727521_k141_162806_105_119560566	153	108	87	0	0	332	263
SRR19238511_k141_457790_2_132647927	202	89	33	0	3	328	122
SRR14751604_k141_751502_1_460226174	96	61	46	0	1	144	436
SRR11088441_k141_1130014_3_386412582	117	50	69	0	1	100	416
SRR9644740_k141_260968_1_65747528	173	75	63	0	2	205	467
SRR26726063_k141_90280_5_158387866	9	49	36	0	6	89	89
SRR12332666_k141_204694_1_218276066	133	118	114	0	5	255	116
SRR13727538_k141_450885_84_134995007	246	76	31	0	0	153	108
SRR19786840_k141_614798_1_561660704	9	47	49	0	1	97	105
ERR9855090_k141_832211_1_70639412	85	46	25	0	1	105	433
SRR9261048_k141_142932_2_248669785	471	95	64	0	6	99	366
SRR19238503_k141_274156_8_122531066	15	82	57	0	2	133	63
SRR13727519_k141_213173_193_118897496	112	90	47	0	2	298	113
ERR4678576_k141_1810749_3_38066742	412	213	128	0	7	497	510
ERR5954452_k141_309102_2_227631216	117	154	25	0	3	475	219
SRR2938326_k141_169180_3_1961275	56	109	102	0	16	205	345
SRR9261041_k141_278316_1_245278780	80	47	30	0	1	102	408
ERR4678688_k141_951556_1_275283012	178	101	91	0	36	246	336
ERR1414212_k119_98978_2_3371272	442	108	63	0	2	200	142
SRR25018390_k141_695550_1_621681943	23	72	67	0	13	150	171
ERR1713387_k141_144785_1_143103445	65	54	58	0	1	114	429
ERR1713387_k141_346753_5_143207188	298	63	38	0	3	241	239
SRR8224501_k141_34123_2_25091300	62	113	98	0	24	236	336
ERR4678659_k141_383629_2_135802030	56	147	122	0	101	274	322
SRR7369919_k141_426833_1_224392759	15	89	64	0	3	166	95
SRR13727527_k141_1923726_4_124971144	67	66	38	0	0	192	190
ERR4678647_k141_460076_2_120378401	358	52	55	0	0	96	361
SRR4754858_k119_137341_4_86793534	222	58	43	0	45	155	77
SRR3501850_k141_584551_4_26612493	91	111	24	0	0	202	268
SRR3501850_k141_586662_1_26683556	144	148	50	0	417	424	132
ERR1713352_k141_32903_5_107016697	179	86	37	0	20	380	300
SRR15237807_k141_127015_37_225399890	283	118	48	0	170	429	367
SRR14932675_k141_21614_1_772761172	341	124	60	0	4	332	115
ERR2105756_k141_181020_2_21231339	369	73	47	0	30	305	178
SRR21427515_k141_210878_1_47376973	161	73	42	0	2	325	283
SRR12404952_k141_2915465_1_95378330	242	130	29	0	3	214	100
ERR12084948_k141_154937_2_13602422	425	174	106	0	27	500	149
SRR9261050_k141_255157_1_249644269	244	68	24	0	1	144	178
SRR19238510_k141_645725_12_131856781	43	109	24	0	3	391	208
ERR3281034_k141_186545_2_9865361	8	46	39	0	3	82	184
ERR1725939_k141_132886_1_194661049	502	254	146	0	74	554	480
SRR12113404_k141_149366_1_72766131	119	74	38	0	5	307	140
SRR6439740_k141_94666_5_3705073	108	86	66	0	11	181	241
SRR18749946_k141_487647_1_97790923	158	122	28	0	1	399	98
SRR14932625_k141_868193_2_676092233	71	64	57	0	1	166	408
SRR14560396_k141_629652_2_405649885	2	45	40	0	11	103	72
SRR22372535_k141_291684_1_192873662	331	84	38	0	1	201	215
ERR2592253_k141_374663_2_45804197	110	90	38	0	2	210	428
SRR19238501_k141_408462_1_120335788	57	143	34	0	13	135	148
SRR11548473_k141_536736_1_68793401	10	61	55	0	12	138	111
SRR25018389_k141_723625_3_620660091	13	77	42	0	6	143	79
SRR13171216_k141_588436_1_47183380	11	47	40	0	8	137	148
SRR9852183_k141_433512_1_289447866	317	178	55	0	3	129	60
SRR6439738_k141_33548_3_3243032	30	55	59	0	32	123	237
SRR9644742_k141_82607_1_66319918	28	82	63	0	4	160	108
SRR14751620_k141_166630_1_517353956	345	74	36	0	1	126	323
ERR1713342_k141_424149_1_92718071	317	261	47	0	7	125	418
SRR13727527_k141_1472171_10_123328994	105	57	38	0	1	187	145
SRR14560391_k141_49496_2_400697002	69	64	31	0	10	314	312
ERR4678560_k141_504894_1_150980205	55	47	55	0	5	95	167
ERR1076082_k141_859193_1_2328508	190	63	35	0	1	221	116
SRR6747717_k141_794828_4_67196289	337	97	67	0	1	205	223
SRR13727533_k141_17240_202_130115169	55	74	48	0	2	174	61
ERR5954406_k141_103389_4_197379853	241	182	53	0	8	461	70
SRR11088388_k141_688472_2_368766696	25	50	60	0	9	121	127
ERR3281040_k141_33301_1_22630734	13	87	63	0	8	182	102
ERR3281040_k141_90077_24_22754197	197	140	72	0	4	462	423
ERR9903365_k141_214642_1_250573658	106	47	34	0	0	129	83
ERR4678604_k141_765245_2_69211427	26	84	79	0	9	154	287
ERR3281040_k141_250753_21_22695934	165	50	37	0	1	176	63
SRR9261026_k141_7682_1_237548485	240	177	42	0	7	267	125
ERR3281039_k141_105308_84_12702702	136	89	39	0	1	128	72
ERR9903368_k141_152161_2_493225299	259	115	23	0	5	228	83
ERR4222571_k141_1221667_3_54787083	22	73	44	0	7	138	86
SRR19786829_k141_513405_43_582054119	176	81	90	0	1	158	469
SRR6797146_k119_2422_17_12317755	187	153	43	0	25	188	140
SRR22372584_k141_268326_6_184635343	476	149	54	0	1	237	445
SRR14560427_k141_49603_2_422740736	8	49	42	0	11	115	174
SRR15669517_k141_346360_18_136473566	12	54	44	0	10	125	131
ERR4678615_k141_1362940_2_85950407	380	262	63	0	10	117	170
ERR1713395_k141_608755_9_152287766	170	121	40	0	37	387	313
SRR8351385_k141_112970_32_208313692	371	159	64	0	2	477	464
ERR5954426_k141_879066_1_213007120	142	74	41	0	3	213	87
SRR16108674_k141_1024411_1_537775671	27	95	93	0	13	181	284
ERR1726001_k141_61205_1_44328547	158	122	84	0	1	231	465
SRR18331972_k141_50802_2_145178731	145	79	63	0	1	157	455
ERR5954433_k141_860450_1_216411006	473	153	94	0	9	460	495
SRR11088481_k141_859590_1_402972292	222	76	65	0	0	159	405
SRR14932518_k141_534079_5_498456008	386	89	75	0	10	363	334
SRR13225447_k141_682058_4_383473647	95	121	40	0	8	290	62
ERR1713342_k141_1021047_4_92303843	63	70	28	0	3	279	252
SRR22105538_k141_212986_2_147274779	91	139	30	0	0	404	81
ERR3761227_k141_861121_1_108037584	218	125	61	0	0	179	92
SRR14932555_k141_133137_1_570473997	234	161	76	0	67	192	109
SRR14143309_k141_39165_1_73338000	107	52	61	0	1	104	387
SRR6747726_k141_333574_1_76604997	425	286	77	0	16	403	164
SRR20309467_k141_772933_3_174901833	150	75	24	0	6	140	107
SRR9852177_k141_1181727_4_276893964	361	152	88	0	5	422	467
SRR7369908_k141_964846_6_37139398	22	82	37	0	0	81	71
SRR12964614_k141_363855_2_115771313	34	62	65	0	2	120	233
SRR26726064_k141_144523_8_158578685	413	142	100	0	3	368	476
ERR4678623_k141_1885152_2_100415379	427	173	67	0	0	180	420
ERR4869810_k141_368487_3_136913111	323	126	29	0	15	159	174
SRR13608725_k141_2620617_2_360563107	249	210	25	0	8	281	123
SRR14560436_k141_600013_1_427476554	173	81	37	0	13	211	135
SRR19786826_k141_307611_1_549611266	52	88	25	0	10	110	351
SRR10132627_k141_250168_8_285687521	339	142	91	0	2	375	473
SRR8517163_k141_287442_4_32061074	258	114	101	0	1	315	123
SRR14492177_k141_355638_5_373650036	382	98	40	0	182	413	314
SRR11088473_k141_834030_1_400619369	435	132	71	0	3	295	187
SRR8512239_k141_56462_1_65101184	63	76	78	0	11	172	241
SRR18749954_k141_321197_5_106751799	28	99	57	0	4	176	82
ERR4678577_k141_1406195_2_40660669	102	64	68	0	0	128	335
SRR22372523_k141_356192_1_201577184	213	161	48	0	8	185	157
SRR9261044_k141_185265_3_247035818	485	260	114	0	23	579	510
SRR22372529_k141_179235_63_204947600	68	70	48	0	0	121	150
SRR22372524_k141_543586_12_202379691	115	67	59	0	2	137	409
SRR11674034_k141_17342_2_140854481	354	169	33	0	0	101	70
SRR11088462_k141_455101_1_394114933	256	136	55	0	4	370	296
SRR22372587_k141_371547_1_186615503	23	90	55	0	4	178	93
SRR15669517_k141_89327_2_135924472	539	180	100	0	10	290	526
SRR13225459_k141_353711_1_345948241	17	50	69	0	3	142	168
SRR13608700_k141_1344660_31_387415819	184	160	47	0	18	128	140
SRR6337691_k141_155879_7_505841798	46	124	41	0	1	283	65
SRR9261021_k141_255051_2_234245003	409	108	41	0	1	110	406
SRR13727524_k141_3874_2_120941206	75	55	41	0	2	97	88
SRR14932575_k141_526861_5_603618564	233	130	66	0	3	387	400
SRR14751603_k141_987824_1_458727760	233	137	23	0	3	446	301
SRR14560393_k141_37198_1_402173635	148	79	36	0	5	291	257
ERR4678650_k141_246776_1_126507321	195	88	70	0	1	254	260
SRR12404949_k141_1072994_5_126861168	195	52	23	0	127	232	280
SRR22752014_k141_402908_4_260007517	174	74	41	0	0	247	60
SRR11088454_k141_1398728_1_87296496	183	84	32	0	18	265	141
SRR14751588_k141_1379739_3_451821140	56	90	36	0	3	361	60
SRR22752036_k141_1514753_4_265993921	178	64	45	0	27	214	309
SRR13727518_k141_274805_1_117527047	28	75	43	0	1	117	65
ERR11269295_k141_714056_1_50871798	10	48	32	0	6	121	96
SRR12404961_k141_3674132_1_11843645	24	49	41	0	6	129	240
ERR1713354_k141_489521_2_109198959	342	98	55	0	2	206	286
SRR2062623_k119_264575_3_14776874	298	65	34	0	60	251	241
SRR14932642_k141_1520471_4_707965417	147	65	39	0	19	110	188
SRR13225458_k141_623019_1_345243142	25	44	47	0	1	106	141
SRR19786823_k141_250607_1_547529612	179	62	34	0	5	115	396
SRR2107210_k141_246753_1_21234120	485	175	58	0	3	212	461
ERR1713349_k141_310969_4_101644452	154	53	58	0	0	97	335
SRR13727518_k141_221788_196_117539335	145	128	80	0	7	238	187
SRR13727535_k141_135323_50_132173501	292	103	58	0	0	182	152
SRR11548473_k141_496653_4_68334645	382	195	120	0	2	443	478
SRR13608702_k141_1138221_3_350249140	129	60	24	0	0	151	239
ERR11269308_k141_759795_1_207569841	44	101	90	0	16	182	314
SRR13727531_k141_382572_1_129228024	41	60	44	0	5	106	114
SRR14751620_k141_1168789_1_515601620	266	63	34	0	17	146	354
ERR4869780_k141_1152296_2_112969598	20	95	58	0	7	167	96
SRR2107181_k141_226391_1_19014472	299	120	29	0	24	228	96
ERR1713362_k141_1103528_1_116938645	354	46	41	0	3	95	399
ERR3858119_k141_465711_11_33391933	227	160	65	0	2	470	432
ERR11269303_k141_641431_11_200476273	33	68	59	0	12	174	290
SRR19238506_k141_43511_2_126965343	175	99	32	0	13	399	114
ERR4678572_k141_1195708_1_10631850	193	102	58	0	2	253	379
ERR2592250_k141_58739_1_72596257	18	63	45	0	7	105	223
ERR11269310_k141_202124_1_210317218	29	86	87	0	20	186	239
SRR13225448_k141_60228_1_336822802	326	123	39	0	3	353	117
ERR3761241_k141_1145631_1_122350868	199	117	48	0	3	401	259
ERR4678591_k141_237915_1_55527463	18	44	43	0	0	124	255
ERR4678591_k141_352114_2_55638776	7	47	38	0	5	89	182
ERR11269303_k141_543529_1_201319195	3	52	41	0	2	83	161
SRR14560430_k141_657600_2_424288537	44	87	69	0	17	211	198
SRR14751601_k141_2162892_2_486533215	15	46	38	0	0	84	88
SRR13608728_k141_1118691_103_362965778	393	215	102	0	5	507	498
SRR12113410_k141_288206_1_84319432	103	97	48	0	18	118	77
SRR14932637_k141_758359_9_697689169	243	110	37	0	4	296	151
SRR3098775_k141_157425_1_98805005	141	139	96	0	1	292	105
ERR5954433_k141_563755_2_215152378	140	82	35	0	42	262	87
ERR4678618_k141_1039346_1_93055163	457	134	54	0	4	426	344
ERR4678694_k141_660900_3_187533520	5	44	28	0	5	90	236
SRR3501886_k141_1195192_2_52600448	380	114	51	0	1	284	156
SRR13727538_k141_388003_15_134292856	57	118	38	0	1	188	67
SRR13727538_k141_388003_18_134292859	94	77	43	0	1	216	118
SRR8797411_k141_318881_30_59244589	92	58	33	0	0	279	118
ERR2105756_k141_234297_1_21190078	197	217	48	0	41	89	145
SRR22372527_k141_394521_2_204015261	312	87	31	0	126	277	199
SRR10761724_k141_451487_6_48565834	52	51	69	0	16	156	259
SRR9030454_k119_750154_1_231127987	206	116	44	0	2	371	244
SRR18749955_k141_395698_1_107963871	115	103	56	0	31	109	126
SRR18749955_k141_357572_5_108020485	17	76	40	0	5	137	66
SRR18749955_k141_457078_16_108080885	19	89	64	0	3	168	80
SRR6439733_k141_63473_4_221481087	364	149	82	0	1	432	443
SRR12479921_k141_147487_2_72613832	448	144	78	0	546	529	383
SRR14492190_k141_504420_2_375870301	178	115	31	0	2	155	89
SRR9852170_k141_522168_1_262176675	109	150	26	0	3	145	69
SRR8648015_k141_16096_2_1145289	116	58	42	0	1	110	418
ERR4222570_k141_1038254_1_52127190	59	93	27	0	0	293	70
ERR1713363_k141_391212_5_117744052	175	47	49	0	1	138	382
SRR22372544_k141_86854_117_215495089	70	47	29	0	1	131	207
SRR11088411_k141_1249594_1_75712856	22	49	37	0	2	93	147
SRR13727526_k141_309233_2_122210806	11	53	44	0	8	105	205
SRR21427517_k141_158365_2_172380683	21	45	50	0	15	128	130
SRR1796116_k141_622343_2_15416417	105	140	24	0	0	119	71
SRR14751588_k141_1291779_3_453000193	44	62	70	0	4	143	263
ERR4678602_k141_875076_4_65919856	245	128	50	0	4	421	396
ERR4678637_k141_1242966_3_138067879	363	75	26	0	0	146	390
SRR13608737_k141_1392779_2_364396694	20	44	32	0	0	80	122
ERR1414226_k119_509213_8_5196898	195	208	56	0	41	92	159
ERR4678579_k141_1336558_2_44065800	100	93	27	0	2	243	272
ERR3281039_k141_143608_1_12286026	203	47	61	0	0	83	211
SRR11088384_k141_1356571_1_33602392	344	113	31	0	2	332	276
SRR9852175_k141_817284_2_271492214	394	77	46	0	2	154	270
SRR14751605_k141_2017309_1_464070265	49	69	59	0	2	142	207
SRR13735271_k141_1048_3_220383660	89	46	43	0	4	111	155
ERR4678587_k141_326599_8_18947823	312	90	55	0	0	168	290
ERR3858114_k141_1326097_3_18637427	387	184	88	0	9	530	468
ERR2592277_k141_471414_1_63373649	476	220	113	0	11	508	374
SRR9852218_k141_558027_2_168648771	165	62	39	0	12	175	62
SRR18331976_k141_37729_1_145936684	24	49	47	0	2	113	164
SRR22752010_k141_1017832_1_251809628	169	78	24	0	0	116	97
ERR11269305_k141_755061_1_202389554	147	61	36	0	0	214	297
SRR14932487_k141_335296_5_462616397	199	106	43	0	3	317	230
SRR10132628_k141_448454_1_286884823	436	74	38	0	0	82	81
ERR4869717_k141_408253_11_71900874	144	46	37	0	13	163	121
SRR4754859_k141_428715_5_130363182	469	57	63	0	3	205	340
SRR19238499_k141_212956_7_118553236	312	119	56	0	3	264	213
SRR13727531_k141_39259_121_129291038	388	56	25	0	0	110	89
SRR22752025_k141_998669_2_264399004	100	56	35	0	0	127	407
ERR12084944_k141_805176_8_7690812	329	63	55	0	0	118	254
SRR7369910_k141_156495_1_40370174	7	44	33	0	4	94	199
ERR5954381_k141_101956_39_178650313	431	182	64	0	139	491	149
SRR14932625_k141_295772_26_676844468	103	92	25	0	1	313	242
SRR13171211_k141_150880_7_45925838	40	120	85	0	17	260	230
SRR8205411_k141_199150_1_194836503	301	133	49	0	5	194	144
SRR14932617_k141_233725_2_664150740	138	61	62	0	1	114	405
SRR14751607_k141_2203613_1_470374529	52	44	32	0	1	100	363
ERR1713372_k141_1280033_1_127137069	50	83	71	0	5	185	338
SRR1168486_k141_62103_2_11264338	223	46	37	0	0	90	124
SRR11088384_k141_833789_1_34840870	15	46	61	0	0	110	113
ERR4678650_k141_404548_1_127091069	10	48	45	0	3	95	197
SRR21427518_k141_204828_13_146105453	218	103	28	0	3	179	107
ERR4678667_k141_301801_2_169039004	365	133	68	0	3	457	419
SRR7369922_k141_724742_3_21811249	18	54	59	0	1	126	122
SRR22752043_k141_1710618_1_285599961	264	103	34	0	0	296	383
SRR12404949_k141_262263_3_127566133	39	98	84	0	11	181	316
SRR10132625_k141_473563_1_284787514	111	62	43	0	4	184	101
SRR14751588_k141_629183_2_451765127	173	71	27	0	4	299	257
SRR14932636_k141_364464_1_695517911	103	65	57	0	0	227	74
SRR22372577_k141_9314_8_227696568	253	110	54	0	1	324	209
SRR13225451_k141_116507_11_339717661	179	94	84	0	1	191	470
SRR14751588_k141_522686_3_452320295	271	174	71	0	4	512	368
ERR4678603_k141_711265_5_67110893	111	59	51	0	0	182	436
SRR13225447_k141_69391_2_383501001	101	61	40	0	0	168	322
ERR1725966_k141_133409_2_179975969	381	131	116	0	3	302	502
ERR4678606_k141_865062_3_73485949	301	108	50	0	3	375	367
SRR9852180_k141_1152833_2_282954107	502	193	142	0	12	405	399
SRR8797411_k141_162846_7_59358937	153	89	34	0	0	257	148
SRR19786843_k141_155187_4_583829351	20	72	47	0	6	144	242
SRR25018394_k141_15494_5_624086090	214	108	30	0	5	170	112
ERR12084944_k141_455392_2_7405115	27	48	54	0	3	118	111
SRR22372552_k141_133990_1_188940702	117	56	26	0	0	82	69
ERR5954382_k141_422298_1_180772347	95	87	50	0	2	315	349
SRR19786822_k141_238967_1_581589067	51	52	46	0	1	163	79
SRR19238500_k141_145495_4_118900587	7	67	47	0	0	130	62
SRR14932637_k141_71388_1_697732027	217	77	49	0	1	252	203
SRR12964613_k141_200774_1_114587851	88	49	31	0	1	81	90
SRR7369920_k141_1036447_7_17650471	80	53	25	0	0	127	77
ERR3281032_k141_209912_1_9497839	338	133	51	0	4	161	406
SRR22372568_k141_77284_1_195960737	195	226	51	0	7	288	127
SRR6337690_k141_460329_1_505610848	186	60	71	0	97	213	343
SRR14932668_k141_666502_1_762428064	422	86	61	0	6	150	476
SRR14492168_k141_172319_6_368924711	387	195	67	0	2	153	107
SRR14932574_k141_292162_1_603280615	356	44	33	0	1	143	307
ERR4869742_k141_222047_2_91575596	277	108	61	0	2	393	234
SRR13727518_k141_1815_2_117261636	124	88	46	0	4	268	206
ERR1726019_k141_57686_1_700159	162	50	62	0	1	127	454
SRR11536955_k141_1530670_2_92047351	5	51	43	0	6	93	168
SRR3098776_k141_406015_1_53369700	109	86	23	0	1	351	97
SRR13107682_k141_68914_1_382134136	21	184	52	0	51	143	66
SRR11088434_k141_887705_1_385281500	253	55	27	0	0	87	294
SRR14751588_k141_198049_1_451945020	199	125	51	0	1	437	277
SRR12404962_k141_185527_13_18344733	19	58	58	0	13	143	126
ERR1726014_k141_91815_1_18724019	110	129	25	0	9	153	120
SRR14932612_k141_214230_1_653109169	248	50	26	0	1	102	152
SRR15669520_k141_561019_1_139946972	394	63	76	0	3	170	331
SRR10132623_k141_414285_2_283505638	173	74	55	0	1	156	414
ERR5954477_k141_177548_2_243371239	34	72	56	0	5	180	112
ERR4678594_k141_702227_2_57534095	240	160	94	0	3	245	453
SRR10132659_k141_374447_3_290969931	59	61	75	0	1	132	204
SRR3098764_k141_182863_2_918255	25	49	39	0	6	94	66
ERR3281036_k141_114553_5_10614388	135	85	70	0	8	120	119
SRR21427519_k141_410722_1_147633620	55	50	86	0	9	289	115
ERR11181242_k141_146620_1_16214257	180	148	34	0	3	418	410
SRR14560435_k141_266298_4_426214532	125	56	48	0	0	243	169
SRR11088394_k141_955260_2_372092672	184	85	45	0	0	156	120
ERR2163668_k141_671612_5_14938840	127	151	28	0	2	510	89
ERR11181250_k141_172915_29_5381300	160	102	39	0	13	353	351
SRR21705850_k141_595941_1_578120070	215	77	41	0	2	261	206
ERR11269308_k141_707875_1_207787979	61	55	53	0	2	144	317
SRR2107219_k141_363618_1_25422650	329	44	60	0	1	127	218
ERR1713394_k141_819092_5_151159175	323	129	30	0	3	249	69
SRR8351382_k141_1543565_1_203873271	207	105	36	0	14	262	140
ERR1713394_k141_29800_1_151047811	190	53	26	0	3	120	244
SRR14932519_k141_1506334_1_499108940	267	81	36	0	2	165	120
SRR13225458_k141_607235_1_345611176	140	179	45	0	10	395	92
SRR14751588_k141_721453_23_452711189	386	49	55	0	1	149	308
SRR11088379_k141_1382518_9_28530867	293	52	45	0	1	295	435
ERR1713341_k141_1257_1_91479899	76	54	42	0	0	87	338
SRR11088380_k141_207093_1_364136509	47	53	34	0	6	103	109
SRR13171215_k141_202274_1_46523203	118	54	66	0	0	102	401
SRR14932642_k141_625687_1_708026399	130	47	50	0	3	103	376
SRR22372582_k141_25636_2_229841641	292	95	38	0	3	263	228
SRR12404948_k141_1641244_4_45446780	137	67	40	0	1	188	280
SRR18331972_k141_86943_4_145068656	15	51	63	0	4	125	144
ERR1713349_k141_342489_5_100472104	119	55	51	0	1	220	143
SRR14932514_k141_587989_1_490244464	503	250	136	0	6	457	493
ERR9855098_k141_384742_2_29881007	140	66	26	0	0	161	205
ERR4678583_k141_32744_1_25438100	10	52	38	0	7	94	218
SRR12404952_k141_2697865_1_97883877	8	50	39	0	8	90	215
SRR14560424_k141_498188_1_420736084	201	138	27	0	2	354	64
SRR19238510_k141_967304_10_130848978	293	164	51	0	11	533	274
SRR6797145_k119_34420_2_1942287	57	86	53	0	3	204	92
SRR22752011_k141_1848637_1_252502207	133	107	73	0	0	329	274
SRR9260999_k141_428842_1_224049502	305	66	57	0	1	135	457
SRR14932574_k141_244344_2_602968306	227	67	38	0	0	138	269
SRR25018397_k141_124071_3_626406269	18	48	43	0	8	85	60
SRR7369907_k141_594978_1_35834397	3	98	37	0	0	168	72
SRR19238497_k141_242799_12_116220359	184	140	29	0	15	175	86
SRR26502675_k141_1501658_1_228883098	11	64	49	0	55	132	149
SRR14751603_k141_1132118_3_459303677	282	93	54	0	4	278	199
SRR14932535_k141_1401116_2_534492893	380	75	49	0	0	306	455
SRR14932535_k141_982291_1_534810259	162	90	40	0	24	138	103
SRR11088419_k141_1211734_1_47437585	50	44	49	0	1	106	379
ERR4869799_k141_436325_1_125685174	211	74	51	0	0	215	91
SRR18331973_k141_94717_51_145322400	423	161	92	0	7	213	509
SRR14932523_k141_319974_1_510225090	249	110	36	0	9	158	77
SRR18749950_k141_232159_3_102647881	39	128	35	0	13	94	129
SRR12113394_k141_116958_42_56722081	287	118	65	0	1	267	224
SRR9260995_k141_83789_2_221441171	211	83	36	0	0	247	133
SRR18331979_k141_31533_4_178998429	420	233	135	0	7	535	514
SRR9852219_k141_246677_1_172208344	214	44	25	0	0	175	136
SRR11088418_k141_1065453_1_41702410	101	82	59	0	3	213	135
SRR8583493_k141_133663_3_16433464	132	71	66	0	1	87	324
SRR19786826_k141_404032_1_549629711	10	54	52	0	5	125	205
SRR10132670_k141_3122_2_299290742	123	63	62	0	1	138	425
ERR4869824_k141_893_1_256730369	347	180	54	0	25	280	177
ERR4678568_k141_760132_6_3795700	422	228	116	0	12	552	503
SRR14932514_k141_1150836_1_488815158	102	58	51	0	0	91	388
SRR6797134_k119_18178_5_21966966	213	175	48	0	22	218	128
ERR4678658_k141_297622_3_134603208	235	132	87	0	1	336	473
ERR1713407_k141_962327_2_166963561	26	53	39	0	3	79	181
ERR4222588_k141_700090_24_60914297	359	59	31	0	17	173	141
SRR25018394_k141_716274_1_624284506	186	184	49	0	25	279	84
SRR14932513_k141_146169_1_488380238	85	64	41	0	1	148	104
ERR472738_k141_82173_12_63117868	198	159	48	0	2	487	242
SRR8351382_k141_956256_1_201478147	67	46	58	0	2	88	332
SRR22372520_k119_172488_1_184070146	496	104	98	0	263	287	513
SRR22372542_k141_49218_2_214820312	120	201	47	0	17	172	143
SRR13727533_k141_123242_109_130005867	173	46	39	0	21	161	105
SRR19238497_k141_682522_4_116654464	54	91	67	0	15	171	136
SRR25018392_k141_232997_1_622565202	377	119	91	0	4	357	270
SRR14751592_k141_1032354_16_454804078	34	52	36	0	1	112	186
SRR25018398_k141_231327_3_627361545	58	97	27	0	0	186	101
SRR22105529_k141_57642_2_135693971	166	128	41	0	31	412	331
ERR4678574_k141_644361_11_24092222	293	62	28	0	1	182	80
SRR26726063_k141_184171_2_158498965	23	57	51	0	0	104	306
ERR4869760_k141_577420_6_103741661	52	46	25	0	3	278	225
SRR9852199_k141_1557368_1_320032563	156	83	39	0	10	138	315
SRR14143312_k141_62966_7_74117576	122	68	57	0	1	139	442
ERR12084966_k141_114170_1_41804054	166	59	46	0	0	145	79
SRR11088392_k141_240898_2_8627284	22	80	63	0	34	129	83
ERR9903370_k141_51731_2_273196946	261	90	43	0	4	300	309
ERR1726009_k141_141587_1_73386879	6	60	33	0	1	103	71
SRR11088457_k141_515334_3_14674421	145	50	35	0	1	120	161
SRR11088456_k141_606173_1_141969044	275	111	34	0	4	337	203
ERR4678576_k141_2086474_1_37966182	166	102	81	0	1	209	462
ERR3281041_k141_417391_20_12750293	107	112	45	0	16	106	162
ERR1414226_k119_475875_2_4919966	520	80	62	0	0	180	336
SRR10132663_k141_262806_2_294720248	261	125	70	0	2	282	471
SRR9852216_k141_588250_1_353071644	212	65	27	0	24	236	221
SRR11548473_k141_114314_1_68169811	28	113	76	0	12	231	194
SRR13727528_k141_820375_1_126352106	197	64	35	0	1	175	301
SRR13727528_k141_610495_1_126473226	330	192	137	0	7	261	320
SRR5007147_k141_2332946_6_49230225	68	66	48	0	58	93	63
SRR19238509_k141_128615_3_129825013	259	154	40	0	301	201	126
SRR15237812_k141_13382_1_246364177	151	54	61	0	62	254	486
SRR2107181_k141_60556_3_19117533	155	76	23	0	0	93	65
SRR14932477_k141_768494_1_443645761	345	184	142	0	15	504	311
SRR14932639_k141_927792_3_701628907	368	174	90	0	5	531	474
SRR10132624_k141_601958_3_284446231	104	94	26	0	15	315	255
SRR10132625_k141_291_2_284511784	17	58	64	0	1	131	113
SRR14932647_k141_1395223_1_717758198	412	83	62	0	5	81	411
SRR20309467_k141_861002_17_175422221	118	50	30	0	1	101	379
SRR12404961_k141_2301942_3_10265113	121	52	54	0	0	142	373
SRR13225457_k141_450572_2_344646473	163	45	26	0	2	165	179
SRR12404958_k141_2174293_4_49726354	233	237	78	0	28	338	183
SRR14751604_k141_1508184_5_460556172	154	78	97	0	0	190	466
ERR4678653_k141_46176_1_269419260	123	72	51	0	0	188	343
ERR11269310_k141_1005822_1_210850092	8	53	36	0	2	82	141
SRR14932515_k141_458614_2_491839483	41	129	35	0	12	82	109
SRR14560422_k141_439848_2_419799906	106	73	26	0	9	303	259
ERR4678592_k141_453030_1_56300701	6	51	38	0	2	88	222
ERR2985274_k141_14290_3_76785815	209	129	61	0	2	419	336
ERR1725999_k141_8680_2_7523357	481	186	130	0	3	300	482
ERR4678600_k141_374995_1_64745872	23	67	61	0	4	128	259
ERR4678617_k141_715608_1_90280060	42	48	30	0	3	95	80
SRR13608725_k141_471090_2_361026500	14	76	56	0	1	146	62
SRR21427519_k141_369778_1_147467834	6	50	52	0	6	115	118
SRR26726066_k141_356625_5_160656453	300	139	67	0	0	279	276
ERR1713350_k141_202104_2_104617358	23	56	43	0	2	98	148
SRR3501849_k141_432377_1_145694257	272	45	30	0	23	133	128
SRR8648013_k141_341292_1_19603224	144	98	25	0	1	323	149
ERR1713383_k141_36958_1_137107548	374	101	35	0	1	118	390
ERR11269308_k141_931880_1_207216836	138	73	45	0	2	173	457
SRR12404958_k141_932911_22_50931854	150	102	27	0	30	354	280
ERR1713395_k141_8473_1_151897944	188	78	91	0	1	231	451
ERR4678562_k141_21189_1_153602940	38	62	50	0	6	144	214
SRR12404949_k141_1896063_1_126489684	155	74	75	0	1	135	438
ERR11269297_k141_12997_19_53794738	78	99	101	0	128	237	333
SRR10131203_k141_197472_43_279845607	471	215	49	0	9	126	259
SRR19238501_k141_468611_60_119714903	51	114	78	0	10	245	206
SRR13225454_k141_719982_1_384706343	491	75	68	0	2	218	486
SRR14932676_k141_696884_12_774539108	189	129	45	0	6	423	331
SRR12113407_k141_1357898_2_81047319	448	227	116	0	76	470	424
SRR13225455_k141_362949_1_342069646	12	47	48	0	0	82	113
SRR15669519_k141_936638_1_138055682	11	48	37	0	9	127	110
SRR18331990_k141_45020_1_174204579	30	96	84	0	6	187	329
SRR4754862_k141_998756_4_118589825	413	182	101	0	7	554	484
SRR9852208_k141_461451_2_337030117	378	126	42	0	1	377	391
ERR2105756_k141_217891_2_20888270	139	51	30	0	2	135	71
SRR7369917_k141_952158_1_15601972	292	178	79	0	10	479	441
SRR9852190_k141_379113_1_300864095	436	205	129	0	16	524	433
SRR2107178_k141_134820_16_17955440	272	95	68	0	60	343	406
SRR10132670_k141_413120_1_299582615	64	45	50	0	0	89	351
SRR2107128_k141_30725_6_15188088	307	97	47	0	0	150	220
SRR6797128_k119_151746_2_3192735	18	61	61	0	2	139	211
SRR18331976_k141_8237_2_145970129	45	46	23	0	2	246	252
ERR2592268_k141_163995_3_19286249	204	97	55	0	2	325	402
ERR3281034_k141_133101_2_9831128	5	53	50	0	9	102	215
ERR2592244_k141_190580_2_33798832	27	92	85	0	17	173	262
SRR11088394_k141_510879_2_371222907	20	54	45	0	12	97	182
SRR14932546_k141_579474_3_552597062	180	87	26	0	0	281	279
ERR5954488_k141_225351_1_248064432	128	92	34	0	4	394	287
SRR11088434_k141_3010794_3_384784307	319	52	34	0	2	175	108
ERR9855085_k141_86730_3_6342591	205	53	48	0	1	155	479
SRR10132619_k141_287708_1_281495452	327	44	46	0	2	140	230
SRR19786843_k141_46471_7_583660173	132	83	30	0	3	297	320
ERR9855097_k141_483994_1_39041558	349	105	41	0	4	344	439
ERR1725976_k141_72299_1_185100299	37	59	55	0	0	109	347
ERR4678602_k141_913721_1_65870445	11	85	75	0	14	213	147
SRR15669519_k141_124364_320_138059003	99	105	39	0	21	151	164
SRR10132621_k141_46295_1_282160722	154	110	35	0	0	356	267
SRR11088485_k141_179672_1_409905196	405	108	32	0	11	348	112
SRR18331975_k141_114779_1_145771498	56	60	49	0	0	86	296
SRR2103008_k99_144349_1_17068407	217	257	76	0	24	159	206
SRR14560442_k141_79944_1_429861352	166	69	56	0	0	246	126
SRR14560427_k141_8830_2_422611534	211	117	57	0	7	297	173
SRR14932668_k141_758576_1_763423276	263	217	49	0	19	284	202
SRR11088469_k141_473891_1_13925107	23	57	65	0	8	151	197
SRR1763381_k119_71952_2_13631912	185	76	24	0	2	219	182
SRR21694252_k141_803624_1_573485183	250	135	105	0	2	374	347
SRR9852179_k141_523703_1_281327097	109	96	33	0	10	359	255
ERR4869709_k141_59669_1_66925997	318	181	82	0	9	540	454
ERR4678572_k141_617782_2_10860535	430	87	91	0	9	140	454
ERR4678622_k141_678836_13_97588107	196	67	34	0	3	278	400
SRR14932626_k141_166516_1_677359692	114	72	72	0	1	158	437
ERR4678569_k141_1050223_1_5659107	400	74	23	0	0	149	367
SRR10598216_k119_187803_1_50912179	22	66	61	0	44	159	281
ERR4869822_k141_1089849_39_149235530	175	94	33	0	47	385	330
SRR10132632_k141_79015_1_289937406	196	107	54	0	6	292	132
SRR22372577_k141_485412_1_228062406	167	309	91	0	24	312	141
ERR11269309_k141_385576_2_209577741	15	59	47	0	2	125	257
SRR21203051_k141_20837_4_165690281	302	173	76	0	5	492	397
SRR9852219_k141_1010392_2_171921308	507	83	44	0	39	229	396
SRR7369908_k141_162324_3_38016580	15	52	56	0	1	109	101
SRR15085115_k141_426101_1_50195006	236	75	39	0	2	279	202
SRR4754859_k141_763252_2_130108291	33	51	44	0	4	116	146
SRR14560417_k141_50188_1_481149582	197	44	25	0	0	90	230
SRR13727531_k141_209056_17_129207285	220	57	59	0	2	138	284
ERR1725988_k141_159758_1_34482088	126	47	31	0	0	90	373
SRR9852189_k141_354415_1_164108951	278	49	37	0	7	101	234
SRR6797149_k119_55773_3_5249413	104	71	28	0	0	114	114
SRR13727533_k141_62150_42_130195797	87	60	40	0	0	217	216
SRR14932537_k141_226555_1_536143603	165	124	30	0	18	367	278
ERR11269303_k141_479861_4_201431650	5	48	41	0	3	85	163
SRR22372557_k119_147745_4_206040039	133	125	71	0	37	220	133
SRR11536955_k141_1016776_2_92761913	169	84	28	0	0	132	73
SRR14751619_k141_1382632_2_514054651	111	89	99	0	3	321	172
SRR12964611_k141_24752_1_112408058	158	129	86	0	3	391	80
SRR21427517_k141_415029_1_172068755	265	46	42	0	149	250	180
SRR13608725_k141_1758186_1_359975025	62	57	31	0	8	94	70
ERR11269302_k141_1181118_2_198656505	66	61	27	0	0	203	228
SRR9030454_k119_144508_1_230641853	83	90	28	0	2	124	326
ERR1713386_k141_50910_2_142536459	7	49	38	0	2	84	211
ERR4678618_k141_662147_1_92311282	72	48	24	0	1	217	285
ERR11269306_k141_972718_1_203512958	7	44	34	0	5	85	198
SRR19238503_k141_436242_2_123014178	306	181	71	0	76	247	157
SRR9261049_k141_29862_1_249158803	390	111	57	0	1	340	219
SRR12113414_k141_795918_2_99721473	262	81	39	0	8	108	66
SRR20681263_k141_219023_2_163847822	45	85	91	0	31	210	356
ERR4678673_k141_133396_1_189929789	161	50	61	0	1	137	459
SRR15085120_k141_217037_1_53240410	207	66	29	0	0	212	59
ERR4869717_k141_1160445_1_72089325	210	131	27	0	3	378	301
SRR22372536_k141_306374_10_193525298	392	265	87	0	32	315	293
ERR11269311_k141_681416_1_212209483	54	69	55	0	12	126	225
SRR3501853_k141_505394_1_31577944	257	59	30	0	0	125	190
SRR7369912_k141_911137_53_7968254	215	51	76	0	5	164	120
SRR13695361_k141_136613_13_241499312	404	241	115	0	4	501	443
SRR2107178_k141_33444_12_18088064	444	255	122	0	16	571	510
SRR14932613_k141_1028421_3_655540893	352	123	46	0	15	205	147
SRR2107173_k141_205351_2_16180780	335	61	32	0	9	92	292
ERR4869753_k141_273357_1_28235135	141	60	28	0	1	254	294
ERR1725975_k141_171214_7_184609556	93	79	68	0	1	220	437
SRR13608714_k141_205565_1_356226668	133	65	74	0	0	111	386
ERR2592252_k141_9260_5_27087089	161	85	54	0	5	315	396
ERR4678576_k141_1145996_1_37702482	145	67	55	0	0	171	405
ERR4678688_k141_878983_1_275797326	83	49	44	0	32	206	465
SRR8512242_k141_455352_9_65229240	14	65	50	0	8	122	235
ERR4678601_k141_114071_2_65113877	283	129	65	0	1	375	446
SRR14932664_k141_891360_1_753269831	217	148	81	0	1	440	285
SRR6439733_k141_421398_2_221270291	176	100	34	0	1	341	249
SRR15669517_k141_433562_3_136365419	9	59	43	0	2	124	86
SRR12404955_k141_1241977_13_147413361	321	82	50	0	51	320	242
SRR10132618_k141_410967_1_280203586	105	51	27	0	1	302	271
ERR4678681_k141_274429_3_174053763	347	129	53	0	2	104	373
SRR22752025_k141_859727_1_264314095	107	53	36	0	0	129	117
SRR14143313_k141_30152_9_74267175	265	165	40	0	5	119	80
SRR18749952_k141_370866_2_104729032	204	156	102	0	31	332	274
SRR22372582_k141_90086_2_230197545	110	131	54	0	0	97	60
ERR1713350_k141_1657774_1_104189529	359	52	59	0	2	79	397
SRR14932623_k141_843759_2_673335707	255	147	60	0	400	459	355
SRR13727529_k141_702305_52_127899061	236	89	63	0	2	320	398
SRR18749960_k141_809395_2_92696375	448	252	132	0	20	581	509
SRR13107686_k141_670237_3_327561584	79	67	34	0	0	273	179
ERR4678585_k141_1190238_4_14235983	176	50	48	0	1	143	430
ERR4678619_k141_1001865_1_94809285	129	46	44	0	1	190	97
SRR11088438_k141_228960_1_29228972	313	79	52	0	7	292	355
SRR18331981_k141_51010_2_179255777	299	92	100	0	1	306	404
SRR13225450_k141_509223_1_338123796	26	49	56	0	4	124	137
SRR6747784_k141_420090_2_136788105	467	113	24	0	0	129	181
SRR13727519_k141_306414_107_118895109	39	119	73	0	16	232	191
SRR14751601_k141_1195691_1_488002893	162	85	45	0	1	261	139
ERR4869833_k141_481305_3_160567341	313	77	40	0	5	151	232
SRR8205411_k141_237691_22_196207133	456	77	55	0	0	91	383
SRR21694252_k141_1930698_1_573802058	178	154	58	0	4	499	391
ERR4678688_k141_262198_2_276217124	134	49	49	0	2	119	420
SRR15085115_k141_502988_1_49799614	197	213	34	0	7	264	94
ERR9903365_k141_126036_1_250377798	110	68	27	0	4	335	226
SRR8517159_k141_1034985_1_58540005	524	268	159	0	24	597	517
SRR1702232_k141_18213_2_13096681	215	206	64	0	13	95	128
ERR4869810_k141_342886_1_136060845	48	57	27	0	7	250	68
SRR22752040_k141_1552826_1_279493760	101	50	51	0	0	84	356
SRR22752046_k141_959534_1_292308108	433	47	26	0	0	201	249
SRR14932538_k141_1221446_2_537941199	178	53	35	0	5	153	233
ERR4678653_k141_566863_1_269459785	403	50	73	0	1	144	334
SRR14751629_k141_1027258_10_525871286	313	145	61	0	9	508	379
ERR3281023_k141_430006_2_2335475	107	65	50	0	31	138	84
ERR9855088_k141_23947_1_52639130	200	70	78	0	1	141	444
SRR11088478_k141_2575460_1_45751126	34	49	50	0	4	124	165
ERR4678604_k141_303426_2_69539693	1	46	46	0	18	148	126
SRR11088413_k141_216801_1_129489962	279	134	92	0	2	349	466
SRR14932665_k141_2453992_2_754752854	146	53	27	0	1	99	91
SRR22372549_k141_53348_3_66908	96	106	69	0	48	206	376
SRR13225451_k141_419355_3_339751867	99	61	62	0	1	140	452
SRR18331977_k141_106916_3_178690284	242	164	46	0	23	148	81
SRR16108669_k141_209910_8_532177757	292	159	41	0	228	233	175
SRR2107181_k141_204891_1_19114158	191	151	60	0	33	93	155
SRR13107662_k141_1337088_1_310063642	13	51	55	0	5	128	134
SRR6797130_k119_46890_3_6872179	405	229	126	0	6	537	434
SRR7369912_k141_431917_2_8660936	250	229	39	0	8	308	124
SRR14932555_k141_1936500_3_569279062	269	176	32	0	4	179	78
ERR3761241_k141_577858_56_122184141	471	234	136	0	17	551	466
ERR9903363_k141_347098_1_249314973	184	159	70	0	40	203	89
SRR14932572_k141_742738_2_598811032	296	52	53	0	2	119	448
ERR1713407_k141_535948_2_166160985	25	46	58	0	4	149	279
SRR9852189_k141_612923_1_165287852	407	110	61	0	0	317	411
SRR9261019_k141_367_1_233357385	317	116	31	0	2	365	169
SRR20309469_k141_1406737_5_177597655	205	89	28	0	0	299	112
ERR4222588_k141_528179_1_59953846	81	54	26	0	1	253	152
SRR11674034_k141_283205_1_141084162	339	97	48	0	2	115	312
SRR14932626_k141_329974_1_677739627	167	46	39	0	0	165	401
SRR14932655_k141_1360036_2_737130187	99	49	24	0	25	173	354
SRR18331975_k141_32611_1_145760036	155	85	79	0	1	150	454
ERR4678600_k141_631030_1_63686763	8	55	38	0	4	99	230
SRR13198929_k141_421039_1_241156402	137	82	25	0	1	307	312
ERR4678573_k141_545865_1_12323585	71	47	66	0	1	122	433
ERR4678605_k141_993133_9_69916806	10	50	39	0	1	86	224
SRR14932557_k141_1257022_1_574026176	341	123	26	0	3	96	360
SRR6439740_k141_105744_3_3603840	222	224	67	0	43	98	162
SRR12480088_k141_206918_1_118857888	308	139	63	0	692	482	108
ERR11269299_k141_621882_1_23173854	189	99	32	0	5	338	289
ERR3281038_k141_438439_15_12027353	21	230	32	0	702	577	136
ERR4678660_k141_1476930_2_271202003	228	44	41	0	1	186	409
SRR5306401_k119_128637_4_497755727	45	51	25	0	1	257	257
SRR22752040_k141_23795_2_278932335	56	55	66	0	1	212	283
ERR4678658_k141_345188_1_134700454	240	92	34	0	2	311	448
SRR13608725_k141_917635_2_360020352	207	82	63	0	4	278	433
ERR1713384_k141_1036586_1_137229519	145	64	72	0	0	162	444
ERR4678639_k141_1137569_1_142191025	36	98	90	0	18	184	291
SRR22372546_k141_333181_2_216796221	123	59	55	0	1	132	431
SRR15237818_k141_617696_3_250332951	12	44	28	0	7	92	163
SRR19238497_k141_61940_4_115776655	451	295	106	0	157	293	198
SRR10132619_k141_369076_20_281416336	32	74	27	0	3	89	72
ERR4678591_k141_118353_1_55741000	89	105	55	0	8	173	113
SRR22372524_k141_100445_3_202201678	505	136	62	0	11	212	514
SRR6337692_k141_220725_3_506144835	147	54	70	0	1	108	431
SRR22752039_k141_734261_1_268259085	223	71	36	0	0	208	59
SRR25018393_k141_212931_1_623596356	117	70	36	0	1	226	353
SRR13608737_k141_1333510_1_366008917	253	192	56	0	9	247	129
ERR3761240_k141_251240_3_47172084	108	117	32	0	424	381	75
SRR14751609_k141_536651_1_489136576	223	118	108	0	13	325	298
SRR9852171_k141_1188070_21_263960277	327	124	45	0	0	88	61
SRR22372539_k141_42747_1_213442488	138	100	52	0	41	143	119
SRR11088477_k141_407977_1_66866279	77	51	33	0	1	219	205
ERR5954409_k141_925355_3_199796563	159	163	67	0	4	484	388
SRR14932623_k141_622340_5_674041839	97	62	28	0	4	298	288
SRR12964611_k141_72484_34_112521403	14	54	39	0	5	95	64
ERR4678628_k141_1531665_1_34022195	20	54	57	0	6	124	240
ERR3281040_k141_112511_1_22795486	67	52	49	0	0	91	345
ERR3281040_k141_62651_1_22964353	58	46	25	0	3	254	269
ERR4678683_k141_61349_4_176709861	410	54	77	0	0	172	389
SRR14932613_k141_1300729_2_655250869	93	60	61	0	1	134	431
SRR18331976_k141_34947_1_146008034	335	108	27	0	15	80	225
ERR4678608_k141_837728_3_75840040	44	47	27	0	2	253	278
ERR4678635_k141_76132_1_115340195	15	48	36	0	5	84	203
ERR5954369_k141_1097876_3_170488254	427	225	68	0	5	503	155
ERR11269308_k141_380233_2_207402069	508	261	160	0	14	593	517
SRR22372509_k141_209355_1_179637697	85	179	51	0	8	79	102
ERR4678602_k141_138081_9_66468084	265	115	62	0	17	276	172
SRR10132619_k141_209557_2_280956261	249	197	35	0	2	85	155
ERR11269302_k141_1041473_1_199150632	109	109	38	0	38	126	116
ERR4678654_k141_162527_1_129817654	109	63	29	0	0	198	327
SRR14751620_k141_2255161_1_516316360	157	125	41	0	11	368	279
SRR8745619_k141_22206_1_25282076	362	93	52	0	26	223	273
ERR5954468_k141_263759_18_238563222	323	105	40	0	1	210	60
SRR14751602_k141_430815_1_455599995	104	68	44	0	1	235	287
SRR14932514_k141_1282035_1_489150910	81	49	63	0	0	89	395
ERR2592256_k141_308684_1_24149931	123	53	71	0	0	126	462
ERR1713408_k141_657776_1_168534300	280	82	74	0	2	238	342
SRR14932485_k141_1651822_3_456095849	269	193	54	0	13	245	154
SRR4754862_k141_273488_5_117817964	63	62	55	0	1	179	428
ERR2985274_k141_156031_2_76761748	330	54	26	0	0	101	228
SRR14932496_k141_1528784_1_473009476	164	77	60	0	0	162	471
SRR4754862_k141_701333_14_117241455	354	82	62	0	3	247	263
ERR4869826_k141_477105_20_156436958	6	89	25	0	0	250	66
SRR17063168_k141_1260717_2_543226195	257	157	55	0	3	396	202
ERR11181233_k141_202153_2_1090208	21	53	44	0	1	82	108
SRR5306401_k119_384960_1_497689970	131	63	36	0	15	241	165
ERR4678675_k141_683482_2_192962390	116	78	24	0	0	287	277
ERR12084948_k141_2596647_1_14662112	324	193	63	0	9	505	370
SRR12964613_k141_80769_1_114782000	218	57	24	0	0	179	145
ERR1713406_k141_1031489_1_164952215	139	79	57	0	1	137	413
ERR1076077_k141_64530_3_1254347	319	66	25	0	0	183	83
ERR3761209_k141_791647_1_7228211	311	207	51	0	19	388	80
SRR19786838_k141_730743_1_559899910	141	114	43	0	3	438	370
ERR4678583_k141_681259_10_25572797	176	82	36	0	3	364	400
SRR21203041_k141_9134_2_178224307	554	312	173	0	59	627	521
ERR3281032_k141_199131_1_9509532	2	50	42	0	9	111	80
SRR14751629_k141_1493383_1_526156890	167	65	49	0	0	231	144
ERR5954442_k141_630076_1_221206929	312	179	106	0	9	526	404
ERR2592279_k141_15731_1_81628243	158	151	45	0	21	167	91
ERR4869803_k141_940643_1_252797145	125	87	34	0	3	328	181
SRR13735271_k141_199942_1_220525753	419	57	38	0	0	168	410
SRR14932613_k141_345796_25_655137580	232	80	31	0	2	151	105
SRR5306401_k119_63693_6_497750387	52	53	27	0	8	297	273
SRR11674032_k141_373597_1_431317547	546	118	42	0	15	315	530
SRR8512238_k141_42660_2_64577960	71	269	79	0	20	116	164
SRR11088437_k141_2218258_2_113944697	119	103	30	0	4	337	291
SRR14554404_k141_357261_10_399765967	376	187	96	0	3	477	449
SRR12113407_k141_3040982_11_79623037	235	188	38	0	37	537	173
SRR18331973_k141_54590_64_145240027	144	76	32	0	2	252	296
ERR1713371_k141_513959_1_126422168	46	89	83	0	24	184	291
ERR3281035_k141_41598_7_10330037	179	62	26	0	2	99	86
SRR13727541_k141_85673_4_135766220	19	64	49	0	1	127	72
SRR8797411_k141_122173_13_59340070	15	47	34	0	2	99	143
SRR18331976_k141_50618_13_145940676	219	63	49	0	2	246	292
SRR11088429_k141_98186_1_53806553	67	47	60	0	0	106	398
ERR2592245_k141_136741_2_7031825	251	86	28	0	2	310	400
SRR9852207_k141_727642_3_335690241	192	59	35	0	3	225	131
ERR4869747_k141_521372_3_95100944	205	154	99	0	3	476	400
ERR11269295_k141_586134_1_51314102	122	110	36	0	0	109	62
ERR9903369_k141_43528_41_272509479	77	51	39	0	2	92	115
ERR1725975_k141_2695_2_184571728	11	45	35	0	1	85	128
SRR10132660_k141_737191_2_292683295	25	118	79	0	11	241	220
ERR4678560_k141_73830_3_151708894	160	55	48	0	0	159	292
SRR14932669_k141_563544_1_765457347	162	155	32	0	13	254	61
ERR9855087_k141_88045_1_56444245	459	94	36	0	1	284	457
ERR1713373_k141_372343_1_128994418	67	46	23	0	0	80	322
SRR14932577_k141_1357028_1_607931554	410	71	24	0	0	80	84
SRR12964614_k141_1337000_1_115491315	49	95	93	0	6	196	311
SRR26726063_k141_57920_2_158426455	102	57	48	0	4	265	192
ERR4678560_k141_732711_1_151031228	193	154	95	0	1	421	402
SRR14751601_k141_1551718_4_486592182	40	68	79	0	3	169	246
SRR12479895_k141_175505_3_58622412	354	144	40	0	115	172	138
ERR4678583_k141_560911_1_25820201	65	61	49	0	2	79	139
SRR11088370_k141_116430_1_359560235	54	50	23	0	4	98	223
SRR22372572_k141_115761_2_219356150	241	207	40	0	5	130	112
SRR22372573_k141_313814_2_226342202	161	76	31	0	1	213	292
SRR14492177_k141_543523_5_373525655	64	89	89	0	15	204	330
SRR14751603_k141_252821_1_458630675	322	182	75	0	2	532	439
ERR1725986_k141_131110_1_74435759	134	59	51	0	2	133	438
ERR4678650_k141_329145_4_126247815	10	47	35	0	3	87	170
SRR14560410_k141_140576_2_413792561	140	97	24	0	16	341	293
ERR2592256_k141_98218_2_24076731	17	73	69	0	6	132	236
ERR1713363_k141_262478_1_117625220	245	132	71	0	6	455	392
ERR1414212_k119_172264_1_3249791	247	204	52	0	9	150	449
SRR18749953_k141_274244_149_106615596	6	48	36	0	6	90	84
ERR4869833_k141_3175_1_160615294	65	90	37	0	3	345	91
ERR2592265_k141_370947_1_91579	105	67	35	0	0	151	250
ERR4678563_k141_1253430_1_156383037	393	44	39	0	0	110	357
SRR12964612_k141_343029_1_113317300	31	66	55	0	1	140	238
SRR22752048_k141_743899_2_296446029	317	46	37	0	1	162	196
SRR18749954_k141_273194_5_107319124	82	124	76	0	21	292	272
ERR1713400_k141_274256_1_158837854	111	56	29	0	2	270	373
SRR9261031_k141_243230_1_239929431	191	149	42	0	12	314	114
ERR2592259_k141_33613_4_44940471	178	87	84	0	3	174	472
ERR2592270_k141_129252_2_69895983	154	60	79	0	1	162	459
SRR14560478_k141_458660_2_451572441	210	132	48	0	217	423	347
ERR2592273_k141_23116_1_38285293	513	50	69	0	15	142	482
SRR14932625_k141_952177_1_676047177	303	82	27	0	1	227	76
SRR6439733_k141_161581_2_221950606	51	67	24	0	5	260	208
ERR5954477_k141_585350_45_242791043	149	139	48	0	4	469	201
SRR22752015_k141_775480_2_261958381	78	58	69	0	1	115	432
SRR22752040_k141_735221_39_279682624	196	127	44	0	3	446	129
ERR4678692_k141_468305_2_185484338	199	78	43	0	1	202	396
SRR6986822_k119_107905_4_33404551	18	49	33	0	0	86	129
SRR19238499_k141_412948_1_118753273	94	104	23	0	0	365	81
SRR13727538_k141_8937_2_134503546	296	121	110	0	3	408	158
ERR5954389_k141_592356_1_186245018	471	258	125	0	25	579	489
SRR14751629_k141_890185_1_525704043	37	73	67	0	9	158	274
SRR18331977_k141_87753_2_178542189	369	49	34	0	0	125	288
SRR13608702_k141_811463_4_350462712	200	74	44	0	0	191	191
SRR15669518_k141_214209_2_137510528	71	47	42	0	1	137	190
SRR21427517_k141_486818_2_172489789	348	62	45	0	9	157	263
SRR22372568_k141_231074_2_195879278	129	62	32	0	2	132	147
ERR5954384_k141_300883_1_181929109	199	112	43	0	0	383	325
SRR19786839_k141_254135_1_560953063	136	103	38	0	12	165	140
ERR2592252_k141_630770_3_26875595	116	48	28	0	0	223	346
SRR19238500_k141_303579_1_119403169	138	155	52	0	41	187	109
ERR4869753_k141_248126_3_27438779	181	80	24	0	1	266	162
ERR11269310_k141_333086_1_211314014	11	79	69	0	12	162	93
ERR12084959_k141_293712_1_34737440	162	116	41	0	26	419	372
SRR2107211_k141_231216_1_21651182	169	76	24	0	17	159	81
SRR9852208_k141_1124464_1_337601740	470	171	92	0	8	497	443
SRR8224501_k141_2306010_2_25624300	24	47	62	0	1	114	146
ERR3761224_k141_773992_3_61565413	104	60	35	0	0	161	353
SRR14932643_k141_136508_20_710330889	17	58	41	0	1	111	214
SRR7369924_k141_789772_1_24848979	16	53	34	0	5	125	213
SRR15085115_k141_155657_1_49986608	204	280	34	0	5	88	127
ERR3761224_k141_831264_1_60399272	98	99	23	0	1	327	290
SRR14932627_k141_826253_7_677885710	172	71	30	0	4	292	308
ERR4678677_k141_645339_2_195761809	24	45	42	0	0	85	286
SRR8208348_k141_1332850_2_198351437	421	208	82	0	9	480	423
SRR6797129_k119_123648_24_13348513	113	150	23	0	4	184	70
SRR11088379_k141_979083_1_27731627	219	59	70	0	9	101	87
ERR3761221_k141_956057_1_21166811	286	145	62	0	4	455	413
SRR19786824_k141_86046_2_548593377	51	51	30	0	5	272	303
SRR21203040_k141_15392_90_178132761	9	81	24	0	1	228	69
SRR10132664_k141_167711_1_295637624	107	49	37	0	0	197	347
SRR19786839_k141_386602_3_560607388	49	81	29	0	6	311	279
SRR21705852_k141_536716_10_579162776	260	104	70	0	1	229	260
SRR13225455_k141_122692_1_342423491	210	148	97	0	3	327	142
SRR19238497_k141_183645_5_116131611	15	77	60	0	8	141	89
ERR11269310_k141_1844021_4_210148536	492	82	49	0	16	141	451
SRR22752014_k141_974669_1_260595243	227	109	46	0	2	323	323
SRR20681262_k141_12594_1_170483281	32	88	73	0	16	212	165
SRR13225453_k141_769806_1_341180321	40	44	86	0	0	118	90
SRR19786845_k141_535033_2_565083886	56	61	25	0	2	282	276
SRR22752040_k141_1383937_1_278453190	117	83	52	0	0	135	81
SRR26726063_k141_30746_8_158385048	158	73	42	0	0	207	114
SRR22105546_k141_323598_4_157355380	381	224	44	0	17	85	186
SRR18749964_k141_129689_1_162656128	16	86	27	0	3	297	139
SRR10132618_k141_23685_2_280841822	100	121	30	0	3	420	303
SRR7369918_k141_898072_1_17463434	55	46	24	0	1	212	141
SRR14560452_k141_535912_1_436021762	169	69	40	0	0	204	100
SRR11235433_k141_1189877_1_413281140	225	76	32	0	20	242	189
SRR21203052_k141_13907_11_165769525	280	265	44	0	16	283	153
ERR5954401_k141_311389_3_193357401	212	152	56	0	2	456	423
SRR14560449_k141_423361_1_483675211	224	104	45	0	11	269	177
SRR11536955_k141_2568562_2_93353112	9	51	51	0	1	105	100
ERR11181243_k141_62519_1_3600470	71	98	89	0	18	215	304
SRR11088485_k141_2770059_3_408577317	93	55	23	0	2	209	119
SRR14932643_k141_752365_5_710827536	9	52	38	0	4	93	195
SRR11088457_k141_716971_9_16237241	294	185	39	0	8	113	411
ERR2592257_k141_96867_1_4812751	90	59	61	0	1	119	423
ERR4678618_k141_587381_1_91812945	16	59	48	0	2	95	211
SRR22105530_k141_732059_2_137383248	255	69	30	0	2	165	66
ERR4869795_k141_862822_10_122298218	176	100	41	0	15	389	281
SRR14560412_k141_101804_3_414218061	366	84	51	0	94	277	180
SRR22752045_k141_49053_1_290536513	53	84	75	0	15	178	260
ERR9855092_k141_538615_1_53985764	76	46	48	0	0	94	357
SRR7369917_k141_364208_1_15086160	44	57	62	0	11	150	298
SRR13225458_k141_504143_1_345693069	32	53	50	0	4	108	154
SRR8745619_k141_12683_5_25327898	158	67	30	0	123	162	69
ERR4869818_k141_1868955_1_143913173	7	71	25	0	2	138	61
SRR13225451_k141_594642_1_339714744	151	63	24	0	1	212	283
SRR22752015_k141_40131_1_262157281	228	64	45	0	8	110	256
SRR12404956_k141_1743290_3_152308667	28	95	72	0	14	221	178
ERR2592256_k141_471231_4_24185620	68	87	25	0	0	298	217
SRR9852201_k141_472955_5_325145915	190	138	68	0	5	450	337
SRR18749955_k141_64893_49_108135858	76	124	23	0	7	201	95
SRR14932561_k141_1250532_1_582128476	269	73	52	0	2	213	326
SRR13225451_k141_495683_1_339769337	227	127	43	0	2	360	248
SRR13225451_k141_572929_14_339876657	102	45	33	0	22	198	443
SRR22752046_k141_1391131_1_292392318	28	114	76	0	18	267	217
SRR10132660_k141_372976_2_292389329	49	53	25	0	1	275	261
SRR11088382_k141_1308879_1_367291851	244	51	27	0	1	118	67
SRR8648012_k141_268_1_41485603	161	60	23	0	0	210	284
ERR1713391_k141_328482_18_146600125	142	44	26	0	2	202	402
SRR21203055_k141_34182_20_166196446	427	81	73	0	5	109	441
ERR1414227_k119_303699_1_5813381	494	138	50	0	2	114	210
SRR11088448_k141_163358_1_2754869	23	56	59	0	0	131	124
SRR19786847_k141_534806_3_566678028	44	125	32	0	14	457	75
SRR19238500_k141_349116_1_119560803	10	66	49	0	7	111	61
SRR21203051_k141_19524_2_165690195	276	86	25	0	1	245	99
SRR14932522_k141_1156867_1_508757572	195	61	55	0	0	169	430
SRR13608701_k141_1707761_72_349810717	334	65	66	0	95	272	351
SRR12450810_k141_310181_3_237854954	135	51	46	0	0	173	331
ERR4869790_k141_253675_1_119008219	190	129	38	0	3	404	115
ERR9855085_k141_820906_2_6217805	484	46	57	0	9	106	470
ERR1726003_k141_23762_1_36592687	279	137	55	0	4	462	311
SRR14143314_k141_41633_1_28946102	407	55	62	0	1	155	293
SRR19786848_k141_165056_3_566979113	19	45	37	0	1	129	142
ERR4678669_k141_188500_1_169826822	117	63	56	0	1	152	418
ERR11269309_k141_611988_22_208670684	32	61	69	0	26	148	240
ERR11269309_k141_235393_2_208965711	148	58	40	0	2	153	451
SRR22752014_k141_636582_1_259611889	233	93	32	0	2	140	138
SRR22372582_k141_320674_2_230022481	201	149	49	0	4	188	89
SRR18331982_k141_73685_1_179491178	357	69	60	0	0	241	246
SRR11088394_k141_290745_5_370789434	22	60	49	0	2	98	133
SRR14932514_k141_1128352_1_490082546	81	58	49	0	0	123	394
SRR15669517_k141_76772_24_136332214	94	80	104	0	0	240	206
SRR12404963_k141_1113829_5_78234430	8	49	51	0	14	146	157
ERR4869804_k141_17099_2_131481877	228	164	54	0	583	335	130
SRR14932510_k141_1624616_3_482640023	322	77	38	0	0	242	352
SRR22372576_k141_37830_54_227329979	133	100	50	0	0	301	88
SRR13608701_k141_273117_1_348230222	71	57	53	0	1	119	404
SRR19786844_k141_208015_2_563749415	350	76	46	0	1	149	258
SRR9852211_k141_775769_1_343912511	321	147	33	0	1	116	59
SRR10132660_k141_332650_1_292093077	168	137	31	0	6	247	92
ERR1726035_k141_325743_2_22220197	378	200	98	0	14	557	491
SRR13608700_k141_2261050_1_386086824	166	169	24	0	8	170	90
SRR22372578_k141_254047_122_228517673	64	59	48	0	14	114	101
SRR13608732_k141_1008441_18_389672293	164	85	38	0	1	186	242
SRR13171206_k141_172316_2_80437153	361	141	77	0	3	339	257
ERR2346693_k119_206894_14_44801929	334	160	57	0	6	500	425
SRR14560427_k141_314763_1_423170146	280	159	58	0	9	544	407
SRR11088469_k141_788314_1_13258141	53	70	45	0	8	112	351
ERR9855093_k141_1201259_4_28199522	98	79	77	0	1	125	400
SRR10132665_k141_624500_8_378756640	168	74	29	0	0	155	245
SRR22372573_k141_280343_3_226434757	71	51	49	0	0	86	319
SRR22372573_k141_283371_13_226554257	171	79	31	0	1	89	93
SRR6747743_k141_514948_2_92812304	303	65	31	0	7	161	188
SRR4833084_k141_627315_2_31868032	319	174	47	0	1	121	61
ERR4678628_k141_632276_2_33359177	16	46	42	0	2	97	250
SRR9261007_k141_60195_2_228262664	222	86	29	0	2	207	353
SRR18331972_k141_85194_16_145166665	277	56	47	0	0	166	282
ERR12084963_k141_709048_2_38357237	151	118	31	0	6	405	299
SRR14492200_k141_111690_4_393667222	170	106	32	0	14	389	246
SRR7369911_k141_199647_1_42621075	74	59	31	0	0	183	298
ERR3281027_k141_658314_3_5196416	11	60	47	0	2	95	68
SRR14751624_k141_1039603_1_524069936	272	138	79	0	7	311	177
SRR22752039_k141_1343001_2_268927381	279	51	40	0	0	79	235
ERR1713391_k141_290995_1_147440717	90	49	67	0	0	111	388
ERR1713391_k141_935304_2_147535814	10	53	41	0	1	148	78
SRR17063163_k141_1358609_1_85720257	195	119	23	0	36	339	62
ERR1713395_k141_240503_2_152074775	8	50	49	0	5	105	197
ERR1713395_k141_198631_1_152180628	96	110	100	0	50	217	329
ERR2592334_k141_699253_1_79158132	340	163	100	0	3	451	432
ERR4678669_k141_579947_1_170083804	7	91	38	0	2	188	141
SRR22372524_k141_529167_55_201947749	345	149	74	0	1	431	465
SRR13608732_k141_1092139_1_389260542	282	59	44	0	154	175	341
ERR1713375_k141_171821_1_129795864	84	70	60	0	0	118	433
ERR11269305_k141_960587_4_201771691	22	84	60	0	6	173	107
SRR10761724_k141_2261057_14_49684820	245	85	43	0	4	308	365
ERR4678576_k141_1363076_1_38643758	118	44	30	0	1	112	117
SRR12404955_k141_76087_2_149121368	227	68	35	0	21	216	180
SRR13608737_k141_220389_2_367064287	529	230	79	0	50	154	299
ERR5954387_k141_454635_2_261326415	159	96	34	0	5	361	337
SRR26502675_k141_1380388_1_229138491	68	89	74	0	15	239	290
SRR12404949_k141_1491981_5_127915172	220	109	23	0	0	152	91
SRR9261036_k141_165407_1_242464087	213	46	23	0	7	228	125
ERR2592263_k141_432098_1_25335879	246	125	61	0	4	451	421
SRR21694252_k141_47468_15_574372815	427	236	112	0	18	556	479
ERR4678617_k141_1079414_1_90628442	5	44	38	0	0	81	180
SRR24226011_k141_12686_10_190184541	242	217	48	0	0	86	181
SRR12479916_k141_113098_1_71824310	96	66	26	0	163	106	64
ERR4678695_k141_761326_2_277650283	145	85	27	0	14	215	166
ERR5954373_k141_1130039_1_173985539	110	52	24	0	22	263	121
SRR14932573_k141_83630_3_602130363	249	64	26	0	3	97	63
SRR15669519_k141_460521_2_138633500	210	50	32	0	4	113	398
ERR4678589_k141_334803_2_21016830	47	46	48	0	17	149	367
SRR21203040_k141_20263_3_178158503	177	61	28	0	1	140	295
SRR18331976_k141_1739_1_145950560	176	88	54	0	2	268	406
SRR19786820_k141_75317_2_545949145	120	46	44	0	7	191	100
ERR1713356_k141_691490_2_111626802	101	53	41	0	0	101	365
SRR14751620_k141_1807096_2_517357657	285	84	50	0	109	329	263
SRR1168574_k141_211930_1_76191443	504	181	95	0	35	309	361
SRR14932643_k141_203102_96_711125024	2	88	27	0	1	316	73
SRR15669521_k141_436440_2_142649979	266	58	51	0	15	95	163
SRR19238502_k141_483508_13_121258733	72	104	69	0	15	231	230
SRR14751605_k141_1173263_3_462977026	162	106	34	0	1	366	286
ERR1713411_k141_465791_2_170950877	278	136	77	0	12	404	432
SRR13727523_k141_254202_4_120370777	192	85	51	0	0	272	305
SRR10132663_k141_554394_3_294974567	88	95	28	0	2	344	59
ERR3281022_k141_157575_21_2030674	58	49	49	0	83	208	355
ERR4678613_k141_271980_1_29398103	415	195	99	0	11	514	483
ERR1414226_k119_516508_3_5452507	117	68	32	0	3	353	241
SRR14751592_k141_429559_2_453903720	11	89	36	0	2	102	82
ERR4869831_k141_197082_2_158911033	553	333	165	0	367	627	515
SRR9261045_k141_7362_1_247376666	309	122	64	0	8	306	197
SRR22105534_k141_503135_2_141645989	405	176	64	0	3	402	99
SRR22105540_k141_442397_3_148875950	294	132	35	0	27	245	116
SRR22752041_k141_1294119_1_280699977	308	45	45	0	32	243	525
SRR2107216_k141_105420_1_24004949	170	87	33	0	0	192	145
SRR13171215_k141_401650_2_46132439	238	49	23	0	2	194	242
ERR4678607_k141_970418_1_73985632	109	58	71	0	1	148	449
SRR18749965_k141_605233_1_110734682	212	200	49	0	21	224	138
SRR19238502_k141_325188_24_121330833	188	151	62	0	74	205	138
SRR22372594_k141_233278_6_210377762	101	190	55	0	7	92	110
SRR19786826_k141_403363_1_549607938	14	47	41	0	1	100	187
ERR1713355_k141_1176767_1_110287255	86	55	38	0	2	125	431
SRR10132627_k141_136779_24_286039995	236	134	63	0	4	440	416
ERR1713367_k141_2067536_1_121573394	449	184	117	0	5	530	495
SRR18331970_k141_76068_1_144637599	24	72	65	0	10	148	259
SRR11536956_k141_173900_2_70906767	31	102	59	0	9	190	143
SRR9852197_k141_839252_1_314860315	173	83	23	0	0	292	100
SRR10132632_k141_483338_1_289364225	321	241	65	0	35	297	206
SRR13608737_k141_932966_1_364263099	21	76	46	0	8	146	121
ERR2592281_k141_19235_1_53433317	113	113	39	0	5	395	300
SRR12404961_k141_3505447_2_11733752	69	48	67	0	1	107	425
SRR14932480_k141_505385_1_447797654	474	85	29	0	0	189	359
ERR2592279_k141_237254_2_81108843	80	94	66	0	7	190	178
SRR11088425_k141_1997758_2_378497347	213	57	33	0	83	198	165
SRR25018389_k141_92345_2_620479339	346	167	32	0	13	86	150
SRR11088462_k141_935119_1_393710149	319	49	33	0	0	237	126
ERR4678658_k141_409557_1_133897974	372	130	80	0	3	208	516
SRR13171216_k141_351769_2_47488051	20	67	51	0	4	160	160
SRR26726066_k141_168624_2_160435716	127	110	55	0	3	351	428
ERR1713347_k141_83426_2_99508360	127	49	52	0	1	132	348
SRR12404961_k141_221945_1_10839151	504	214	125	0	19	566	510
SRR14932596_k141_828481_1_641235680	259	71	50	0	28	303	177
ERR2592283_k141_75183_2_60212008	214	125	48	0	1	132	356
SRR3098764_k141_305564_1_914220	5	52	34	0	1	92	218
ERR4678661_k141_251961_1_162577831	27	59	47	0	8	122	230
SRR11088485_k141_2392261_1_411635439	388	54	50	0	3	166	272
SRR14751603_k141_1062444_1_459128925	18	44	28	0	0	83	121
SRR6747720_k141_6200_1_69821939	138	73	28	0	142	297	310
ERR4222568_k141_662478_1_48740939	232	133	54	0	1	437	289
SRR8797412_k141_89567_3_60408044	33	91	91	0	16	189	293
ERR4678620_k141_1319081_1_30558488	14	54	51	0	2	112	256
SRR11088417_k141_1958281_3_145183327	75	71	23	0	2	240	293
ERR4678602_k141_26301_26_66699829	333	168	86	0	3	498	466
ERR3281041_k141_189231_3_12793784	92	129	59	0	1	164	61
SRR21427518_k141_616623_4_146307099	79	76	28	0	17	93	101
SRR10132663_k141_62862_1_294696836	238	81	53	0	11	292	433
SRR14932625_k141_425178_2_675501118	92	52	51	0	1	120	407
ERR3761240_k141_488529_1_47415004	526	238	162	0	20	582	515
SRR14560407_k141_583267_1_479998056	21	45	49	0	6	98	119
ERR3281034_k141_75955_1_10159221	45	133	35	0	1	235	61
SRR12964614_k141_959552_1_116266816	23	51	63	0	3	110	118
SRR9852183_k141_585152_3_289359086	199	89	49	0	1	409	339
SRR14751621_k141_519508_1_519725695	93	92	49	0	0	198	141
SRR13727526_k141_214826_1_122871515	13	47	36	0	0	82	78
ERR3281032_k141_233629_37_9529341	328	169	73	0	3	280	125
ERR12084963_k141_1460731_2_38617778	140	110	49	0	2	314	408
SRR9038830_k141_590332_1_220160673	224	108	70	0	3	253	343
SRR18749955_k141_340682_2_108141052	26	99	76	0	11	200	124
SRR21694252_k141_923933_1_573747940	272	166	76	0	3	461	168
ERR3281039_k141_176913_3_12657510	22	85	68	0	13	181	117
SRR22752045_k141_4530_1_289103888	51	47	25	0	0	83	77
SRR9644740_k141_84221_1_65517171	21	99	75	0	5	200	107
SRR19786840_k141_171964_1_561532150	431	143	104	0	3	271	475
SRR14554391_k141_323510_3_395350645	289	140	58	0	8	451	356
SRR2107218_k141_289_1_24369659	470	106	45	0	0	87	182
SRR8208343_k141_624552_1_5738683	395	63	28	0	1	126	175
SRR10132658_k141_278969_1_377828385	33	72	76	0	10	160	245
ERR11269299_k141_890943_4_23112356	121	95	24	0	1	322	193
SRR12404949_k141_1683854_3_125831721	11	73	58	0	5	147	87
ERR3281038_k141_349891_1_11586844	64	47	50	0	33	222	124
ERR3761224_k141_433832_1_62284361	122	74	24	0	3	239	245
SRR13225454_k141_490153_1_384072171	167	115	36	0	13	360	290
SRR9852214_k141_804089_1_348880159	254	54	51	0	2	85	130
SRR13225461_k141_152643_1_346634915	47	103	92	0	17	191	301
SRR14751606_k141_2017885_2_466083056	55	66	25	0	0	285	68
ERR1713352_k141_944038_2_107457986	211	128	50	0	67	424	323
SRR13107686_k141_201071_1_327606252	258	80	31	0	0	244	88
SRR14751622_k141_779250_1_522219081	78	136	28	0	6	457	198
SRR8512243_k141_425335_3_67461215	414	77	23	0	0	149	85
SRR25018370_k141_28533_1_615020305	276	187	27	0	35	169	112
ERR4678630_k141_149310_7_107595306	81	47	37	0	0	84	362
SRR14932544_k141_1351209_1_549710743	353	49	50	0	0	194	255
SRR21705855_k141_592934_1_598390801	180	93	44	0	3	416	267
SRR15237801_k141_584254_11_220989729	472	88	31	0	1	236	347
ERR9855095_k141_273314_3_41795621	65	57	29	0	0	164	273
SRR9852189_k141_514735_3_163835897	357	44	50	0	1	160	224
SRR22372546_k141_451345_1_217131716	56	67	36	0	3	121	99
ERR3281027_k141_263626_4_5410853	12	44	34	0	0	95	100
ERR5954436_k141_1169067_1_216812866	123	59	23	0	0	162	84
SRR14751605_k141_1874576_1_465146816	159	62	32	0	1	128	417
ERR4678602_k141_438753_1_65908070	427	209	84	0	8	516	492
SRR15237817_k141_70485_4_249089211	152	79	65	0	0	168	376
SRR10132632_k141_463649_4_289563178	180	76	64	0	1	168	471
ERR4869703_k141_922752_1_22572710	240	127	52	0	4	450	387
ERR1713389_k141_304735_1_191936790	60	49	31	0	3	280	296
ERR4678600_k141_67216_1_64377038	8	51	61	0	6	105	176
SRR5278610_k141_450040_2_132093008	170	80	26	0	0	133	104
SRR14560448_k141_584980_1_433944831	74	143	103	0	5	453	163
SRR6797130_k119_72921_6_6880148	33	91	32	0	12	125	63
SRR24226006_k141_67272_40_220480285	162	260	55	0	131	223	156
ERR4869733_k141_759824_1_85977376	200	94	51	0	10	144	102
SRR14932488_k141_309632_1_463590005	277	90	45	0	6	286	405
SRR13608732_k141_73456_37_389544997	262	90	48	0	4	233	163
ERR1713408_k141_457727_1_168961521	74	53	26	0	1	259	236
ERR4678618_k141_162913_2_92944784	188	54	30	0	2	132	145
ERR3858124_k141_813284_1_26134808	180	232	67	0	12	85	145
SRR15237807_k141_173370_22_225494382	8	48	37	0	3	81	228
SRR10132669_k141_294776_1_299090213	64	49	23	0	3	130	352
ERR4678630_k141_107889_2_107672945	80	129	38	0	12	98	108
SRR6797145_k119_177995_5_2046091	167	145	29	0	4	205	108
SRR22372571_k141_31707_6_196942862	23	72	71	0	13	156	300
SRR7912025_k141_129367_7_59145473	19	73	71	0	15	145	175
SRR14751588_k141_1239276_2_453327445	12	121	49	0	1	257	92
SRR6337685_k141_72907_1_502591314	13	63	43	0	3	135	61
SRR14751624_k141_388740_1_523866885	233	52	37	0	2	150	209
SRR11088389_k141_362777_2_370098261	56	52	26	0	0	200	283
ERR3281026_k141_339668_1_21010270	25	47	35	0	2	116	176
SRR12354360_k141_129811_1_234660977	136	110	56	0	2	357	245
SRR15085116_k141_664499_3_51381867	21	47	40	0	0	115	189
SRR13727526_k141_760955_1_122129585	258	62	29	0	1	157	89
ERR3761240_k141_22653_3_46951296	95	58	29	0	41	275	99
ERR11269297_k141_133220_6_53501533	12	59	60	0	9	114	207
SRR22372516_k119_118397_2_182242943	133	76	80	0	1	146	448
ERR1713380_k141_777859_2_132838147	175	154	102	0	3	398	457
ERR4678570_k141_59931_2_6477843	110	57	49	0	1	154	441
SRR6747728_k141_416824_1_78856061	285	60	30	0	1	88	401
SRR18749954_k141_223150_2_107748682	535	245	137	0	312	487	495
SRR5306400_k119_90208_1_497010483	336	220	121	0	9	561	380
SRR14932574_k141_257168_11_603390690	208	52	23	0	3	209	132
SRR7369921_k141_815079_1_19293547	146	73	74	0	1	317	269
SRR7369921_k141_638617_1_19433317	26	56	32	0	0	176	78
SRR15085119_k141_269487_1_52886311	123	202	50	0	6	88	122
SRR11536956_k141_2197634_2_70878668	237	132	60	0	3	366	427
SRR11088478_k141_2400969_1_44158983	253	114	61	0	0	390	454
SRR13171217_k141_154380_2_48672310	398	140	47	0	0	161	213
SRR14492177_k141_521039_1_373521202	117	108	27	0	18	112	72
SRR15669522_k141_439105_93_143809350	502	227	85	0	14	322	421
SRR14751606_k141_1731183_2_465634609	186	69	81	0	2	294	342
ERR4678650_k141_1046161_1_125983363	6	51	28	0	2	81	154
SRR19238510_k141_877829_19_131204877	134	151	39	0	6	178	87
SRR13727527_k141_681191_16_124289520	447	226	124	0	4	418	447
SRR22752045_k141_68409_2_289066278	234	86	36	0	3	144	119
SRR14932637_k141_325423_1_697356405	457	201	62	0	49	200	280
SRR5877534_k119_354720_2_62588528	100	290	87	0	27	148	192
ERR1725996_k141_74751_4_36101023	347	77	64	0	2	90	432
ERR1726003_k141_146837_1_36325640	168	54	52	0	1	135	460
SRR22372562_k141_146443_1_206948765	350	167	73	0	2	498	423
SRR11088417_k141_114791_1_145144119	451	264	141	0	9	577	463
ERR1725998_k141_630144_1_67952650	114	79	72	0	2	251	367
SRR11088431_k141_982508_6_131089989	35	74	62	0	8	167	305
SRR13013687_k141_296026_2_303406998	79	65	35	0	0	204	210
ERR3281023_k141_548183_1_2919773	98	79	85	0	1	257	124
SRR15237808_k141_197162_4_226031432	17	53	40	0	4	88	190
SRR14932581_k141_792329_2_614242907	77	57	31	0	2	215	74
SRR19238505_k141_559721_2_124836575	105	54	44	0	3	188	90
ERR1713336_k141_454288_1_88241778	197	54	30	0	1	122	449
ERR12084948_k141_22394_1_13402693	229	95	29	0	4	386	95
SRR14751601_k141_353328_1_487382908	62	66	62	0	4	154	249
ERR4678672_k141_482907_1_188436640	165	110	73	0	1	208	457
SRR12404961_k141_2890236_1_12397621	107	50	23	0	1	215	237
SRR12404961_k141_1113187_1_12516294	87	71	26	0	1	128	61
SRR22372587_k141_239636_8_186560514	16	75	60	0	9	136	78
SRR13727528_k141_495828_13_127458333	348	92	37	0	3	155	364
SRR13608737_k141_734936_2_365248602	114	178	48	0	14	165	151
SRR22372509_k141_150530_1_179406476	116	236	46	0	11	155	124
SRR12404961_k141_3159455_1_11255445	73	63	66	0	0	110	381
ERR2592333_k141_254970_1_78131035	71	44	44	0	25	202	458
SRR9852193_k141_80906_8_166114653	24	63	23	0	21	260	194
SRR19238495_k141_471777_1_113735872	174	56	23	0	2	138	118
SRR14932497_k141_1266522_1_473611655	517	125	97	0	0	273	486
SRR20309467_k141_689237_1_175898334	115	121	80	0	18	297	221
SRR13107680_k141_143045_1_323113149	14	51	38	0	6	94	220
SRR11088483_k141_1021808_1_407552622	152	80	31	0	0	125	75
SRR14932613_k141_286787_23_655036283	382	160	64	0	48	564	332
SRR15085116_k141_324859_4_51304342	38	82	83	0	14	184	297
SRR19238499_k141_280394_1_118345722	50	100	74	0	12	199	184
SRR5877535_k119_64781_3_64420152	334	59	23	0	14	232	416
SRR2107128_k141_79422_3_15048648	197	95	48	0	0	163	87
SRR8512242_k141_400982_10_65187132	228	70	58	0	1	149	456
SRR18331980_k141_20451_1_179172394	306	277	87	0	49	373	193
ERR1076082_k141_327193_2_2648034	100	57	24	0	0	197	151
ERR3281034_k141_145500_2_9800578	7	54	43	0	3	100	202
SRR14554393_k141_269154_1_396358043	163	48	23	0	44	203	138
SRR24226001_k141_37108_1_211259981	101	74	26	0	10	150	67
SRR15669518_k141_370814_46_137086203	9	65	51	0	5	130	70
SRR10132663_k141_488550_2_294661863	31	54	66	0	2	133	220
SRR11088434_k141_3489072_1_385398975	258	82	30	0	0	82	109
SRR13727528_k141_174277_2_127308572	223	108	45	0	3	352	213
SRR12404956_k141_2273980_2_153655853	152	54	28	0	1	221	114
SRR13107662_k141_1395044_1_309885634	154	77	36	0	1	353	159
ERR4678612_k141_678604_1_82703931	272	128	103	0	4	402	400
SRR9260996_k141_108134_1_222413432	155	66	23	0	4	301	281
ERR9855094_k141_189685_1_37573079	41	46	61	0	1	87	302
SRR11088473_k141_1293275_1_402307160	336	101	40	0	1	352	216
SRR4754862_k141_1101134_8_117813834	90	53	29	0	2	263	227
SRR6797137_k119_112533_4_13888917	101	60	35	0	0	110	226
ERR9855086_k141_662041_1_43611847	150	57	37	0	0	184	276
SRR9852202_k141_40967_2_326856527	282	77	43	0	0	211	311
SRR20309467_k141_160979_11_175336531	336	167	88	0	10	400	448
ERR2592271_k141_62361_1_14071407	81	90	61	0	0	206	188
ERR1713395_k141_554106_1_151970779	123	57	77	0	1	106	424
SRR12339334_k141_300_1_219173374	289	98	44	0	65	337	225
SRR21427519_k141_252153_1_147819003	52	46	30	0	4	252	297
SRR2107215_k141_445377_1_23599503	181	56	24	0	0	151	99
ERR11269309_k141_498281_3_209135368	5	45	38	0	2	85	186
ERR2592267_k141_31214_1_878219	202	75	44	0	2	194	336
ERR4678637_k141_751703_1_137818752	205	101	32	0	0	249	180
ERR11269306_k141_1657494_1_204610858	80	46	50	0	1	111	417
SRR6986811_k119_45775_2_5642479	388	167	29	0	8	91	261
SRR8648013_k141_1057395_1_20158647	454	89	62	0	5	291	365
SRR11088394_k141_1584845_5_370635895	74	44	35	0	1	114	251
SRR14560427_k141_770079_1_422732886	117	115	65	0	2	405	266
SRR6747720_k141_294509_1_70131061	426	77	40	0	4	114	81
SRR20309467_k141_570291_1_175557210	92	50	25	0	0	199	339
ERR4869758_k141_1279263_5_101446182	327	174	88	0	168	292	210
ERR5954453_k141_50311_7_228780632	259	142	76	0	4	471	288
SRR19238500_k141_479775_1_119014661	31	70	54	0	31	188	151
SRR18331977_k141_100865_3_178693906	21	62	72	0	8	149	189
ERR5954449_k141_624465_3_224242885	392	136	43	0	50	299	160
ERR4678635_k141_1097288_3_115662648	42	48	56	0	1	100	377
SRR22752014_k141_692110_2_259404804	10	63	53	0	13	145	104
SRR14932612_k141_229010_1_653620809	325	51	27	0	0	82	403
ERR9855095_k141_200364_1_41105140	52	102	63	0	11	220	187
ERR4678688_k141_641435_2_275465347	172	101	54	0	4	366	325
SRR11088434_k141_3008390_3_384715163	187	116	27	0	5	117	81
ERR4869834_k141_1120627_2_162621925	377	123	56	0	106	328	301
ERR1725989_k141_91152_4_195137615	357	63	54	0	10	156	492
SRR11088398_k141_416834_3_104122137	53	78	84	0	6	358	85
SRR22372546_k141_437308_5_216637055	139	73	64	0	1	156	452
SRR3501853_k141_83023_1_31939952	409	140	42	0	2	361	98
ERR3281025_k141_298391_2_4792542	121	88	31	0	56	87	82
SRR6797133_k119_139153_10_2820374	317	102	89	0	2	207	478
SRR12964611_k141_323933_87_112819415	109	61	28	0	0	148	64
SRR10388057_k141_32216_1_18173504	470	247	46	0	9	248	532
ERR4222573_k141_211311_1_57999764	245	118	41	0	2	392	188
SRR7369922_k141_150888_2_22122292	55	58	26	0	3	190	144
ERR4678589_k141_686342_9_21684470	81	91	30	0	1	103	115
ERR2985266_k141_181406_1_44637338	315	166	113	0	10	426	439
ERR4678612_k141_733679_63_83190392	384	62	35	0	0	190	77
SRR9852219_k141_54386_1_172716231	244	97	48	0	4	125	175
SRR14932666_k141_1288592_3_758998342	416	166	88	0	5	476	149
SRR14932529_k141_1045741_1_520384647	280	83	32	0	5	278	242
SRR4754862_k141_778578_6_117661532	250	163	80	0	3	354	307
SRR6747751_k141_491699_3_100945625	279	87	33	0	21	266	208
ERR2592245_k141_400159_2_6926800	95	49	34	0	1	113	263
SRR18331981_k141_10976_2_179305434	17	48	26	0	0	89	133
SRR9038830_k141_919055_2_219273841	430	91	38	0	0	230	172
SRR14560433_k141_261773_76_425806129	183	50	45	0	2	216	117
SRR2962466_k119_82137_1_476839463	80	75	38	0	0	331	205
SRR22752044_k141_91107_5_286721828	100	44	34	0	1	153	409
SRR18749953_k141_509206_41_106068921	14	48	33	0	2	130	101
SRR22372573_k141_376412_8_226167952	13	74	53	0	3	121	65
SRR13107660_k141_719611_2_379826795	23	107	68	0	8	185	87
SRR7369909_k141_238569_1_38980790	16	87	53	0	14	180	143
SRR21705948_k141_462910_2_148945154	14	49	54	0	5	116	134
SRR18331978_k141_64081_11_178866525	209	59	23	0	8	97	141
SRR26502681_k141_1829213_1_231805202	315	72	41	0	404	388	70
SRR14932642_k141_465004_1_709475524	123	84	31	0	128	330	281
SRR19786826_k141_403008_2_549593351	45	45	27	0	3	253	261
SRR6337686_k141_140248_1_595788610	60	93	34	0	0	320	186
SRR14932577_k141_1300877_2_608582366	174	44	33	0	2	193	197
SRR7369913_k141_784043_9_9988020	47	91	82	0	16	183	291
ERR1725941_k141_81978_1_172153883	90	56	53	0	1	130	426
ERR4678626_k141_141012_2_104962383	12	52	44	0	12	83	217
SRR12396704_k141_306107_8_236467615	403	223	95	0	7	476	500
SRR22105528_k141_551788_1_177445504	156	66	29	0	0	198	237
ERR2105754_k141_348731_2_3868824	146	76	33	0	1	324	174
SRR18749951_k141_508647_55_103695368	131	132	50	0	20	128	152
SRR22372589_k119_136640_1_187713853	10	44	31	0	0	84	103
SRR22372582_k141_60908_1_229823335	97	51	30	0	0	111	86
ERR4869727_k141_792520_9_81490022	274	163	57	0	4	536	351
ERR1713374_k141_567990_5_189829917	519	284	169	0	16	600	518
SRR8224501_k141_2240927_2_26526978	142	54	42	0	3	230	95
ERR11181237_k141_16182_1_1954245	32	54	57	0	1	130	138
SRR14560416_k141_226708_1_417436186	187	61	39	0	0	137	122
SRR8512242_k141_122417_1_65713196	110	102	27	0	0	342	271
SRR21802942_k141_420588_2_173741779	96	87	32	0	0	338	281
SRR6797128_k119_46698_1_3453021	160	57	73	0	0	142	447
SRR13727519_k141_445927_9_118297739	351	202	59	0	11	106	74
SRR19786838_k141_106643_3_559765388	21	50	47	0	5	122	125
ERR4678602_k141_601707_111_66066139	297	146	61	0	273	478	378
ERR3281029_k141_177564_25_7801388	17	84	41	0	7	366	103
ERR1713385_k141_233728_2_140272485	256	112	59	0	3	268	419
SRR8351384_k141_963746_1_206553403	252	68	35	0	2	110	139
SRR18331974_k141_46844_3_145445328	149	93	84	0	1	327	244
SRR13608728_k141_980338_1_362738927	366	206	70	0	312	371	212
SRR19786837_k141_246763_4_559179426	300	44	26	0	1	218	204
ERR5954436_k141_676602_2_217270863	282	187	104	0	7	494	464
SRR15085117_k141_474102_7_29461186	258	252	74	0	11	126	206
SRR14560416_k141_427388_1_417811342	59	45	52	0	1	175	70
SRR14932488_k141_459871_2_463128488	372	149	97	0	183	414	324
SRR12404959_k141_538400_1_138758772	93	82	28	0	1	331	251
ERR4678660_k141_216512_18_271547558	457	230	24	0	7	84	283
SRR12404948_k141_274221_1_46101184	133	62	32	0	50	131	64
ERR4678628_k141_1639567_2_34652499	18	66	67	0	7	154	219
ERR1076082_k141_928576_1_2884909	198	121	29	0	20	474	210
SRR14932623_k141_258938_2_673325310	140	55	55	0	26	82	65
ERR4869782_k141_1572970_2_115481285	82	59	28	0	0	232	184
SRR15669517_k141_76260_1_136312430	18	101	73	0	13	200	120
SRR14751605_k141_1940362_1_464473742	22	44	40	0	0	100	139
SRR14932479_k141_98325_3_447252672	166	47	41	0	1	127	259
SRR7369911_k141_1019520_2_41355224	21	67	52	0	8	141	256
ERR4678565_k141_383867_1_158988340	250	123	68	0	1	398	476
SRR18749963_k141_185513_2_96009386	25	112	48	0	2	401	73
SRR24226017_k141_122500_1_198075501	236	128	46	0	16	170	103
SRR12404949_k141_1423452_1_126303865	11	49	51	0	15	127	168
SRR22372592_k119_129497_1_209851589	265	135	44	0	16	305	81
SRR9038830_k141_268423_4_219966888	319	54	30	0	70	93	120
SRR18749959_k141_4215_16_91577322	14	75	45	0	3	138	99
ERR4678597_k141_406517_1_28868113	22	62	56	0	3	135	260
SRR14751603_k141_292676_1_459712128	93	125	33	0	2	331	417
SRR11088471_k141_1260229_1_398647934	110	58	27	0	1	179	445
SRR18331972_k141_48378_1_145071573	34	47	33	0	0	100	155
SRR14143309_k141_46421_2_73324922	107	57	56	0	1	125	412
SRR9260993_k141_85544_1_220738103	92	53	49	0	17	211	213
SRR8648013_k141_638803_1_19030791	282	111	30	0	2	346	323
ERR4678649_k141_1931388_8_124839012	26	58	54	0	32	123	340
SRR12113392_k141_541151_3_54905188	280	78	41	0	1	219	164
ERR4678584_k141_663377_1_13770850	29	57	47	0	11	137	256
ERR4678572_k141_138677_4_10149781	349	88	36	0	0	241	425
SRR13727519_k141_385946_1_118329828	75	50	57	0	1	146	360
SRR22372517_k141_1733_59_182449241	299	177	51	0	14	118	115
ERR4678585_k141_420710_1_14198240	173	54	39	0	1	177	433
SRR6337684_k141_105812_4_502184851	158	142	44	0	350	231	67
SRR10388106_k141_47148_1_562761	161	165	25	0	5	136	91
SRR1144841_k119_445091_1_68536	157	80	23	0	3	289	225
SRR14932597_k141_789374_2_643959197	450	67	36	0	0	105	391
SRR14560436_k141_626878_2_427456956	122	96	29	0	1	358	230
SRR12964611_k141_164462_2_112685999	217	185	120	0	3	520	439
ERR1725982_k141_171525_3_186743017	124	63	72	0	1	147	469
ERR4678626_k141_1275425_5_103917113	180	71	64	0	1	158	428
SRR22752036_k141_228742_2_265740352	398	104	56	0	0	157	153
SRR9852197_k141_262391_1_314338063	357	83	86	0	2	167	267
SRR7369912_k141_1010761_2_8277948	416	267	105	0	256	391	254
ERR5954402_k141_281112_1_262689437	310	58	29	0	72	348	202
SRR19786822_k141_324617_1_580853062	19	47	42	0	3	102	199
ERR4678643_k141_588861_2_146261716	33	67	60	0	12	138	266
SRR10132668_k141_188556_1_297950113	79	78	78	0	2	308	224
SRR14932570_k141_1134531_1_594907809	467	99	43	0	1	197	200
SRR11088443_k141_100235_2_389591926	80	57	60	0	5	192	82
ERR2105753_k141_996934_1_19752152	56	85	29	0	1	337	65
SRR14932576_k141_25267_2_605413195	264	44	34	0	1	107	171
SRR13727520_k141_70337_48_119314821	206	51	30	0	26	173	60
SRR19786839_k141_440307_9_561052440	155	52	45	0	0	169	362
SRR22752040_k141_1270199_2_279215687	112	48	30	0	2	102	72
SRR14932497_k141_276959_2_473814454	142	76	71	0	0	213	324
ERR1713349_k141_1508451_4_100652009	282	143	106	0	0	411	447
SRR13225455_k141_769422_1_342457037	12	51	57	0	2	136	124
ERR1713336_k141_550441_2_88291209	131	79	44	0	2	185	455
SRR8512245_k141_10897_39_68848692	195	139	48	0	17	275	115
SRR8648015_k141_502645_1_1349265	167	44	46	0	0	134	419
SRR14492169_k141_401789_1_371514119	37	71	71	0	13	174	287
SRR18331976_k141_42911_2_145994446	176	68	76	0	2	157	438
SRR19786836_k141_331088_3_582704768	54	87	29	0	6	310	282
ERR4678656_k141_125057_4_131959001	312	109	46	0	22	171	187
SRR4754862_k141_939603_1_118697086	110	46	40	0	0	191	339
ERR4869780_k141_1389258_1_113873995	20	97	61	0	9	187	117
SRR9852179_k141_109688_14_280305085	481	155	67	0	3	197	444
ERR11181244_k141_15713_4_3692586	242	98	57	0	8	305	281
SRR8224501_k141_373497_2_25549223	28	92	72	0	6	159	304
SRR18749955_k141_90700_9_108341883	2	51	23	0	3	87	107
SRR20309469_k141_649440_3_178467228	36	52	57	0	9	139	112
SRR11088469_k141_334120_2_14249741	273	127	55	0	3	348	390
SRR13608714_k141_1755885_1_355040098	374	77	102	0	2	175	290
SRR14932513_k141_360655_1_488538072	141	80	28	0	1	315	174
SRR18749947_k141_292182_110_99251834	17	79	58	0	12	180	165
SRR11536955_k141_248778_9_92742203	8	50	35	0	4	83	204
SRR24226007_k141_14739_3_189820443	256	75	80	0	332	277	434
ERR5954458_k141_617656_1_268610849	38	105	45	0	6	372	88
SRR13225458_k141_62377_1_345164357	153	61	54	0	0	121	77
SRR14560391_k141_302239_1_400673812	73	46	29	0	0	130	76
SRR11088485_k141_1437572_2_408092016	448	120	54	0	0	165	247
SRR15237817_k141_565727_1_248373621	14	48	50	0	5	94	234
SRR14932545_k141_564827_2_551662766	463	143	63	0	18	384	384
SRR8208343_k141_1798540_2_6341602	455	207	100	0	419	530	384
SRR18331986_k141_123632_7_173549096	273	110	45	0	23	184	171
ERR5954389_k141_332692_1_187106724	21	91	56	0	10	173	146
SRR26726064_k141_175865_51_158694675	555	355	191	0	390	628	528
SRR9852169_k141_1386028_1_154986830	420	161	67	0	3	410	221
SRR14932514_k141_1008146_7_490121463	64	55	43	0	1	125	409
SRR18749955_k141_297211_112_107956749	20	70	55	0	10	174	139
ERR4869833_k141_845862_9_161695327	152	100	26	0	5	349	249
SRR25018398_k141_13284_6_626913828	452	234	117	0	13	556	469
SRR5306401_k119_298525_1_497553279	156	49	33	0	1	160	118
ERR1713365_k141_165015_1_119945781	255	94	64	0	1	177	454
SRR26726064_k141_151609_6_158854053	62	87	84	0	14	179	292
ERR11269306_k141_1541167_2_203643253	139	47	35	0	0	103	74
ERR11269306_k141_990009_11_204030070	143	79	46	0	4	257	226
SRR6439733_k141_201124_2_221925906	163	53	40	0	1	129	361
SRR12404959_k141_1320966_2_138649271	189	157	43	0	11	217	110
SRR14751606_k141_773899_2_466783756	145	45	64	0	0	179	286
ERR1713347_k141_479086_4_99136779	71	44	26	0	1	251	371
ERR1713381_k141_1253262_1_133671365	13	51	46	0	12	118	147
ERR1713396_k141_1481731_2_154714846	99	82	70	0	6	190	329
SRR14932612_k141_1118620_9_652532817	248	67	38	0	0	161	402
SRR22752040_k141_1123032_1_278898317	125	54	50	0	3	169	244
SRR22752039_k141_835681_1_267720248	86	48	53	0	1	101	385
SRR9261017_k141_262401_2_232524814	273	87	35	0	1	201	148
SRR8797412_k141_650697_1_60154390	21	50	52	0	2	124	124
SRR13107671_k141_479580_4_381146062	58	88	26	0	6	280	234
SRR22372576_k141_42727_1_227363865	348	137	66	0	57	325	196
SRR15669520_k141_396655_1_140625249	97	67	71	0	1	130	443
SRR4754862_k141_962946_3_117467951	398	141	47	0	3	351	379
ERR5954452_k141_927212_2_228337200	98	133	28	0	1	400	260
SRR25018398_k141_631752_2_627192421	210	89	38	0	4	319	290
ERR2592257_k141_33068_1_4847922	199	76	38	0	1	146	456
SRR8517159_k141_658449_2_59445880	187	53	30	0	9	90	73
SRR15669517_k141_454430_72_136317955	189	46	31	0	1	138	116
SRR26726064_k141_158125_4_158557647	88	57	69	0	0	121	426
SRR22372562_k141_486802_2_207312904	243	51	26	0	160	273	258
SRR10761724_k141_1685245_1_49095585	11	45	31	0	1	98	227
ERR1713354_k141_138359_1_108830359	241	79	86	0	1	166	461
SRR8351384_k141_329525_5_206579009	482	78	44	0	6	101	399
SRR14932570_k141_755555_3_593763560	479	89	32	0	2	221	262
ERR11269309_k141_743853_1_208779657	5	46	35	0	1	79	150
SRR13225459_k141_154624_1_346045878	24	114	77	0	16	258	206
SRR13225447_k141_556355_9_383191943	163	125	42	0	4	455	320
SRR4754862_k141_1162080_1_117754791	138	88	41	0	1	220	116
SRR14932539_k141_13943_34_538729616	340	118	73	0	74	145	115
SRR22372527_k141_244201_2_203353353	183	83	82	0	1	151	467
SRR12404961_k141_513305_2_10137308	73	49	24	0	11	289	281
SRR12340499_k141_114983_2_220327969	456	343	111	0	100	404	295
SRR11088392_k141_900937_1_8469206	275	71	57	0	2	198	457
SRR5123276_k141_694114_1_63500341	39	60	28	0	4	275	162
ERR4225396_k141_1030080_15_62229106	118	64	37	0	3	276	332
SRR11088418_k141_1172912_1_41421190	391	229	120	0	9	406	485
SRR19786842_k141_302252_1_563340780	47	51	43	0	0	85	236
ERR4678568_k141_1001044_1_4213602	188	121	54	0	28	275	151
SRR14932575_k141_630033_2_604574125	355	183	96	0	181	302	494
SRR14932621_k141_1431930_2_670445534	424	83	48	0	0	146	363
ERR4678593_k141_3372_4_56592100	15	61	39	0	2	128	253
SRR11088473_k141_241873_67_402437529	355	65	54	0	1	131	200
SRR11088462_k141_838776_1_395023548	319	70	51	0	0	162	224
SRR21427516_k141_300423_23_47769580	70	44	24	0	1	89	69
SRR13727524_k141_82997_3_120938000	81	59	45	0	1	83	62
ERR5954481_k141_258663_2_243417338	130	75	42	0	0	275	143
SRR12964611_k141_291884_6_112432843	413	89	56	0	0	193	405
SRR9852202_k141_1081007_1_326959792	331	129	51	0	0	282	284
ERR1725945_k141_448681_1_174332408	75	49	52	0	1	112	342
SRR22752041_k141_500993_2_282098552	69	49	33	0	0	81	65
SRR18749965_k141_508385_5_110212713	197	144	87	0	4	437	390
SRR21705853_k141_16122_3_588675233	144	49	31	0	5	223	84
SRR19238502_k141_222911_1_121771388	168	226	24	0	1	83	80
SRR2107218_k141_224914_2_24751655	333	89	45	0	1	281	337
ERR9855088_k141_854938_2_52175924	113	79	67	0	1	146	449
SRR10598223_k119_52017_1_66489748	199	251	78	0	12	104	173
ERR5954430_k141_982753_4_266615647	191	143	40	0	0	423	378
SRR14932483_k141_796007_8_451155145	167	54	28	0	1	122	72
SRR6797136_k119_62171_1_2685062	101	154	38	0	24	83	110
SRR6797133_k119_46035_69_2740666	19	108	40	0	0	126	100
SRR22372573_k141_128231_1_226458274	82	136	51	0	23	94	192
ERR11269305_k141_940631_5_202907111	271	149	88	0	0	231	199
SRR9260996_k141_398966_2_222587878	266	109	40	0	6	310	161
SRR14751592_k141_253779_1_455156679	323	102	23	0	2	88	329
SRR25018389_k141_494905_1_621196593	13	68	57	0	10	136	75
ERR4678605_k141_331053_1_69695116	7	44	43	0	3	84	210
SRR8351382_k141_1110584_3_203894422	140	111	38	0	6	370	297
SRR7369909_k141_328425_1_39147902	12	44	43	0	5	100	79
SRR22372551_k141_125514_2_188571596	202	241	23	0	14	152	288
SRR14560406_k141_493170_3_411536679	166	45	27	0	0	198	388
SRR22752045_k141_1003751_1_289831187	94	47	32	0	0	219	80
SRR22372589_k119_21226_1_187488283	35	66	71	0	11	158	204
SRR25018388_k141_102760_1_593530226	122	54	45	0	10	130	105
SRR14560426_k141_281009_5_421480591	336	167	100	0	5	522	463
ERR3281031_k141_194684_1_9008013	30	50	28	0	4	86	105
SRR22105547_k141_204927_1_159005900	409	74	128	0	12	137	98
SRR13608728_k141_21333_6_362170928	169	76	43	0	0	245	252
SRR13608700_k141_1192963_1_385979614	130	75	52	0	1	127	432
SRR13608700_k141_1620228_2_386035460	412	119	70	0	2	361	377
SRR13727538_k141_433027_7_134256606	167	68	53	0	0	166	465
ERR1725982_k141_78863_1_186822001	107	54	51	0	1	118	400
SRR9038830_k141_736088_4_219762380	420	72	44	0	2	244	316
SRR18331973_k141_119531_1_145248785	365	139	78	0	1	262	503
SRR21427517_k141_1177_4_171824874	200	228	54	0	73	274	126
ERR4869722_k141_612042_1_76346484	402	244	150	0	7	541	488
ERR4869786_k141_160922_18_491197208	111	79	34	0	5	328	304
SRR19238505_k141_807134_23_125028322	20	61	58	0	10	171	145
ERR4678614_k141_735503_1_85392033	489	216	117	0	4	300	468
SRR12404949_k141_513883_3_126943993	21	98	70	0	9	201	155
SRR14932514_k141_183103_1_488861232	205	66	62	0	1	156	449
ERR12084963_k141_1144483_2_37595952	167	111	61	0	2	354	375
ERR1725969_k141_245434_3_181304506	191	59	79	0	1	179	448
ERR1713406_k141_279717_1_165006272	464	221	125	0	23	572	492
ERR5954477_k141_188404_1_242698459	288	142	52	0	21	492	414
ERR4678576_k141_1575076_1_39370905	82	111	41	0	7	351	286
ERR4678648_k141_1093875_1_121505432	102	53	30	0	1	138	431
SRR11674010_k141_328555_1_135113143	265	156	97	0	4	439	433
SRR14932535_k141_1135206_2_535130525	388	126	62	0	4	445	362
SRR14932665_k141_735078_1_754245699	213	81	27	0	2	113	124
SRR14492168_k141_648613_12_369028888	414	112	30	0	1	183	121
SRR9261034_k141_139835_2_241299523	288	45	24	0	0	96	380
SRR12404948_k141_742825_2_46143894	94	91	33	0	1	88	117
SRR14751592_k141_284982_3_454403104	32	48	40	0	3	117	161
SRR2107182_k141_291417_4_19399746	297	53	28	0	18	197	148
SRR9261007_k141_261856_3_228232011	319	66	33	0	204	233	166
ERR4678621_k141_351752_2_95571918	16	57	61	0	10	111	210
ERR4222570_k141_1074801_1_53278045	316	168	52	0	5	221	171
ERR11269306_k141_548226_1_205228922	212	83	28	0	0	88	68
SRR19238512_k141_364586_1_134292574	233	69	31	0	2	258	95
ERR9903366_k141_103025_13_250920882	8	70	42	0	3	127	81
ERR1713385_k141_135410_3_139895653	133	62	63	0	0	129	408
SRR14932541_k141_556386_1_543330943	265	196	38	0	6	257	114
ERR3281033_k141_143434_2_21962208	6	68	59	0	9	115	210
SRR15237818_k141_509971_1_249502340	132	68	33	0	1	121	86
SRR18749955_k141_383731_12_108336410	5	61	42	0	7	133	99
SRR10761722_k141_2321917_1_119253110	145	82	67	0	3	168	470
SRR6439740_k141_294835_2_3495815	133	123	57	0	15	150	331
SRR11088473_k141_1695214_2_402177034	350	44	42	0	1	135	215
SRR6747726_k141_568577_17_76520603	383	61	27	0	0	210	250
SRR7369918_k141_245432_3_16344174	21	141	30	0	3	492	68
SRR24226015_k141_41370_22_197452355	316	129	55	0	13	90	303
SRR11783213_k141_421418_2_436292245	109	61	24	0	0	159	77
SRR21705952_k141_305917_3_153110805	198	45	43	0	30	133	75
ERR12084966_k141_107045_8_41547638	40	125	30	0	3	333	112
SRR14932640_k141_714920_1_703686399	269	46	40	0	1	82	77
SRR1763384_k119_159522_1_14165737	208	57	41	0	1	215	410
SRR21203057_k141_8615_1_166280882	44	95	85	0	16	182	306
SRR10132619_k141_474070_1_281453049	310	64	51	0	2	141	413
ERR4678565_k141_856730_2_159020535	189	54	62	0	1	154	434
ERR5954369_k141_281036_1_169880233	399	111	38	0	47	388	105
SRR15237805_k141_601237_1_222651747	5	53	37	0	5	92	174
SRR14932530_k141_232678_10_522922990	419	103	25	0	0	82	86
ERR1414215_k119_63148_1_4585069	110	193	47	0	6	95	107
ERR1713359_k141_795486_2_187255569	31	71	67	0	14	154	285
SRR14932613_k141_50803_1_656696232	169	54	68	0	1	181	438
SRR21203046_k141_94075_955_179037847	331	86	37	0	0	245	138
SRR7369917_k141_885612_3_14867842	205	164	72	0	12	457	329
SRR6800322_k141_202359_1_189814527	476	242	134	0	3	533	482
SRR8797414_k141_23389_2_62824531	23	91	71	0	14	208	150
ERR3761240_k141_929354_2_47267383	261	188	77	0	6	497	327
SRR9852218_k141_1425212_3_167149512	416	74	54	0	2	186	444
ERR4678639_k141_818686_1_141731207	42	61	66	0	18	153	270
ERR1713376_k141_337487_2_130407697	534	277	154	0	141	595	488
SRR18749955_k141_235696_12_107858268	8	84	67	0	9	182	110
SRR14932625_k141_623166_2_676394560	108	60	33	0	33	329	284
SRR11088390_k141_2075027_1_24193958	59	81	27	0	0	187	207
SRR19238498_k141_454692_6_117483203	11	83	60	0	6	172	129
SRR11088394_k141_689365_8_370463823	287	108	33	0	2	356	438
ERR4678608_k141_864009_2_76471889	4	47	37	0	3	86	174
ERR11269310_k141_1918900_2_209880084	4	47	33	0	7	81	136
SRR14932515_k141_1029016_2_491758323	480	82	41	0	0	107	131
ERR3281039_k141_75091_5_12403643	137	81	51	0	0	276	62
SRR18331972_k141_34017_3_145166998	293	149	92	0	1	310	443
ERR1713364_k141_72917_1_118739273	103	60	57	0	1	134	440
ERR4678630_k141_575398_2_107330235	121	64	55	0	1	147	438
ERR4678677_k141_1534476_1_195231393	122	72	30	0	1	231	384
SRR7369917_k141_510476_2_15550782	237	56	37	0	0	103	156
SRR11088437_k141_614302_2_114343202	158	107	61	0	0	240	177
ERR4678653_k141_514006_2_270305061	415	204	51	0	16	102	244
SRR9261033_k141_287270_1_240621814	391	146	24	0	2	310	85
SRR15669517_k141_273968_5_136222587	106	58	57	0	0	126	422
SRR3098779_k141_146679_16_52735615	420	140	94	0	1	440	466
ERR4678560_k141_289317_6_151330005	214	58	31	0	3	202	215
SRR13727518_k141_381082_1_117474593	144	122	64	0	1	341	104
SRR15669519_k141_245262_169_138061284	146	112	24	0	2	135	70
SRR9852177_k141_974707_2_277796437	339	194	55	0	2	151	74
SRR8224501_k141_562612_10_24955589	138	47	32	0	0	108	99
SRR9030454_k119_406915_4_230669667	42	57	45	0	6	108	261
SRR14560426_k141_39092_1_421765972	204	51	41	0	4	79	324
SRR8831201_k141_1926247_2_214104164	411	93	26	0	0	168	70
SRR11088434_k141_3286112_1_383878730	274	44	65	0	1	79	171
SRR9852183_k141_826558_1_289725164	454	175	47	0	12	446	126
ERR4678628_k141_347983_1_35338798	12	50	51	0	8	99	188
SRR11088370_k141_1405270_1_359209852	376	139	61	0	1	116	392
SRR21203042_k141_11282_60_178292281	125	55	31	0	1	117	178
ERR11269299_k141_839313_2_23187420	5	45	39	0	2	83	200
ERR5954369_k141_344456_1_170212170	59	59	31	0	0	151	119
SRR12964611_k141_267960_2_112354971	352	123	63	0	3	371	406
ERR4678602_k141_616755_1_66545412	9	56	40	0	0	126	100
SRR14932634_k141_670982_1_691808199	313	70	44	0	116	110	95
SRR21203054_k141_8894_1_166033742	232	226	49	0	3	82	171
SRR24226002_k141_24751_44_211542946	215	258	59	0	17	258	155
SRR2107177_k141_283122_1_17805738	162	95	53	0	1	321	287
SRR14932513_k141_649120_1_487574167	373	98	41	0	2	147	226
SRR2938322_k141_41360_1_20993836	281	68	59	0	61	275	525
ERR11181235_k141_21163_2_16117883	17	89	28	0	1	133	81
ERR3281036_k141_378940_6_11060977	194	82	49	0	2	287	295
SRR15669517_k141_279838_2_136432956	98	48	35	0	0	133	430
ERR11181245_k141_145198_2_4254948	113	51	34	0	1	123	291
SRR26726066_k141_79179_2_160485974	98	148	40	0	12	102	157
ERR4678666_k141_974047_1_166122191	134	58	69	0	0	106	397
SRR14932617_k141_258066_20_663333989	21	69	49	0	1	96	144
SRR13608701_k141_1435744_2_348845640	231	209	30	0	11	309	111
ERR4678580_k141_22550_1_45928313	5	49	43	0	1	79	178
ERR4678634_k141_1219706_1_113111267	4	48	30	0	3	87	134
SRR14751605_k141_1167667_1_462805198	212	99	47	0	0	338	301
SRR12354809_k141_333875_1_235422596	91	54	46	0	0	134	397
SRR22752047_k141_554993_1_294466137	104	70	31	0	0	302	381
SRR6747800_k141_357271_2_176250516	374	151	53	0	30	386	303
SRR19786844_k141_253393_1_563895874	122	97	100	0	3	306	153
SRR4833056_k141_611132_2_7028115	190	104	57	0	1	418	284
ERR4678560_k141_1704834_1_150746285	245	84	41	0	1	334	321
ERR4869833_k141_20594_2_161231766	117	113	42	0	3	453	415
SRR14932619_k141_784055_1_665749600	73	67	30	0	1	105	342
SRR7369914_k141_567922_1_11067200	16	102	51	0	10	168	112
ERR1713337_k141_299552_1_89617800	391	124	67	0	3	352	478
SRR14751629_k141_129874_3_524479337	59	101	90	0	11	208	324
ERR4678589_k141_11278_2_21223549	7	62	48	0	4	104	237
ERR11269308_k141_433007_3_208571654	42	54	55	0	0	98	294
SRR14932615_k141_726143_1_660977615	89	56	24	0	1	262	250
SRR13608702_k141_890736_1_350919107	40	48	27	0	0	194	213
DRR125127_k141_218030_3_27821054	182	94	48	0	2	308	125
SRR14560446_k141_389815_11_432823493	14	55	43	0	3	103	197
ERR1713369_k141_1026329_1_124565961	28	101	84	0	12	194	320
SRR14560463_k141_265899_1_443695485	241	87	37	0	81	287	191
SRR12964614_k141_144454_2_116043804	129	59	77	0	7	93	267
SRR20681263_k141_695098_18_164109211	40	83	80	0	15	160	257
SRR19238499_k141_459207_1_118624461	26	102	27	0	2	439	265
SRR15085121_k141_188481_2_54107484	126	148	60	0	138	211	66
SRR18749947_k141_453429_3_99388017	219	76	23	0	1	215	85
SRR10132632_k141_225054_2_289576315	47	143	38	0	0	329	63
SRR8351385_k141_1203809_2_208888456	96	55	52	0	9	80	213
SRR18749953_k141_253987_29_105854580	11	47	27	0	6	95	93
SRR11088392_k141_2062642_1_10011086	27	89	87	0	11	178	289
SRR19786829_k141_67342_1_581909514	15	76	63	0	13	193	172
ERR1713406_k141_337136_3_165462142	62	97	65	0	2	402	121
SRR11088483_k141_198339_1_407745236	21	49	35	0	1	117	61
SRR14143317_k141_52376_15_49359172	65	73	28	0	0	84	365
SRR26726064_k141_199159_1_159058626	207	70	70	0	1	176	438
SRR6337690_k141_687247_1_505388632	32	50	58	0	12	140	178
SRR14932665_k141_2347557_1_755292491	385	106	55	0	6	409	424
SRR14751605_k141_814101_1_462997939	219	121	43	0	0	271	136
SRR11783213_k141_261897_1_436206547	344	77	54	0	3	284	424
SRR14932638_k141_835_2_698883595	265	100	43	0	2	303	221
ERR3281027_k141_415049_1_5595292	25	60	67	0	14	115	139
SRR14932499_k141_99831_18_478385271	380	85	44	0	0	181	150
ERR11269309_k141_461814_1_209020848	56	101	99	0	51	204	325
ERR11269310_k141_1995617_1_209639199	421	186	140	0	5	457	464
SRR14932535_k141_1609682_1_534322239	451	265	100	0	586	426	222
SRR14932678_k141_175387_1_778898304	323	46	49	0	1	149	230
SRR14932621_k141_1471365_1_669436966	259	70	42	0	42	202	110
SRR6797132_k119_153380_2_22751080	20	61	54	0	5	112	155
ERR4678562_k141_928065_2_154603753	169	64	40	0	2	132	440
SRR18331976_k141_53813_7_145922861	112	44	34	0	1	151	382
SRR3098775_k141_402448_15_98602841	177	132	41	0	5	470	177
ERR1713349_k141_1363830_1_102557436	148	58	37	0	2	168	292
ERR11269306_k141_22591_13_204019476	135	70	23	0	1	163	220
ERR11269306_k141_1235440_4_204121474	275	101	54	0	2	373	419
ERR3281039_k141_49791_2_12338937	92	65	56	0	0	119	421
SRR11088370_k141_2140113_2_360053064	72	63	45	0	1	206	294
SRR8351385_k141_2124749_27_210353323	269	206	34	0	3	229	268
SRR13171215_k141_110989_1_46553406	230	96	89	0	0	275	198
SRR6986825_k141_83844_2_34261933	353	178	72	0	5	445	429
ERR1713331_k141_65764_5_84326730	64	46	42	0	24	194	439
SRR13608701_k141_420722_10_347673202	440	100	45	0	16	161	366
ERR1725942_k141_323472_3_173171833	215	228	35	0	5	81	301
SRR14932646_k141_55897_11_715887188	450	163	97	0	8	454	387
SRR6986819_k119_151023_2_32288849	47	49	23	0	1	126	80
SRR11088457_k141_1623754_1_15529185	23	70	74	0	2	142	198
SRR13608737_k141_2390696_1_366867169	466	174	78	0	3	373	218
SRR22752043_k141_225098_1_286385197	13	46	54	0	0	102	114
ERR472738_k141_183307_1_62958626	144	83	27	0	1	322	231
SRR22372584_k141_183009_1_184643000	54	45	43	0	0	93	253
SRR7369919_k141_510613_1_223954846	108	98	29	0	1	369	369
SRR14492168_k141_791246_4_369493953	245	187	61	0	29	324	182
SRR15669518_k141_430464_1_137268306	193	99	62	0	0	309	344
SRR14751603_k141_1036691_2_460040641	74	44	27	0	0	90	349
SRR14751603_k141_797813_2_458505958	7	48	46	0	7	92	100
SRR13225459_k141_47992_1_346123302	38	120	80	0	17	256	222
ERR2592335_k141_6937_2_4617793	64	46	52	0	0	102	367
ERR4869845_k141_632514_4_166578751	53	44	24	0	11	261	249
ERR5954465_k141_1024221_1_237732094	28	64	36	0	1	113	108
SRR19238506_k141_632912_18_125733826	194	91	37	0	12	141	99
SRR26502661_k141_1105848_1_204880318	38	55	32	0	19	87	69
SRR10132637_k141_74042_1_290495822	300	150	107	0	2	376	468
SRR14932610_k141_78919_1_649238632	77	83	24	0	13	91	60
ERR11181244_k141_152302_3_3689746	49	58	81	0	0	179	77
ERR4869746_k141_445734_3_94525162	181	112	43	0	0	304	198
SRR14751603_k141_1107250_1_458617769	72	77	31	0	2	242	141
SRR12404961_k141_2536431_1_11723411	10	53	45	0	5	106	175
SRR14932480_k141_81593_1_447835715	38	51	24	0	1	201	62
SRR14932548_k141_1113594_1_557944962	163	218	96	0	0	208	104
ERR1713373_k141_95809_2_128787878	143	95	61	0	3	275	415
ERR4678602_k141_566664_7_66207036	171	90	31	0	49	337	290
SRR8831203_k141_907061_1_215208469	512	110	62	0	6	107	380
ERR1713395_k141_604177_1_152129824	16	52	62	0	11	134	157
SRR2107218_k141_166119_2_24763971	378	154	68	0	38	145	254
ERR11269306_k141_1918861_1_205199035	9	52	52	0	7	102	218
SRR1144841_k119_482043_2_661632	106	51	51	0	0	87	362
ERR5954382_k141_334005_1_181203132	440	142	52	0	12	159	355
SRR22752043_k141_101181_1_285153179	132	59	57	0	1	146	448
SRR13706099_k141_242043_1_241997509	64	53	36	0	0	97	344
SRR14751629_k141_352514_6_525228674	235	204	67	0	32	351	162
SRR18331985_k141_101226_1_173352990	181	118	39	0	30	392	292
SRR10132660_k141_210561_1_292341456	313	72	43	0	6	138	182
SRR7369919_k141_1114152_2_224414066	201	90	34	0	0	258	352
ERR5954374_k141_743016_1_261293719	177	129	33	0	4	426	340
SRR15085116_k141_409323_4_51282469	18	52	42	0	2	115	195
SRR18749957_k141_569090_1_161097880	445	227	112	0	7	569	486
SRR13608701_k141_1780719_4_349473265	439	264	159	0	15	567	487
ERR3858111_k141_138691_1_15007011	94	48	46	0	37	230	477
SRR10598224_k119_251836_1_66880891	96	45	49	0	11	145	244
ERR4678655_k141_476141_1_130829460	103	53	26	0	0	88	328
SRR8797414_k141_14341_2_62852940	12	86	52	0	1	141	73
ERR9855086_k141_16795_1_42989784	162	74	38	0	1	236	431
SRR18749959_k141_523543_26_91518941	122	167	41	0	6	230	113
SRR13107671_k141_584919_1_381132895	227	68	25	0	0	80	192
ERR4869782_k141_1057555_2_114767895	178	147	54	0	2	448	353
ERR11269308_k141_138464_1_207546123	141	99	57	0	0	299	426
SRR7369921_k141_240097_1_19705877	23	76	63	0	10	156	239
SRR14751603_k141_100395_1_459464651	22	49	45	0	1	96	115
ERR4678608_k141_31036_1_76361265	100	60	25	0	0	252	396
SRR13706189_k141_543516_59_242329789	305	160	45	0	45	127	88
SRR15669520_k141_93721_10_139621363	459	118	86	0	3	249	362
SRR6337696_k141_306279_2_508559918	79	78	59	0	21	174	345
SRR18749953_k141_532073_13_105890198	273	63	36	0	0	162	72
SRR1702233_k141_119398_2_13290300	225	199	48	0	24	265	133
SRR11088483_k141_2294521_1_405000926	143	70	23	0	0	223	76
ERR4869722_k141_291901_1_76888360	318	170	88	0	4	469	428
SRR19786828_k141_154890_2_551611394	300	63	47	0	0	145	221
ERR4678589_k141_855340_1_21266717	10	49	38	0	4	99	208
SRR14932667_k141_839094_8_761241399	11	204	59	0	44	129	71
SRR14560448_k141_641072_1_433732203	9	86	74	0	16	222	139
ERR3761226_k141_1573761_4_101831446	173	109	52	0	2	389	228
SRR8797411_k141_417175_6_59210447	95	76	49	0	1	138	94
SRR4754862_k141_39138_1_118465647	176	140	47	0	2	440	335
ERR3281033_k141_356262_1_22204905	186	46	25	0	0	176	106
SRR16108668_k141_226639_26_494180036	7	44	50	0	12	135	114
ERR4678587_k141_75177_1_18124557	478	165	91	0	6	210	337
ERR4678648_k141_415419_1_121258192	31	53	35	0	0	92	283
SRR19238506_k141_645039_9_126129093	163	141	41	0	0	179	84
SRR10761724_k141_1671751_2_48714517	5	46	36	0	4	83	194
ERR2592282_k141_330426_4_46509543	395	81	48	0	2	239	390
ERR1713352_k141_1525385_2_106275798	254	49	51	0	0	156	385
ERR4869824_k141_478645_2_258022749	217	75	28	0	1	180	111
ERR1713400_k141_350094_1_159203640	78	45	40	0	0	88	360
SRR22184777_k141_683287_2_609261526	6	50	31	0	4	105	86
ERR1725974_k141_172726_1_184150846	237	49	49	0	51	246	524
SRR7369913_k141_501306_11_10312093	22	104	45	0	1	255	77
SRR14751629_k141_103512_1_525505326	280	99	24	0	21	377	489
ERR2592283_k141_418488_1_61799624	389	113	60	0	33	272	327
SRR22372583_k141_430773_1_219686506	66	52	39	0	0	105	137
ERR9903369_k141_274701_9_272422518	261	103	26	0	16	152	65
ERR2592247_k141_374306_3_23305885	48	44	42	0	0	80	291
SRR6747751_k141_365624_1_100977581	311	61	42	0	2	156	76
SRR7369924_k141_847204_2_25161459	18	53	58	0	4	109	113
SRR5877433_k119_814133_1_60316624	117	123	63	0	48	91	71
SRR8648013_k141_1341958_1_19174115	295	71	35	0	2	260	281
ERR9855093_k141_775797_2_27841419	489	256	152	0	20	569	521
SRR26726064_k141_258936_1_158593636	12	58	61	0	3	122	234
SRR26726064_k141_304733_2_158738930	42	94	95	0	11	188	279
SRR9852194_k141_461303_1_305079699	249	161	41	0	4	196	123
ERR1713406_k141_547310_3_165047128	92	73	34	0	0	249	383
ERR11269310_k141_1340783_1_210562476	27	75	63	0	6	135	230
ERR4869816_k141_742967_2_254344881	47	49	41	0	3	108	138
SRR14751601_k141_910147_2_488562507	168	60	26	0	2	190	272
ERR1713358_k141_213305_5_113639977	294	73	28	0	0	97	320
SRR1145849_k119_163798_2_10431743	279	118	67	0	1	385	438
ERR4222568_k141_840347_1_48769052	232	156	63	0	1	366	229
ERR4869825_k141_1275071_2_154020146	13	53	28	0	3	108	99
SRR14751607_k141_2158326_2_469100509	225	153	33	0	2	423	369
ERR11269310_k141_1032055_2_211460736	69	59	28	0	0	115	211
SRR13171216_k141_370617_1_47224523	198	57	33	0	3	220	153
SRR17063165_k141_1005313_1_89303691	169	222	37	0	22	503	102
SRR22372594_k141_191121_1_210563353	59	309	45	0	27	135	154
SRR1787940_k141_505999_1_143546113	89	45	34	0	2	100	88
SRR1787940_k141_12100_33_143684110	100	56	23	0	1	235	176
ERR4678678_k141_529465_1_197813990	407	46	93	0	7	120	249
SRR15237813_k141_762418_3_246839387	517	47	66	0	14	145	489
SRR11088477_k141_28758_1_66718603	66	113	24	0	3	433	188
ERR3281041_k141_75677_11_13203437	75	122	69	0	19	122	61
SRR11088398_k141_1056931_2_104958082	496	279	161	0	29	612	497
SRR2062623_k119_266084_1_14831422	479	72	37	0	0	84	112
SRR26726064_k141_98166_4_159006346	27	72	61	0	7	136	283
SRR21203050_k141_1858_1_163127228	22	92	92	0	22	184	276
SRR21427515_k141_183834_2_47581916	55	48	92	0	1	205	111
SRR6797133_k119_150237_28_2911297	5	94	47	0	0	108	85
ERR2592283_k141_1337066_1_60806032	25	102	95	0	78	217	289
SRR11088429_k141_485213_1_53776960	382	211	69	0	9	536	379
ERR4678595_k141_718422_2_59424798	394	71	54	0	3	86	430
SRR14932554_k141_922881_1_567005488	298	48	24	0	0	232	246
SRR18749960_k141_160399_2_92292746	135	116	36	0	3	382	314
SRR10598218_k119_292673_4_51751103	13	53	55	0	1	113	130
SRR14751609_k141_1146593_17_489929898	280	69	33	0	27	258	115
ERR4678650_k141_918757_2_126221805	91	47	49	0	32	213	473
SRR8351384_k141_274265_144_206188745	192	70	30	0	5	250	167
ERR4678603_k141_835429_2_67739874	328	125	57	0	0	326	356
ERR4678592_k141_40620_1_56027866	381	160	99	0	3	403	501
SRR6747780_k141_348049_1_128798152	458	161	76	0	170	447	252
SRR13727520_k141_100831_1_119330510	456	122	60	0	89	415	243
SRR14492168_k141_243690_8_369894384	405	176	104	0	1	323	244
SRR12396704_k141_33984_3_236814620	93	55	44	0	0	81	205
SRR13735271_k141_183327_1_220432571	116	52	66	0	1	108	426
ERR1726009_k141_62848_1_73259974	28	67	65	0	7	142	276
SRR15237807_k141_218391_2_225499903	321	143	106	0	3	306	480
SRR7369922_k141_627467_2_22020225	85	92	27	0	1	152	220
SRR14560417_k141_630473_3_481127221	98	102	55	0	13	463	241
ERR1713331_k141_683341_30_84190127	86	47	57	0	1	146	428
SRR14492190_k141_711690_13_375073530	136	78	39	0	312	336	233
ERR1713381_k141_1330873_1_133943985	348	53	38	0	4	149	480
ERR2592260_k141_255666_1_13472906	65	44	42	0	0	87	337
ERR1726013_k141_452978_2_68643748	155	104	36	0	9	83	312
SRR19786833_k141_439792_1_555584418	112	64	73	0	0	123	409
SRR11088441_k141_65788_1_388133553	291	85	58	0	0	133	212
SRR8648012_k141_83862_1_41837789	220	183	42	0	3	427	205
ERR4678685_k141_433244_2_179444790	267	51	23	0	0	81	298
ERR5954449_k141_173716_3_224335633	119	57	28	0	17	301	197
SRR2107218_k141_161749_1_24613544	155	71	39	0	0	221	119
SRR2107218_k141_221978_2_24658251	270	85	26	0	5	159	114
SRR14560393_k141_115382_1_402115041	182	75	42	0	3	289	282
SRR8745621_k141_8279_94_2095993	124	201	25	0	7	152	111
SRR11088448_k141_139792_16_4150750	83	77	29	0	14	288	292
SRR14932538_k141_456281_2_537158171	157	145	65	0	40	103	206
SRR14932584_k141_418073_1_618834315	66	60	35	0	0	190	189
SRR11088436_k141_497268_1_110153639	146	53	28	0	1	243	263
SRR13608702_k141_1361988_1_351164919	131	133	61	0	30	170	79
SRR21203057_k141_51_1_166269345	31	52	47	0	16	144	266
SRR11235433_k141_1326259_1_413912389	89	78	33	0	6	319	263
SRR14932514_k141_194704_1_489239569	101	70	23	0	5	263	59
SRR14932652_k141_1872895_1_730213544	362	56	61	0	1	115	178
SRR6747807_k141_279184_1_182534319	350	60	44	0	0	243	252
SRR9852194_k141_2524716_1_305852690	310	109	40	0	7	317	124
SRR6797138_k119_28754_1_24780271	332	109	44	0	24	215	160
ERR2105757_k141_40997_4_25080085	358	95	93	0	5	108	417
ERR4869833_k141_164674_10_161115723	53	47	25	0	2	237	273
SRR19786848_k141_436030_5_567337092	101	52	46	0	0	107	415
SRR7369917_k141_1052619_2_15995653	339	65	36	0	0	213	132
SRR21203045_k141_11754_3_178814430	68	47	34	0	0	81	337
ERR4678601_k141_429869_1_65239191	28	46	46	0	6	126	184
ERR9855084_k141_803917_1_83140521	272	89	57	0	1	259	428
ERR4869814_k141_927857_12_139864567	221	103	68	0	140	238	127
SRR14932613_k141_221547_1_656690397	436	314	105	0	26	403	232
SRR22372544_k141_590424_30_215943221	181	101	39	0	1	335	433
SRR9852169_k141_1124285_1_154283780	309	56	33	0	1	127	327
SRR2090166_k141_1258973_30_167257246	242	46	78	0	2	84	110
SRR14932548_k141_244886_1_557342699	345	101	57	0	1	156	180
SRR7369923_k141_228171_2_22638381	86	49	31	0	0	125	100
ERR11269303_k141_15531_4_200554430	16	71	77	0	10	137	232
SRR19786844_k141_81303_1_563493835	25	97	85	0	13	184	300
SRR22752040_k141_383355_5_279437059	201	82	31	0	0	201	137
SRR15237808_k141_161350_1_226661993	472	102	41	0	2	135	438
SRR14932583_k141_545960_1_617415802	274	198	47	0	420	310	88
SRR15237812_k141_54112_2_246517376	135	97	48	0	1	288	319
SRR14143308_k141_128223_2_73201342	358	94	23	0	1	215	85
SRR14751620_k141_151558_2_516902532	48	57	54	0	1	135	94
ERR4678589_k141_348106_17_21440614	23	52	42	0	5	117	242
SRR22752041_k141_1479468_1_280483624	120	202	88	0	0	189	62
SRR20681262_k141_172187_16_170516743	4	48	50	0	14	119	170
SRR14560448_k141_660667_1_433368837	209	146	91	0	6	484	466
SRR21802938_k141_1576935_1_171224136	334	237	64	0	43	113	266
SRR12113394_k141_251083_9_56124550	285	58	39	0	1	135	86
SRR26726069_k141_103315_2_161125482	67	46	43	0	0	116	81
ERR2105754_k141_531745_26_4365985	257	136	69	0	187	239	82
ERR3761227_k141_1900472_1_106075964	8	135	42	0	1	312	96
SRR6747751_k141_356002_1_101377181	143	58	30	0	1	105	111
SRR14560472_k141_194896_1_485283105	122	57	24	0	0	218	83
SRR6337698_k141_378300_1_510476744	390	142	75	0	32	364	228
ERR4869758_k141_230901_2_102686017	98	69	29	0	1	330	237
ERR4678579_k141_837414_4_44810666	172	88	29	0	0	227	374
ERR4678604_k141_670703_4_69416221	112	50	54	0	1	127	441
SRR10598218_k119_61643_1_51940435	19	47	61	0	15	133	222
ERR11269309_k141_466273_2_209151377	14	55	49	0	4	120	251
SRR9852166_k141_405011_1_256089499	126	70	25	0	21	123	83
SRR19786822_k141_419154_1_581322321	88	44	26	0	3	245	251
SRR2107133_k141_9472_7_15414810	386	76	76	0	3	103	424
SRR18749950_k141_278502_3_103040120	100	83	34	0	1	215	96
SRR22372576_k141_76011_2_227261972	266	169	52	0	50	109	80
SRR13225453_k141_266467_41_341647461	252	109	104	0	1	325	465
SRR8512238_k141_112368_35_64577089	184	135	34	0	7	132	63
SRR10598216_k119_473410_239_50878716	87	61	53	0	2	118	416
SRR8648013_k141_770664_2_19185118	287	89	32	0	8	283	265
SRR8745617_k141_105800_2_19875	124	113	69	0	1	214	131
SRR8745617_k141_48148_24_41002	342	203	67	0	208	296	236
SRR9852184_k141_1530590_1_291718907	336	64	65	0	0	101	75
ERR4678617_k141_1174102_1_89977938	179	86	80	0	2	174	459
SRR14932639_k141_485106_5_701052945	410	47	35	0	1	142	264
SRR18749946_k141_69342_1_98547600	13	65	52	0	12	154	102
SRR24226005_k141_592707_1_212765354	222	48	24	0	1	99	165
SRR8351385_k141_1300919_2_208908068	127	74	42	0	0	262	289
ERR3281027_k141_672832_1_5738334	60	112	42	0	1	199	268
ERR12084966_k141_296766_16_42682250	5	76	24	0	1	134	69
ERR4678585_k141_1468085_1_14182570	223	81	61	0	3	326	401
SRR9261000_k141_316984_1_224679785	499	93	53	0	9	89	370
ERR4678578_k141_315223_1_42110718	373	47	53	0	11	151	444
SRR3098759_k141_50562_1_81933986	8	96	37	0	4	260	82
SRR11088380_k141_861956_1_365573479	35	70	77	0	11	148	178
SRR13107692_k141_84852_1_334808465	187	96	102	0	78	273	336
SRR9261002_k141_452328_1_225675621	172	86	24	0	33	137	60
SRR8517163_k141_380733_3_32986757	200	80	62	0	1	228	113
SRR13107691_k141_666042_2_333954364	323	211	70	0	40	259	205
SRR22752010_k141_84764_3_251211459	155	54	27	0	1	169	67
SRR22105531_k141_683356_10_137653851	48	93	76	0	11	190	136
SRR14932624_k141_621701_3_674914254	240	131	56	0	1	454	329
SRR15085117_k141_174145_19_29272532	162	157	25	0	4	241	88
SRR21427516_k141_52685_1_47961882	358	144	77	0	11	429	303
SRR12404961_k141_689004_1_10477625	25	80	82	0	7	153	235
ERR2592252_k141_547913_2_27065984	208	45	53	0	1	255	256
SRR10132616_k141_198132_1_376753726	17	56	50	0	1	143	110
ERR4678677_k141_836006_2_194666265	175	60	38	0	0	109	311
SRR6439731_k141_30674_2_200791795	42	72	26	0	4	278	253
SRR12964611_k141_244122_33_112302009	153	82	49	0	0	239	118
SRR24226013_k141_46403_1_220642848	54	165	46	0	5	117	110
ERR1713406_k141_682728_1_165159827	168	122	93	0	2	256	445
ERR3761227_k141_2040446_3_107539370	152	45	51	0	2	138	72
SRR9261047_k141_301854_2_248226931	279	48	44	0	0	113	193
SRR18331983_k141_11787_1_179724201	221	134	61	0	3	413	393
SRR18331986_k141_127104_10_173709771	114	109	45	0	2	270	109
ERR2592273_k141_441732_9_38432006	171	49	26	0	1	219	313
SRR6797138_k119_139739_19_24622881	27	67	66	0	15	153	273
ERR1726004_k141_52712_3_16431405	111	46	53	0	0	122	457
SRR13107670_k141_331512_6_316348745	340	64	44	0	20	294	229
SRR3501887_k141_477679_1_54040049	192	107	34	0	86	394	260
SRR13225447_k141_601486_4_383681689	338	72	64	0	1	169	474
SRR14751588_k141_854699_1_452955551	128	86	30	0	0	289	330
ERR9855098_k141_199828_2_30481373	52	45	38	0	0	181	250
SRR11088423_k141_328634_1_377522748	35	64	53	0	4	133	182
ERR4869760_k141_179858_1_103205220	153	150	34	0	14	276	83
SRR2107182_k141_290718_11_19372744	455	112	29	0	0	88	117
ERR4678569_k141_719044_6_5099598	361	113	55	0	5	394	452
ERR4678569_k141_637456_2_5378391	6	51	36	0	3	92	206
SRR8797412_k141_599_7_59937238	31	69	72	0	10	180	262
SRR3098776_k141_363589_1_53318670	130	153	35	0	6	264	108
SRR14932554_k141_1328228_1_567778264	272	83	85	0	2	197	436
SRR1796118_k141_108797_15_2779083	73	49	29	0	0	215	369
ERR3281032_k141_116262_1_9424937	111	151	64	0	7	157	61
SRR14751605_k141_564851_1_463568843	47	57	59	0	9	159	228
ERR4678654_k141_617492_1_129467026	393	129	76	0	1	286	475
SRR13727531_k141_446417_2_128798656	94	62	31	0	0	167	82
SRR25018388_k141_39325_1_592819438	39	136	38	0	2	304	74
SRR6747730_k141_674117_1_80684120	206	206	31	0	7	288	93
SRR22372528_k141_21010_64_204146422	192	134	24	0	0	139	71
SRR22372528_k141_36297_2_204175058	270	222	47	0	4	96	211
SRR7369916_k141_643263_2_13632401	172	58	37	0	4	163	183
SRR13608728_k141_1000827_2_363419273	96	46	40	0	0	115	406
ERR4678603_k141_294558_2_68216772	353	127	85	0	3	322	470
ERR4678651_k141_346318_1_128089151	14	58	38	0	4	103	203
SRR15237805_k141_495304_1_222966207	245	155	49	0	71	150	84
SRR11674017_k141_393757_3_137578060	402	334	108	0	62	434	266
SRR14554392_k141_385207_2_477275623	341	60	66	0	2	159	236
ERR1713357_k141_391422_8_112370078	171	80	27	0	6	359	300
ERR4678601_k141_494218_2_65108606	54	46	24	0	6	245	288
SRR22752036_k141_173509_13_266214713	139	52	40	0	0	151	458
SRR14932498_k141_200031_1_477130841	105	52	26	0	1	99	94
SRR14560403_k141_126275_1_410368080	152	59	26	0	1	190	74
SRR14932612_k141_987122_5_652546709	300	140	99	0	44	131	214
ERR4678582_k141_4962_2_49407916	478	256	60	0	11	255	531
SRR21802947_k141_247916_2_590321115	337	185	103	0	4	460	399
ERR4678669_k141_187684_2_169801856	169	72	75	0	1	176	428
SRR19238493_k141_320156_1_111086276	65	91	47	0	3	277	138
SRR11088457_k141_456491_1_15035006	119	47	31	0	2	133	424
ERR1414231_k119_581091_4_7847296	319	111	23	0	0	79	69
SRR14143317_k141_14999_5_49354311	60	136	86	0	18	308	242
SRR7369924_k141_654922_7_25204680	283	186	103	0	38	296	174
SRR14492169_k141_276695_3_371471444	18	72	57	0	7	113	185
ERR4678671_k141_497239_1_275165269	136	46	27	0	1	136	383
SRR10598221_k119_220256_26_52687569	40	79	80	0	11	185	317
SRR20309467_k141_704152_4_175068579	378	215	129	0	14	476	472
ERR2592255_k141_63427_2_48534463	186	55	77	0	0	123	433
ERR3761241_k141_945293_1_123135961	251	128	50	0	1	286	441
SRR14932534_k141_1397406_1_532316192	210	54	39	0	0	105	365
SRR14932583_k141_592860_1_617593381	356	65	42	0	2	108	425
ERR1713371_k141_40936_1_126701090	418	177	91	0	22	511	453
SRR22752043_k141_231408_2_286549502	92	64	65	0	0	110	365
SRR9852180_k141_979104_1_283017267	326	195	60	0	3	139	65
SRR15669517_k141_70717_4_136071116	83	50	41	0	1	103	401
SRR14932598_k141_1042770_3_646434642	201	53	44	0	1	160	172
SRR10132660_k141_471610_2_292428326	36	93	29	0	20	405	102
SRR14751604_k141_1423732_4_460785077	445	223	137	0	9	571	505
SRR22184783_k141_355816_1_613628901	82	54	51	0	0	149	72
SRR11088481_k141_1005600_3_402753569	146	52	40	0	0	121	389
SRR18331970_k141_55549_4_144728684	45	94	91	0	12	184	295
ERR4678618_k141_1342665_1_91796322	98	45	44	0	0	123	438
SRR8351382_k141_1400409_12_201907424	152	128	28	0	8	169	128
SRR18331977_k141_110451_3_178634827	44	176	77	0	0	182	78
ERR5954409_k141_411059_1_199147247	151	97	42	0	1	237	105
SRR18749950_k141_78850_1_102365291	99	60	29	0	4	108	143
SRR22372517_k141_96904_31_182570794	305	195	57	0	10	104	84
SRR15669518_k141_474702_26_137852932	9	55	55	0	13	141	77
SRR14554404_k141_310647_1_400130231	110	94	24	0	1	337	178
SRR6337694_k141_326837_1_507299790	311	170	74	0	4	514	380
SRR19786829_k141_235369_1_582517758	220	111	88	0	2	256	427
ERR4678649_k141_2135532_1_125138992	437	133	62	0	68	538	274
ERR4869727_k141_413388_2_81562892	119	108	32	0	2	381	223
ERR2592335_k141_112249_3_4628321	95	45	24	0	1	117	427
SRR13727522_k141_186904_10_119701416	352	103	59	0	4	319	264
SRR14455375_k141_678979_2_35921380	115	49	27	0	1	114	311
SRR21203054_k141_5897_1_166002570	97	126	51	0	6	340	366
ERR4869730_k141_53966_1_84090856	65	61	27	0	0	241	65
SRR22372546_k141_317923_17_217228729	147	162	37	0	14	172	141
ERR11269305_k141_929003_1_202550281	250	114	93	0	164	230	332
SRR9852193_k141_44495_4_165923667	167	58	23	0	3	82	135
SRR6747714_k141_249231_1_63610869	460	109	72	0	1	196	262
ERR4678614_k141_996187_1_85714902	178	56	29	0	38	201	160
SRR14932585_k141_214954_1_619979743	215	45	24	0	32	129	267
SRR2103007_k99_69915_1_16732379	229	51	59	0	63	258	522
ERR5954432_k141_741982_1_214345672	59	51	32	0	1	190	226
SRR10598218_k119_73791_2_51799676	39	79	82	0	10	172	282
ERR4222569_k141_1577854_2_50637238	44	46	24	0	5	271	267
SRR14932523_k141_1488268_5_511233967	338	44	45	0	0	140	255
ERR2592279_k141_456468_1_81238155	138	78	24	0	0	134	127
SRR9261030_k141_16099_1_239074261	401	74	59	0	2	123	156
SRR13225453_k141_217457_3_341151724	23	53	34	0	1	113	210
ERR4678694_k141_177275_2_187613152	188	80	69	0	1	167	462
ERR2105753_k141_913027_15_19765527	215	143	48	0	2	481	263
ERR1725990_k141_335460_1_77585861	102	46	31	0	1	143	248
SRR8745617_k141_79091_2_10920	168	119	39	0	1	370	174
ERR1713372_k141_484103_2_127640260	419	96	56	0	4	150	401
SRR14751621_k141_779233_2_519111553	139	108	38	0	13	378	314
ERR3281031_k141_157752_7_9050444	9	66	58	0	8	140	71
ERR9855084_k141_922369_2_83011846	360	125	61	0	134	318	277
ERR1713408_k141_220900_1_168166175	63	50	47	0	0	97	397
ERR11269307_k141_269029_9_206666984	390	72	84	0	8	88	402
SRR7369909_k141_90709_2_38337026	13	44	36	0	0	83	100
SRR22184774_k141_557418_1_607809132	110	73	41	0	0	223	161
SRR14560466_k141_121512_2_445604056	165	52	24	0	1	96	70
SRR11235433_k141_408674_1_413373155	478	115	31	0	4	100	369
SRR14932623_k141_688892_1_673043130	264	129	81	0	7	379	364
SRR12404948_k141_277249_2_46148518	154	189	41	0	16	216	125
SRR21427517_k141_311857_20_172046967	102	266	39	0	21	105	167
ERR4869808_k141_893921_5_135334368	201	123	46	0	0	289	315
SRR8224501_k141_1211664_2_25076780	95	77	30	0	5	307	273
ERR4678579_k141_767775_1_44679801	452	238	110	0	88	586	496
SRR14751620_k141_887309_1_515861556	89	66	32	0	7	344	271
SRR14751620_k141_1178081_1_515922200	52	63	27	0	6	216	125
ERR4869825_k141_275594_1_153432761	29	68	55	0	2	254	66
SRR10132665_k141_483709_2_379437161	17	45	33	0	0	87	127
ERR2592250_k141_41723_5_72077101	445	206	109	0	7	514	504
SRR14751605_k141_469289_8_463425013	204	147	92	0	2	373	477
SRR19786849_k141_55418_2_567887043	14	84	53	0	10	175	148
SRR13727521_k141_110270_1_119475760	69	59	40	0	27	336	215
SRR6747778_k141_452372_9_127117917	6	45	41	0	1	83	210
SRR25018392_k141_155201_6_622726677	165	74	73	0	1	161	306
SRR6797145_k119_56327_3_2087151	31	67	71	0	14	154	193
SRR21705852_k141_423974_1_578934685	128	68	26	0	396	303	219
SRR6986821_k141_84355_7_33148942	13	169	53	0	37	108	59
SRR25018370_k141_201425_1_615369017	26	53	56	0	3	117	162
ERR3281033_k141_77061_1_22043634	34	99	101	0	18	207	336
SRR22372524_k141_186402_1_202007047	181	82	78	0	1	157	454
ERR4678638_k141_1171500_1_140319493	268	85	26	0	16	175	171
SRR6439740_k141_247202_12_3940731	416	98	83	0	3	290	396
ERR12084950_k141_1176894_2_32505671	238	100	66	0	1	329	377
SRR14751601_k141_443589_1_487046886	167	91	65	0	4	292	460
ERR11269295_k141_716984_1_50955454	17	109	76	0	16	238	195
SRR13608700_k141_444471_14_385797576	382	132	39	0	1	154	177
SRR14932530_k141_1274844_1_523739967	329	187	53	0	1	126	67
ERR4678633_k141_557032_1_110382764	372	128	54	0	2	103	383
SRR8351385_k141_589367_1_207862679	51	51	24	0	1	189	211
SRR14932617_k141_670955_2_663790114	89	73	32	0	1	249	114
ERR1713363_k141_76903_2_118431412	36	67	74	0	7	164	269
SRR10761724_k141_2003211_4_48672531	9	52	38	0	4	99	240
ERR11269306_k141_658241_3_203757764	110	82	24	0	0	213	77
SRR6439740_k141_263597_1_3961425	13	55	32	0	12	101	72
SRR22372582_k141_303321_15_230052962	317	74	40	0	104	231	142
ERR1713371_k141_186277_2_126479984	7	50	39	0	4	79	196
ERR2592248_k141_107525_1_65355464	132	57	49	0	2	149	446
SRR19238508_k141_226931_1_128731714	17	70	37	0	3	112	88
SRR9261013_k141_141829_1_231136038	208	62	42	0	13	171	205
SRR25115611_k119_14003_1_158083104	14	61	55	0	7	128	264
SRR13107660_k141_274558_1_380734931	13	57	58	0	6	100	174
ERR1726005_k141_713097_1_17162085	417	212	116	0	6	526	498
SRR10132618_k141_517494_2_280140035	83	62	37	0	1	303	96
SRR3501862_k141_786815_1_47276121	338	72	58	0	2	202	417
SRR24226010_k141_50674_21_189952230	362	226	57	0	245	556	133
SRR14492188_k141_25638_3_374554034	56	44	24	0	3	275	255
SRR22372540_k141_236215_70_213671878	9	48	39	0	3	87	177
SRR14932479_k141_94259_2_447104601	35	53	26	0	1	101	72
SRR19786845_k141_79178_2_564776913	13	52	62	0	4	114	187
SRR850206_k119_23788_2_47815861	277	210	28	0	9	274	133
SRR25018387_k141_209977_1_619923717	238	123	47	0	6	101	120
ERR2592283_k141_838448_1_61204551	78	45	39	0	1	108	414
SRR13727519_k141_141404_88_118605528	334	107	50	0	3	281	131
ERR1725983_k141_247664_2_186910784	157	68	28	0	1	287	126
SRR26726069_k141_155322_1_161350686	15	46	43	0	10	118	207
ERR11269299_k141_722335_2_22950400	13	56	58	0	7	135	263
SRR14932613_k141_343461_2_655047448	459	166	65	0	16	201	501
SRR8797412_k141_205430_2_60438489	32	55	57	0	13	151	228
ERR4869845_k141_260997_9_166887096	171	123	27	0	10	196	92
SRR9261041_k141_317121_2_245458926	308	81	46	0	130	264	121
SRR6337693_k141_358166_4_596146114	8	83	40	0	3	354	68
SRR12964612_k141_248826_3_113404678	243	48	24	0	0	141	70
SRR14560456_k141_388288_1_439558263	42	96	55	0	15	376	304
SRR8351382_k141_2057329_1_203600593	197	110	47	0	5	381	313
SRR18749965_k141_619871_1_109873217	79	133	29	0	2	402	194
SRR10761722_k141_773736_1_120773963	6	44	41	0	4	91	166
SRR14932654_k141_191237_1_734509531	105	95	47	0	1	121	60
SRR18749949_k141_455383_3_102034421	7	56	47	0	4	91	116
SRR19238496_k141_446424_3_115158915	185	145	55	0	1	416	373
ERR5954449_k141_611893_4_223782297	224	67	32	0	87	272	102
SRR6337691_k141_82374_4_505736065	87	64	64	0	1	129	183
SRR12964613_k141_432456_5_115013438	438	196	60	0	8	539	268
ERR1713334_k141_96749_1_86979952	28	71	63	0	8	149	270
ERR11269299_k141_559669_5_22969604	10	47	26	0	7	97	176
ERR1076082_k141_892217_1_1810451	119	45	36	0	1	163	138
ERR1076074_k141_33138_2_436009	399	112	72	0	1	312	372
SRR24226013_k141_55651_34_220801328	156	235	51	0	1	328	78
ERR1713349_k141_1302082_2_100609724	76	62	31	0	0	172	184
SRR14932654_k141_822195_1_734141957	344	111	59	0	40	346	228
SRR13225455_k141_812263_1_342719537	113	103	31	0	0	314	207
SRR13727533_k141_58013_61_129987130	40	80	79	0	106	172	279
ERR4869723_k141_780339_1_77778454	324	175	59	0	29	480	96
ERR4678651_k141_468541_2_128181798	18	48	56	0	1	108	130
ERR3281036_k141_170614_16_10689612	429	224	128	0	15	547	447
SRR8351384_k141_740487_4_206712915	336	217	55	0	12	96	186
ERR3281041_k141_111486_10_12994738	152	83	61	0	1	171	460
SRR13727532_k141_61916_29_129754971	13	50	66	0	1	149	63
ERR1725982_k141_33828_1_186803334	161	45	35	0	1	234	224
ERR1713368_k141_1112382_3_188209689	7	88	32	0	1	228	129
ERR1726021_k141_52355_1_3342163	135	74	60	0	1	169	458
ERR2592264_k141_5912_1_3652239	218	102	84	0	11	217	414
SRR9261043_k141_66137_1_246594011	182	75	23	0	0	143	97
SRR19786834_k141_227565_1_556683914	23	56	33	0	14	154	177
SRR22752045_k141_67688_3_289043483	547	300	149	0	28	615	506
SRR10132665_k141_582035_1_379128433	85	99	36	0	5	271	89
ERR1713365_k141_238695_2_119840455	269	92	27	0	0	82	313
SRR8831201_k141_1820093_1_214970614	330	59	24	0	0	159	110
SRR9260996_k141_241958_2_222143889	280	55	32	0	0	106	83
SRR19786824_k141_325695_4_548471134	24	62	72	0	1	135	173
SRR9852200_k141_265852_2_322677311	389	134	78	0	2	488	445
SRR3098779_k141_190031_44_52239248	312	144	85	0	3	354	355
SRR8208348_k141_183486_1_198846431	323	53	29	0	0	80	278
SRR13727523_k141_375841_268_120299551	188	77	31	0	29	174	97
SRR15669519_k141_32178_235_139177866	8	53	33	0	8	102	99
SRR14932485_k141_1263530_2_455283169	387	134	82	0	6	359	349
SRR18749959_k141_355112_1_91975869	81	57	64	0	1	126	434
SRR9260995_k141_233649_3_221584599	185	85	31	0	20	259	132
SRR21694252_k141_439627_1_576166986	121	107	26	0	25	367	250
ERR2592342_k141_290728_1_32273289	102	66	74	0	0	102	423
SRR11536955_k141_1979000_24_92315717	10	47	30	0	0	85	143
SRR22184775_k141_530032_2_591755188	447	67	24	0	8	259	482
ERR11269306_k141_264564_2_204049318	23	53	46	0	0	101	295
SRR15085116_k141_462109_2_51242794	300	238	68	0	41	268	136
SRR22752046_k141_1000649_1_291658459	15	64	36	0	5	134	102
SRR12356872_k141_462727_11_236030406	68	80	38	0	0	261	70
SRR10761721_k141_1445159_2_73734117	288	105	56	0	161	286	223
ERR1713380_k141_1043933_3_132787988	129	67	24	0	2	223	198
SRR14932522_k141_962910_4_508003516	221	117	59	0	0	336	245
ERR9855099_k141_503531_1_66076750	92	59	62	0	0	88	379
SRR24226011_k141_11099_1_190424857	326	260	89	0	34	107	265
ERR2592257_k141_145543_1_4901715	59	52	62	0	0	95	367
SRR22372506_k141_67550_26_159573111	144	152	27	0	4	206	91
SRR22372573_k141_211594_71_226368272	337	175	94	0	4	476	413
SRR13727541_k141_219568_11_135659854	11	55	49	0	2	142	80
SRR7369920_k141_697846_2_17844756	257	108	43	0	236	198	125
SRR15669519_k141_645145_1_139329419	218	44	42	0	1	127	143
SRR12404959_k141_253993_3_140470771	217	104	59	0	0	373	362
SRR9852198_k141_12406_2_316707988	314	46	30	0	1	142	208
SRR8351385_k141_973491_2_211050878	181	53	25	0	4	103	80
SRR15669519_k141_928521_2_139282001	280	146	72	0	5	464	413
ERR12084959_k141_480170_8_33601217	396	153	53	0	2	357	182
SRR25018378_k141_640576_1_617229295	156	107	26	0	1	85	76
SRR18331985_k141_67075_8_173387261	188	110	46	0	1	262	196
SRR14932623_k141_513609_1_673656134	58	45	28	0	3	283	266
SRR10761721_k141_1597012_2_74104403	18	60	24	0	7	335	61
ERR4678573_k141_259314_1_12317281	243	71	85	0	0	162	458
SRR21427518_k141_295744_1_146264564	328	108	100	0	2	121	103
SRR14554404_k141_61815_12_399629054	79	129	30	0	0	374	164
SRR6747755_k141_144443_1_104824950	451	128	66	0	7	248	346
SRR12113394_k141_576043_1_56105938	388	134	62	0	1	419	434
ERR4678617_k141_904138_1_90667449	97	50	60	0	7	79	196
SRR14932668_k141_147719_1_763172629	249	70	23	0	1	240	109
ERR4678626_k141_966122_1_104632703	191	44	53	0	0	110	419
SRR9261028_k141_460539_1_238902620	289	93	36	0	2	205	182
ERR5954451_k141_1005219_8_225853225	192	109	23	0	2	345	156
SRR6337685_k141_133587_2_502815679	10	71	57	0	18	191	160
ERR4678585_k141_422355_2_14255080	100	93	66	0	2	232	447
ERR11269302_k141_235353_2_198191205	316	202	100	0	3	491	465
SRR5306409_k119_482974_1_500497936	247	63	68	0	1	116	238
SRR15085115_k141_641828_4_50516793	504	104	38	0	8	179	497
SRR26502661_k141_1113386_1_205080452	18	54	53	0	11	124	79
ERR11269307_k141_805698_3_207022803	32	65	39	0	8	132	109
ERR4869824_k141_32542_3_257868027	75	134	26	0	9	254	77
SRR12340499_k141_129762_1_220241175	81	47	26	0	1	175	302
ERR4678577_k141_500762_1_41634795	211	65	76	0	2	130	443
SRR3501885_k141_814602_1_50370179	324	104	63	0	2	302	185
SRR5007141_k141_2019599_1_46275725	29	121	34	0	16	87	86
SRR14751607_k141_2167259_1_469347509	216	64	45	0	31	153	115
SRR22372550_k141_244697_1_188135706	279	171	39	0	3	81	67
ERR12084966_k141_599203_3_42284548	177	47	60	0	0	142	442
SRR14932617_k141_777397_1_664024429	19	55	44	0	1	92	125
ERR4678634_k141_1000321_1_113276059	16	49	41	0	2	93	226
SRR6439738_k141_66159_1_2996155	22	52	51	0	4	96	195
ERR3281030_k141_261864_1_8506666	165	91	73	0	1	182	454
SRR13727538_k141_28972_32_134452134	82	44	58	0	0	84	348
SRR13695361_k141_7501_1_241536376	209	64	75	0	1	157	457
ERR4678562_k141_992658_6_153003260	277	113	47	0	15	281	190
SRR26726069_k141_184845_2_161427883	335	89	41	0	2	161	94
SRR22752041_k141_4098_1_280478062	32	50	42	0	0	94	176
SRR6747769_k141_31828_2_118160176	161	80	45	0	1	289	199
SRR13727527_k141_994384_2_123792879	94	67	53	0	0	195	67
SRR14932485_k141_515411_1_454605950	397	146	45	0	1	189	273
ERR4869764_k141_819595_1_105642551	297	146	78	0	6	509	398
SRR19786832_k141_204353_1_554966412	66	79	52	0	0	89	337
SRR1702225_k141_77209_1_12777137	101	230	44	0	8	268	66
SRR14932589_k141_1310771_2_627593306	247	144	28	0	7	182	132
SRR25018385_k141_547773_1_618094922	237	241	47	0	3	96	137
SRR2107218_k141_428596_22_24441139	142	108	24	0	6	398	300
SRR5306401_k119_385462_1_497700530	20	76	83	0	57	149	218
SRR21203046_k141_6694_4_178930393	234	261	73	0	10	116	174
SRR13608725_k141_2544356_2_358247202	348	80	42	0	36	398	355
ERR1713390_k141_1076488_7_144793319	260	99	92	0	1	171	487
ERR12084966_k141_193101_1_42657136	157	65	54	0	1	208	210
ERR4869799_k141_565825_2_125503997	242	68	47	0	0	167	217
ERR2592255_k141_265272_1_48583072	372	176	101	0	7	511	464
ERR5954444_k141_370665_1_222645525	158	77	27	0	125	194	75
SRR2107215_k141_33528_1_23499252	80	153	38	0	13	131	116
SRR18331973_k141_114215_2_145248071	185	59	76	0	0	199	237
ERR1713350_k141_1124182_1_102786353	255	51	25	0	1	107	330
ERR4678563_k141_1701765_1_156357092	205	101	56	0	0	292	390
SRR13608701_k141_732800_2_349953143	209	208	24	0	10	281	105
SRR21203057_k141_4769_8_166282825	10	121	47	0	3	347	86
SRR22372529_k141_80102_1_204981498	77	52	30	0	1	112	417
SRR14932665_k141_1242191_2_754924370	294	49	23	0	1	175	176
SRR13608705_k141_600173_5_354860365	347	104	28	0	3	140	244
SRR22372567_k141_237784_17_195159848	116	73	25	0	0	178	88
SRR13727517_k141_401255_35_116344295	211	109	84	0	1	308	256
SRR14932540_k141_421856_1_542342379	265	66	33	0	0	125	124
SRR13727524_k141_16830_4_120833789	178	77	33	0	0	146	87
SRR11088478_k141_2187162_1_44266555	151	85	36	0	25	343	302
SRR21705850_k141_626976_1_578035101	432	64	93	0	4	105	186
ERR4678652_k141_334433_1_128407345	498	102	50	0	10	93	388
SRR14932552_k141_353901_1_564460191	504	199	120	0	10	510	402
ERR4869837_k141_469880_1_258204687	42	95	75	0	18	232	224
SRR22372540_k141_225165_1_213835204	6	49	40	0	2	90	192
ERR1713357_k141_81162_2_112672911	31	45	46	0	6	114	197
ERR1725975_k141_185155_1_184637639	6	54	41	0	4	103	208
ERR4678566_k141_296927_2_160849986	136	59	46	0	0	124	327
SRR1763384_k119_11492_12_14232276	489	194	110	0	23	288	510
SRR14751609_k141_454358_10_490391552	131	80	65	0	0	201	421
SRR18749947_k141_873489_1_98928479	200	140	41	0	7	385	274
ERR4678683_k141_907153_1_176427606	178	75	67	0	1	169	456
SRR12113413_k141_740668_2_97667397	158	51	27	0	0	139	321
ERR1725975_k141_88143_2_184779525	14	57	40	0	4	121	231
SRR15237801_k141_554122_1_221066541	5	47	29	0	5	90	212
SRR14932579_k141_512004_4_612416074	364	179	80	0	3	461	450
SRR20309469_k141_296329_3_177417313	181	49	23	0	42	198	122
SRR19786841_k141_355727_132_562744627	18	44	37	0	5	116	235
SRR19238502_k141_460570_3_121273919	21	96	61	0	22	234	186
ERR4678619_k141_703894_1_94622471	103	114	45	0	33	442	239
SRR24226012_k141_77853_2_190556197	118	148	26	0	2	100	115
SRR11088370_k141_1544785_3_360210154	25	61	49	0	2	97	146
SRR7369920_k141_822713_1_18772650	227	65	43	0	0	133	188
SRR14143313_k141_92515_12_74319730	83	116	25	0	0	219	299
SRR14492169_k141_733264_13_371565472	198	87	56	0	0	306	358
SRR22105535_k141_863348_1_143389681	91	46	34	0	2	105	79
SRR13727519_k141_356024_117_118442008	316	110	96	0	34	314	353
ERR1726002_k141_96729_1_47140307	77	53	58	0	0	89	375
SRR6747748_k141_467873_1_97991251	321	116	60	0	9	339	272
ERR4678643_k141_569254_7_147021552	162	57	47	0	1	155	441
SRR14932486_k141_1931139_29_460057507	322	118	40	0	0	93	76
SRR13107690_k141_1454811_3_331581611	5	58	47	0	15	176	131
SRR13608700_k141_2040089_1_385862278	78	94	80	0	7	200	203
ERR4869784_k141_359718_1_116823591	194	117	41	0	3	378	217
ERR3281037_k141_8064_1_11148616	255	183	66	0	18	196	250
SRR5123271_k141_527474_1_39564366	178	64	51	0	0	236	256
ERR4869798_k141_732307_1_122452495	275	158	69	0	6	483	424
SRR25018387_k141_943424_1_619366653	156	64	31	0	1	119	77
SRR15669518_k141_609110_1_137665088	271	195	39	0	8	79	157
SRR13013688_k141_321602_3_304994644	206	73	40	0	1	162	129
SRR9852204_k141_1191299_1_330090543	296	153	79	0	1	372	281
ERR11181240_k141_34543_1_2797557	88	46	49	0	33	217	474
SRR14751609_k141_457320_1_490484878	293	124	76	0	2	172	489
ERR1713355_k141_2306_1_109494796	303	157	94	0	3	305	481
SRR2107183_k141_121123_2_20013791	189	60	25	0	8	107	74
DRR198496_k141_24182_1_459846	209	51	40	0	1	140	320
SRR14932623_k141_445038_41_673034288	419	72	56	0	3	175	221
ERR4678692_k141_835155_1_184987537	22	78	74	0	6	152	277
ERR4678589_k141_467829_2_21728430	5	50	36	0	3	89	173
SRR14932592_k141_1437652_2_635305853	447	217	46	0	7	219	517
SRR19786826_k141_40931_1_549669874	203	135	74	0	3	424	306
ERR4869764_k141_808191_1_106799037	71	46	55	0	0	99	379
SRR14554404_k141_329921_1_400145329	283	138	28	0	0	398	104
SRR18749947_k141_116477_1_99897948	300	180	113	0	10	447	211
SRR11088437_k141_717112_1_117135917	31	74	70	0	0	153	180
ERR1713359_k141_314311_6_187522493	6	53	47	0	6	100	199
ERR11269306_k141_1484294_2_204327246	288	153	81	0	5	482	431
SRR22752047_k141_654789_1_293700085	126	87	29	0	11	345	299
SRR6439740_k141_17698_2_3579920	17	54	62	0	8	148	247
SRR21802942_k141_182781_6_173674047	15	51	43	0	1	82	101
SRR10598218_k119_234050_3_51911939	6	53	27	0	7	131	88
SRR14560393_k141_16208_1_402355601	34	132	42	0	48	410	68
SRR19238511_k141_777379_1_132876840	52	114	32	0	0	409	124
ERR1713380_k141_150819_2_132781079	19	44	31	0	1	83	154
SRR18749953_k141_484382_1_106009438	284	88	34	0	3	178	149
SRR22372584_k141_39529_4_184754784	269	156	91	0	3	470	457
SRR11088448_k141_649275_2_2585141	97	46	48	0	2	123	435
SRR8831205_k141_1867464_6_218259727	223	80	45	0	0	219	346
SRR11088483_k141_1568538_2_405072937	328	120	52	0	20	269	178
SRR22372551_k141_167164_9_188522651	70	46	46	0	25	199	454
SRR20309467_k141_408253_10_174969951	169	88	34	0	0	175	63
ERR5954369_k141_610471_1_170245804	128	82	49	0	0	273	103
ERR3281021_k141_327566_47_703177	125	83	77	0	1	169	456
ERR1713352_k141_48455_1_107432644	215	126	41	0	527	420	345
SRR6747763_k141_68122_2_112190308	252	191	23	0	10	272	131
ERR11181232_k141_220498_1_864519	140	75	23	0	1	235	190
SRR2107218_k141_158279_2_24494079	237	96	51	0	0	231	171
ERR3281032_k141_20146_1_9732142	110	83	55	0	25	122	93
SRR22372553_k141_196607_1_189321219	244	183	48	0	12	142	100
SRR21427515_k141_223401_16_47223162	112	102	58	0	0	283	144
SRR10598218_k119_368537_1_51642409	17	48	52	0	3	134	188
SRR11088448_k141_1142257_3_2683506	222	63	42	0	1	146	464
SRR8503604_k141_3086625_3_65662232	33	57	75	0	18	149	218
ERR1725981_k141_271251_1_186286571	87	52	61	0	0	116	428
SRR12404956_k141_2057743_2_152990148	198	116	71	0	0	390	120
SRR11088485_k141_382864_2_408787127	293	109	60	0	8	330	255
SRR19238511_k141_222103_1_133454049	70	118	53	0	2	392	59
ERR11181245_k141_24078_1_4251262	55	107	93	0	34	215	322
ERR1713404_k141_85061_1_161788264	71	56	40	0	1	129	430
SRR14932518_k141_1315108_3_497833641	311	109	42	0	1	375	352
SRR20309467_k141_514056_4_174777589	135	47	33	0	0	131	223
SRR14932642_k141_1400872_28_708566948	409	50	66	0	4	146	446
SRR22372569_k141_38392_1_196529543	99	113	37	0	2	337	62
SRR13608725_k141_1967313_1_359000074	351	126	80	0	5	405	277
SRR11088437_k141_3661594_1_114125419	412	211	68	0	9	492	122
SRR14751592_k141_1189902_35_454721208	18	73	29	0	1	143	66
SRR18331981_k141_33524_3_179216531	458	248	139	0	21	577	494
ERR2985267_k141_160453_1_5234739	345	46	49	0	2	141	247
SRR26726069_k141_165235_21_161372955	40	65	66	0	11	145	205
SRR14932615_k141_724064_1_660913156	377	52	42	0	2	163	198
ERR9855095_k141_113446_2_41273883	206	78	42	0	1	306	379
SRR10132668_k141_452973_3_297350433	308	61	25	0	14	156	258
SRR10132665_k141_81946_4_378710539	84	67	25	0	0	251	157
ERR4678602_k141_157533_2_67076105	31	107	74	0	29	238	187
SRR13727528_k141_394423_1_126368136	17	54	60	0	1	95	112
ERR1713363_k141_407976_1_118279418	511	44	44	0	0	94	424
SRR19786825_k141_86623_1_549568228	84	59	45	0	0	155	342
SRR14751592_k141_939110_1_455192480	316	95	23	0	1	83	66
SRR14751604_k141_1375829_3_462117851	178	61	57	0	2	152	419
ERR11181241_k141_219991_1_3187401	89	64	65	0	1	115	433
ERR4225396_k141_198979_3_61576399	169	83	31	0	1	244	272
SRR15669520_k141_586116_3_139700066	77	107	24	0	0	228	195
ERR9855095_k141_698145_1_40775593	115	72	76	0	1	150	448
SRR21427519_k141_248777_1_147675981	194	241	69	0	9	92	167
ERR11269302_k141_327485_5_198593072	202	50	36	0	1	147	433
SRR9852202_k141_161819_1_327004009	415	139	39	0	0	89	99
SRR14932528_k141_736651_1_519759129	281	58	37	0	0	111	198
ERR3281025_k141_1670_13_4482243	145	98	38	0	12	94	87
ERR4869845_k141_744766_3_166842247	391	127	84	0	315	362	304
SRR13727531_k141_537990_279_129537370	139	62	23	0	3	220	61
SRR13608732_k141_780171_2_389892810	163	77	49	0	2	150	163
ERR11181239_k141_57615_25_2499491	347	173	82	0	12	541	440
SRR19238511_k141_918109_1_133102049	101	111	60	0	5	374	177
SRR13225449_k141_656565_1_337887092	284	109	73	0	1	307	444
SRR14751619_k141_1595837_1_514095197	92	123	86	0	16	278	178
SRR20681263_k141_661538_2_164202713	95	62	67	0	1	123	446
ERR1713368_k141_191559_1_188239414	186	59	30	0	3	129	323
ERR4678618_k141_1008515_3_92197721	8	54	54	0	5	117	67
ERR3281030_k141_55253_3_8360273	169	183	36	0	9	90	156
ERR3281029_k141_211986_10_7802066	43	55	45	0	4	164	240
SRR11088418_k141_37794_1_42099731	81	53	29	0	0	142	72
SRR12964612_k141_97512_5_113162409	298	50	27	0	5	143	80
SRR6337694_k141_240913_1_507495385	307	141	61	0	4	388	395
ERR4678695_k141_269270_2_277423024	497	96	80	0	17	140	476
SRR8351383_k141_557435_1_204553316	77	61	33	0	7	102	184
SRR20681262_k141_353328_12_170137152	5	48	43	0	13	142	143
SRR11536955_k141_352700_7_92561771	13	58	50	0	4	115	173
SRR10132668_k141_169752_2_297332405	223	81	48	0	32	327	239
SRR13171211_k141_34117_4_45783635	326	144	49	0	51	194	157
ERR2338392_k119_577418_3_21837316	163	82	33	0	5	354	247
ERR1713388_k141_390462_3_143903118	215	74	78	0	2	134	436
SRR18331993_k141_20404_2_174636160	372	102	77	0	12	191	474
ERR4869818_k141_1093167_3_142886249	12	69	45	0	4	149	75
SRR14932575_k141_494522_1_603782429	243	243	42	0	12	189	161
ERR1713334_k141_167668_1_86183754	169	68	54	0	1	121	425
SRR14932612_k141_1381761_4_652542400	314	66	68	0	1	246	454
SRR4754862_k141_27960_2_118120847	482	284	140	0	67	620	471
SRR14560445_k141_470972_5_432324779	193	120	37	0	20	403	344
ERR4678618_k141_278087_2_92908927	28	88	87	0	7	172	292
SRR21802942_k141_384604_2_174529638	68	163	27	0	3	519	89
SRR22372576_k141_58169_91_227266646	81	94	42	0	0	281	180
ERR2592337_k141_441608_1_11204685	32	59	54	0	3	164	219
SRR8351384_k141_962555_2_206508353	97	67	24	0	0	271	113
SRR14751604_k141_1500702_1_460322595	22	48	52	0	1	128	163
SRR14455375_k141_84703_1_36024838	255	53	24	0	3	211	243
SRR21427519_k141_202126_14_147279174	23	66	67	0	12	151	179
SRR12341065_k141_412295_1_234428778	395	89	44	0	3	258	397
SRR10132618_k141_126667_8_280642734	135	74	32	0	7	321	280
SRR6747784_k141_85011_1_137237008	120	47	39	0	8	189	280
SRR15085118_k141_151058_1_52468174	258	128	68	0	0	208	114
SRR7912025_k141_2199_2_58879839	526	132	74	0	7	132	446
ERR4678581_k141_331902_1_49063772	139	49	45	0	0	114	344
SRR11088370_k141_1737846_1_360050133	20	52	47	0	1	90	125
SRR6986826_k141_54515_2_34756994	187	105	106	0	0	272	276
SRR9261013_k141_343410_1_231029641	234	51	43	0	0	131	191
SRR14751605_k141_1210905_11_464087961	232	87	50	0	0	300	378
ERR3761207_k141_1235452_3_136413475	135	99	32	0	2	407	129
SRR19786826_k141_249042_2_550218960	21	46	32	0	2	111	220
SRR22372585_k141_457153_1_185433029	79	54	55	0	0	95	400
ERR4678569_k141_196982_2_5618696	14	48	50	0	1	88	195
ERR11269296_k141_100568_6_52290132	12	49	50	0	2	86	154
ERR11269296_k141_56399_1_52444514	5	53	33	0	4	99	199
SRR1702232_k141_114205_2_13034153	22	50	24	0	7	84	220
SRR15669518_k141_10002_26_137205018	70	51	38	0	6	104	110
SRR19238498_k141_628352_10_117212848	72	139	33	0	11	91	79
SRR11088433_k141_228314_1_56884794	21	58	59	0	3	129	168
SRR14932538_k141_1004156_1_536930626	232	132	60	0	0	384	347
SRR14932640_k141_430847_1_702454861	136	61	28	0	2	198	348
ERR11181244_k141_28793_1_3835131	70	44	26	0	0	224	266
SRR14932574_k141_441980_1_603336145	251	48	27	0	0	81	87
SRR7369915_k141_951564_2_12817381	180	120	69	0	0	406	321
SRR22752041_k141_68593_1_280500928	9	48	28	0	7	95	105
SRR22105545_k141_355684_2_156815883	167	97	36	0	4	323	280
SRR18331982_k141_105769_3_179385197	337	202	128	0	2	415	494
SRR7369924_k141_187525_1_25626418	52	158	64	0	5	319	87
SRR9261022_k141_91383_1_234939573	264	74	32	0	0	120	85
ERR4225396_k141_827606_20_61877483	210	81	41	0	2	244	385
SRR15237802_k141_104123_2_222255718	33	60	50	0	3	141	207
SRR22752011_k141_442970_1_253034486	23	56	51	0	6	135	260
SRR13225461_k141_40057_4_346664237	135	50	38	0	0	127	173
SRR14751603_k141_871706_1_458886500	84	101	39	0	4	324	291
ERR1713371_k141_107349_2_126402419	5	51	39	0	3	87	205
ERR4678567_k141_76320_1_2085175	195	136	42	0	10	184	87
SRR12113409_k141_583669_1_83793329	15	48	33	0	1	152	126
ERR3281024_k141_941797_2_4311407	481	86	46	0	0	98	109
SRR8797414_k141_61205_2_63139439	7	48	34	0	5	111	77
SRR15669518_k141_40874_2_137337104	188	89	47	0	0	332	224
SRR14932581_k141_502397_1_614824024	392	46	26	0	1	142	238
ERR11269311_k141_243833_1_211990249	21	48	50	0	8	114	279
SRR14932652_k141_294175_1_728315022	379	45	52	0	1	144	246
SRR7369923_k141_1058909_1_22708925	4	118	46	0	1	180	89
SRR9261018_k141_258562_1_232996650	516	369	135	0	699	568	351
SRR13727533_k141_37172_17_130024852	7	45	37	0	3	81	165
ERR4678610_k141_162111_1_79130210	251	88	23	0	4	226	140
SRR22752015_k141_1430387_1_261253213	135	66	45	0	1	174	373
SRR21705956_k141_1032977_1_156776648	448	225	80	0	27	123	330
SRR12404958_k141_1227879_3_49559814	177	88	51	0	3	275	154
ERR1713356_k141_479687_1_112040832	501	90	73	0	2	341	468
ERR1713357_k141_66846_1_112224332	27	97	75	0	11	175	313
SRR14932552_k141_333915_2_563800733	163	133	38	0	19	131	93
ERR4869824_k141_700395_1_258091336	176	134	94	0	1	380	243
ERR11269297_k141_420206_1_53469965	14	56	43	0	4	100	187
SRR9261004_k141_72185_2_226507223	177	129	58	0	0	262	230
SRR14932656_k141_945783_1_737328827	361	104	58	0	53	339	249
ERR9903369_k141_102333_5_272670231	10	44	53	0	2	101	79
SRR14932674_k141_174181_1_771800411	561	306	152	0	53	383	540
SRR6747739_k141_131991_3_88136476	224	183	33	0	12	154	135
SRR7369920_k141_442988_1_19197183	61	64	24	0	0	236	110
ERR4222574_k141_290776_1_59343517	125	64	33	0	0	246	149
SRR20309469_k141_1287632_10_177940618	144	94	82	0	12	179	300
ERR4869738_k141_99514_1_26834257	163	74	28	0	57	180	83
ERR11269305_k141_226331_13_201642698	128	45	37	0	0	117	416
SRR14751629_k141_485521_1_525352751	49	53	29	0	1	218	113
SRR19238508_k141_733688_2_128806600	50	70	74	0	1	169	233
SRR9852208_k141_1433163_2_337174707	253	115	43	0	10	84	81
SRR14143317_k141_66013_1_49344044	190	114	52	0	0	310	425
SRR12404958_k141_966523_1_48848829	253	60	26	0	14	248	118
SRR13225453_k141_401603_2_341497961	23	52	35	0	1	113	149
SRR9852219_k141_1212870_1_171681234	260	126	50	0	22	135	160
SRR7369917_k141_947615_1_15448907	176	72	27	0	0	258	315
ERR472738_k141_89037_1_63293057	142	99	52	0	1	370	349
DRR125123_k141_34964_2_111750713	174	76	29	0	6	341	361
ERR1725950_k141_755415_3_176458689	441	76	34	0	0	138	413
SRR18749963_k141_115823_2_96684092	140	85	24	0	0	231	265
SRR6439731_k141_708487_1_200281198	82	95	76	0	30	168	354
SRR10598217_k119_102301_17_51132457	255	114	100	0	2	226	474
SRR9261025_k141_242404_1_237161031	256	90	45	0	4	221	182
SRR19238510_k141_565036_9_131010204	134	149	25	0	1	435	152
SRR11673987_k141_68076_2_422911124	43	44	23	0	0	129	77
SRR21802943_k141_183134_1_176783792	45	98	34	0	7	295	134
ERR3281030_k141_146521_4_8592122	95	50	59	0	1	138	446
SRR11088380_k141_380098_1_365239131	169	76	78	0	3	176	456
ERR1713397_k141_1473004_1_155719343	223	73	32	0	22	85	103
ERR4678602_k141_296384_5_66435867	247	171	88	0	4	463	474
SRR7369920_k141_224666_3_18549186	21	60	43	0	1	116	245
ERR2592255_k141_406645_1_48317237	101	46	35	0	0	86	338
SRR18331980_k141_40193_1_179077375	357	122	104	0	2	258	465
SRR18331980_k141_41971_8_179182308	130	73	72	0	4	259	128
SRR10132616_k141_188052_1_376461819	7	48	37	0	4	98	213
ERR1713342_k141_774129_1_92549222	229	64	33	0	0	87	330
ERR4678598_k141_37841_2_62541150	26	83	66	0	9	153	301
SRR12964613_k141_162020_2_114304146	23	73	66	0	14	208	200
SRR11536955_k141_2271884_1_93997845	18	56	39	0	5	109	162
SRR4754859_k141_249462_1_130686684	14	61	67	0	12	125	196
SRR13225451_k141_531790_1_339280980	143	48	50	0	0	128	425
SRR8351385_k141_2210739_1_209946615	222	47	45	0	1	154	242
SRR9261039_k141_170420_2_243847929	290	87	32	0	5	171	251
SRR6797132_k119_135410_13_22802074	23	46	28	0	0	96	138
SRR22372568_k141_136761_23_195604932	360	268	96	0	38	149	330
SRR12964614_k141_1122721_1_115899573	5	46	42	0	6	82	132
SRR9030454_k119_102060_2_230361193	378	201	107	0	3	506	479
SRR18749953_k141_561067_3_106030342	23	89	64	0	1	143	59
ERR9903369_k141_240511_3_272751542	168	111	37	0	4	114	75
ERR9855093_k141_277032_2_28275068	161	46	23	0	2	178	265
ERR3281040_k141_56855_1_22705844	62	54	51	0	0	102	417
SRR13608725_k141_1734878_1_359276414	18	78	63	0	2	133	60
SRR13608725_k141_52563_1_359378141	38	45	41	0	1	84	96
SRR6797145_k119_86578_6_1765810	13	77	67	0	4	121	108
SRR21427519_k141_186819_1_147401525	60	45	60	0	20	140	250
SRR14751604_k141_483029_2_460570642	117	78	60	0	1	207	422
ERR12084959_k141_1638749_1_34525987	249	112	78	0	9	415	233
SRR12964611_k141_395057_7_112971007	184	164	95	0	19	305	313
ERR4225396_k141_698725_2_62327230	226	74	35	0	1	258	158
ERR4678654_k141_539303_2_129266477	157	48	45	0	0	152	445
SRR11088411_k141_807221_1_76290972	35	54	34	0	0	101	145
SRR22372524_k141_179727_1_202480515	34	62	65	0	1	145	205
SRR22752013_k141_567658_1_257818476	420	98	58	0	2	308	413
SRR22372526_k141_45280_1_203200046	247	227	44	0	10	86	121
ERR4678611_k141_592553_1_81181226	110	63	79	0	1	150	430
SRR15237802_k141_174050_1_222217758	9	60	41	0	5	105	190
SRR14751606_k141_2174241_1_467890001	71	45	24	0	2	259	256
SRR9261012_k141_129231_1_230301099	343	85	52	0	3	244	372
SRR26502666_k141_297599_6_211458561	11	53	47	0	10	109	201
SRR12404949_k141_469913_2_125810980	141	52	46	0	0	127	399
SRR12404949_k141_478043_2_126027043	135	68	23	0	0	110	81
SRR12404949_k141_1506950_2_126099729	171	84	79	0	0	257	134
SRR12404949_k141_17845_2_126206949	106	60	70	0	0	96	393
ERR1713395_k141_372144_1_151927733	14	48	52	0	1	90	169
ERR4678684_k141_332404_1_177558805	293	161	53	0	3	464	303
SRR6986816_k141_275820_1_222226160	511	290	69	0	19	153	382
SRR13727517_k141_186295_49_116622865	177	135	62	0	6	456	425
SRR13727517_k141_170360_8_116743589	213	129	67	0	37	170	128
SRR12404961_k141_656214_3_9721868	258	86	45	0	69	312	205
SRR5877432_k119_583959_2_58616779	295	273	105	0	593	390	157
ERR3761224_k141_932855_7_60822410	165	177	54	0	6	460	81
SRR13727519_k141_480645_1_118386887	116	66	33	0	2	165	107
ERR9855086_k141_1001904_1_43751022	79	96	68	0	15	226	228
ERR4678690_k141_19848_1_181707459	290	99	42	0	1	278	453
SRR20309467_k141_496732_2_175519325	25	50	77	0	0	91	74
SRR14751620_k141_295634_2_515437898	156	81	32	0	0	217	241
ERR4678620_k141_262991_11_30955243	25	50	53	0	9	127	257
SRR8831205_k141_256498_3_217233271	340	125	66	0	121	317	197
ERR4678673_k141_665758_1_190022606	100	55	29	0	2	118	408
SRR12964613_k141_71692_2_114432967	15	72	51	0	5	117	65
ERR1713350_k141_417178_1_104784148	163	74	77	0	1	151	453
SRR13608737_k141_1457043_2_366344142	84	57	58	0	0	112	335
ERR1713343_k141_107607_1_94240607	27	47	39	0	0	80	222
ERR4678644_k141_47377_1_147302906	190	66	48	0	0	177	452
SRR14560465_k141_141827_2_444420700	22	44	35	0	3	109	181
SRR2107219_k141_295_1_25017813	120	73	23	0	1	316	243
SRR14932529_k141_1464403_1_521044143	276	70	36	0	1	285	273
SRR14751621_k141_9761_15_518367881	543	274	159	0	8	573	508
ERR4678614_k141_1209641_1_84618113	297	105	34	0	0	124	143
SRR19238503_k141_829799_7_122724219	10	54	35	0	9	122	79
SRR3098779_k141_249508_1_52344048	83	53	61	0	1	156	393
ERR4678655_k141_636208_2_131057837	158	94	25	0	10	345	306
SRR24226016_k141_23276_10_197830304	166	151	60	0	25	155	103
ERR1713356_k141_713699_1_111321715	426	44	23	0	0	124	466
SRR8351385_k141_808734_1_208769614	248	201	48	0	5	183	79
SRR6986807_k141_327467_2_4209253	95	84	30	0	271	377	79
ERR2592256_k141_35585_1_24259807	19	48	41	0	1	101	162
SRR11673991_k141_513673_1_423829830	178	73	42	0	0	184	118
ERR1713406_k141_911430_2_165380807	135	107	23	0	7	380	375
SRR22752039_k141_77280_3_267938828	214	120	73	0	3	384	344
SRR1763383_k119_29950_2_14064121	313	48	30	0	4	121	193
SRR9852212_k141_457231_2_345454911	351	104	50	0	1	347	340
SRR12404948_k141_1039381_1_44441906	9	49	54	0	12	158	90
SRR10598216_k119_146402_2_50865098	22	101	88	0	15	167	283
SRR26726064_k141_97513_3_158979596	290	83	72	0	1	165	472
SRR11088370_k141_1006048_8_359250045	106	60	51	0	0	201	311
SRR18331977_k141_45624_2_178707093	31	56	59	0	6	139	263
SRR6986807_k141_262356_3_4087699	109	189	26	0	13	141	61
SRR13727523_k141_40681_155_120324546	356	117	72	0	300	360	240
SRR10132659_k141_116691_1_290915222	372	239	119	0	9	542	492
SRR14560400_k141_142189_1_407733713	190	121	31	0	16	153	131
ERR4678604_k141_373067_2_68532521	149	97	64	0	8	327	371
SRR2107177_k141_28949_2_17463426	120	85	34	0	20	85	109
ERR9855093_k141_66660_5_28177639	73	74	58	0	2	109	381
SRR12404949_k141_397607_22_126343413	78	152	41	0	13	176	125
ERR9855097_k141_693572_1_39609699	94	44	46	0	0	130	417
SRR14932643_k141_315445_5_710547752	12	56	57	0	31	82	202
SRR12404961_k141_2055806_1_11899847	246	90	45	0	1	223	79
ERR4678570_k141_276745_2_7670099	234	64	28	0	6	140	386
ERR4678659_k141_1062622_2_136303737	120	72	25	0	1	304	299
SRR14932619_k141_311401_2_665604568	354	108	41	0	1	346	218
SRR14560448_k141_109839_2_433813426	29	99	77	0	14	213	167
ERR11269308_k141_1103013_7_208300656	324	46	30	0	0	171	346
SRR14932675_k141_422452_4_772849016	493	143	109	0	17	168	495
ERR2592332_k141_426276_2_8263850	139	54	41	0	1	153	454
SRR18749955_k141_247615_4_108363843	270	218	58	0	27	304	178
SRR8224501_k141_2380543_1_24959935	6	49	40	0	6	101	228
SRR12404959_k141_1506689_4_138942155	423	296	92	0	45	415	277
ERR4678659_k141_1206292_1_135217533	327	88	92	0	3	283	467
SRR22752025_k141_1088063_2_265012542	96	46	25	0	0	143	151
SRR18331983_k141_60594_1_179593310	303	156	99	0	1	338	465
SRR11088446_k141_806940_1_11704003	110	56	56	0	1	105	397
ERR11181233_k141_19959_1_1021678	13	50	57	0	7	151	208
SRR12396704_k141_383036_1_236834489	115	99	38	0	2	274	305
SRR9261044_k141_281660_1_246887941	236	56	41	0	0	139	183
ERR4869825_k141_858086_1_153211331	8	48	41	0	7	105	65
ERR4678689_k141_176455_1_180470252	104	58	42	0	49	178	459
SRR11088423_k141_1088609_2_376929467	20	55	69	0	16	155	174
SRR22372530_k141_53420_1_205066685	161	64	25	0	20	196	59
SRR8797411_k141_397919_2_59231158	12	52	34	0	2	85	158
SRR12404952_k141_3121036_1_96541906	56	72	32	0	2	279	131
SRR14932584_k141_99215_2_619395222	297	53	45	0	0	182	342
ERR1713342_k141_970140_7_92289010	397	145	41	0	2	119	426
SRR7369914_k141_507523_3_11406144	37	90	69	0	10	164	295
SRR11536956_k141_1559403_1_71794023	30	80	73	0	8	164	306
ERR3281025_k141_59703_1_4601562	396	215	107	0	11	546	471
SRR5278608_k141_506095_1_74923189	215	101	53	0	4	355	416
SRR22752025_k141_512981_1_264150172	115	55	34	0	3	108	110
SRR1763384_k119_198679_1_14249890	67	135	31	0	9	195	95
SRR6747797_k141_502014_1_173431445	39	79	79	0	1	283	62
SRR14143298_k141_132059_5_71692909	106	48	45	0	0	151	327
SRR8224501_k141_1303499_1_24781037	260	124	25	0	4	155	324
ERR4678642_k141_977899_1_145402769	152	69	27	0	6	304	290
SRR3501861_k141_222189_1_44423265	144	103	93	0	138	246	306
SRR6337691_k141_217137_2_505839151	160	48	65	0	0	127	157
SRR9261041_k141_268432_1_245454157	287	84	48	0	1	212	448
ERR2592269_k141_531903_1_50928824	93	53	30	0	1	124	426
ERR4678600_k141_723874_1_63955480	21	58	52	0	6	125	223
ERR11269310_k141_568988_1_210794309	28	70	71	0	6	153	244
SRR7912025_k141_179187_1_59179277	300	45	51	0	5	95	417
SRR14751588_k141_283261_1_452683172	146	92	45	0	0	201	124
SRR22752048_k141_1354252_1_296257544	145	92	41	0	0	358	286
SRR6747790_k141_468850_1_147829059	265	138	51	0	24	186	83
ERR1713359_k141_156613_10_187361188	45	65	41	0	5	146	262
SRR6797145_k119_79336_4_1866782	11	55	51	0	11	140	132
SRR11088437_k141_3869635_1_114882642	67	101	36	0	4	367	252
ERR1726009_k141_273635_2_73428867	66	145	47	0	3	256	248
ERR1713395_k141_880967_1_152288128	32	52	41	0	11	104	213
SRR14751604_k141_1959226_2_460082551	337	139	87	0	4	397	327
ERR4222567_k141_957242_1_46932133	239	220	27	0	6	294	96
SRR9852167_k141_800734_1_258735679	424	74	43	0	9	138	221
SRR7369919_k141_234942_2_224550087	37	55	44	0	1	133	190
SRR6747733_k141_260161_1_82683461	297	82	37	0	1	256	371
SRR10598221_k119_288073_1_52576084	29	109	69	0	4	206	168
ERR11269306_k141_1412649_11_204592672	153	111	83	0	2	271	356
ERR3281039_k141_248437_1_12695453	64	66	27	0	1	119	74
SRR7912025_k141_133433_4_58925546	32	59	83	0	3	146	59
SRR20309467_k141_696482_2_176162187	227	58	56	0	1	129	415
ERR1713336_k141_135793_2_88675871	73	51	37	0	1	103	413
SRR19238502_k141_161065_3_121140342	12	77	60	0	10	186	78
SRR14751622_k141_960786_6_521131117	223	92	35	0	0	302	110
SRR13727541_k141_82561_3_135631551	120	98	53	0	3	180	121
SRR6797129_k119_98565_9_13353660	214	193	55	0	24	254	144
SRR26502672_k141_698282_1_220388859	73	46	30	0	15	82	388
SRR9852193_k141_126262_3_165472321	292	67	49	0	48	277	264
SRR19238497_k141_267588_1_115994788	9	53	37	0	8	110	59
SRR4465031_k141_649873_23_87016250	116	44	45	0	34	215	475
SRR13225447_k141_641872_1_384021391	68	54	38	0	0	113	118
SRR14932672_k141_991074_1_768533076	486	117	82	0	1	107	314
SRR21203046_k141_66220_1_179017469	180	99	25	0	11	108	111
SRR11088392_k141_808927_1_9026887	5	48	30	0	4	79	173
SRR8512242_k141_337618_2_65822414	171	51	27	0	3	127	76
SRR6747739_k141_373600_1_88564498	294	104	31	0	6	300	292
SRR22372509_k141_181532_1_179400735	7	47	33	0	1	87	226
ERR3281023_k141_152665_1_2252165	156	105	57	0	5	273	267
SRR14492169_k141_446707_2_371640889	175	63	28	0	0	91	109
SRR8351382_k141_1489568_1_202014935	208	114	62	0	18	102	177
SRR13727538_k141_102644_4_134639259	81	93	55	0	0	126	62
SRR14751606_k141_2047828_1_466926764	37	93	91	0	14	190	301
SRR14751609_k141_1152525_2_490141996	372	74	40	0	1	202	175
SRR14932666_k141_1156043_4_758575708	190	122	48	0	17	153	118
SRR19238504_k141_852257_1_124117092	42	44	24	0	1	140	67
SRR26726064_k141_232655_7_158696611	342	176	105	0	5	482	446
ERR4678593_k141_183524_2_57193329	56	128	33	0	16	95	102
SRR2107216_k141_8504_2_24011278	272	97	32	0	1	278	418
SRR10132660_k141_457684_1_291972793	18	46	50	0	3	127	143
SRR13727517_k141_170529_180_116760541	30	108	77	0	12	236	215
SRR13225447_k141_312210_2_383758702	243	208	42	0	1	85	189
ERR4678576_k141_2234750_2_39557751	35	69	68	0	7	144	239
ERR11269307_k141_1115732_3_206250754	275	112	47	0	28	230	233
SRR8512251_k141_420967_15_70077927	257	66	26	0	2	103	83
SRR22372557_k119_152582_19_206248464	37	52	26	0	6	130	65
SRR26726064_k141_225107_5_158900798	29	71	79	0	17	173	260
SRR14932627_k141_897174_2_678455942	104	55	42	0	2	228	152
SRR7369915_k141_187838_1_12212940	22	60	57	0	1	114	108
SRR19786844_k141_36077_4_564008228	47	56	24	0	1	114	64
SRR9261044_k141_145676_2_246691806	187	50	26	0	0	215	208
ERR9855098_k141_1227779_2_30539191	167	68	43	0	1	224	376
ERR1713332_k141_327713_1_85473166	5	47	38	0	6	86	221
ERR11269309_k141_230007_3_208796826	38	76	66	0	10	222	274
ERR4678617_k141_1150386_1_91024185	52	49	51	0	10	146	240
ERR4678604_k141_623695_1_69009452	47	59	48	0	0	124	89
ERR1713400_k141_711228_1_159339483	526	173	75	0	14	143	440
SRR10598218_k119_68966_3_51622411	16	56	64	0	3	127	198
SRR9261013_k141_371041_2_231299507	238	57	49	0	1	214	310
SRR6439736_k141_95061_2_2508387	488	96	68	0	9	91	374
SRR10132630_k141_333011_1_288822491	62	48	30	0	5	275	299
SRR11088427_k141_455962_1_32575070	376	54	59	0	3	130	350
SRR8831201_k141_2441902_2_212835031	389	59	26	0	0	82	385
SRR14932642_k141_1449425_1_707896570	259	131	38	0	20	213	153
ERR1713334_k141_480123_1_86770045	38	90	89	0	7	176	279
ERR11269297_k141_447219_1_53492210	5	53	36	0	6	86	157
SRR19786825_k141_368_1_549003765	17	85	58	0	5	159	100
ERR1725938_k141_160642_1_171517691	92	51	62	0	1	123	443
SRR1702234_k141_158729_2_13566342	65	46	27	0	0	122	75
SRR19238503_k141_186911_2_122067220	12	84	70	0	8	183	121
SRR25018396_k141_274287_1_624853456	283	53	34	0	25	249	187
SRR9852177_k141_1793963_8_278904021	341	54	49	0	7	90	417
ERR3281032_k141_268284_1_9553025	449	183	115	0	43	147	340
SRR20309467_k141_845317_1_174821070	12	135	57	0	4	354	91
SRR13225451_k141_412047_1_339494581	43	59	26	0	1	241	221
SRR9644739_k141_62394_8_64898790	18	80	60	0	7	154	89
SRR12404952_k141_3723515_5_95622336	59	134	26	0	1	409	160
ERR4678682_k141_850377_1_175167381	131	115	54	0	22	99	103
ERR4678640_k141_141304_1_142766809	199	104	47	0	3	385	373
SRR11673991_k141_21143_2_424227794	153	46	28	0	2	186	110
ERR3858123_k141_259496_1_37501636	352	308	95	0	44	345	183
ERR4678652_k141_257108_1_128583439	491	79	55	0	8	88	370
ERR1076082_k141_600519_5_1947486	517	48	24	0	0	189	387
SRR14932546_k141_1030848_9_552517903	331	149	43	0	2	116	66
SRR12113394_k141_249164_124_56021434	374	54	70	0	1	109	112
SRR6439735_k141_938527_1_1271012	476	109	105	0	24	297	381
SRR16108669_k141_158981_273_531717125	176	103	42	0	2	273	306
SRR14932674_k141_184469_6_771673107	257	66	33	0	1	175	333
SRR12404963_k141_1955825_9_78802553	194	134	49	0	3	382	260
SRR22752025_k141_1374313_1_263206892	185	118	44	0	417	406	315
SRR2107219_k141_374050_1_25156170	161	50	30	0	12	197	77
SRR11088392_k141_491103_1_9420270	231	101	44	0	3	297	152
ERR5954425_k141_508228_2_210721883	452	211	60	0	12	472	141
ERR2592257_k141_208014_1_4831403	109	72	64	0	1	145	460
SRR14932523_k141_798158_10_511402022	244	80	51	0	13	142	243
SRR11088434_k141_2107002_1_385302952	140	59	24	0	3	291	238
SRR14932542_k141_223986_2_545009913	286	84	36	0	2	165	175
ERR1713349_k141_239392_3_101554278	102	44	56	0	0	83	406
SRR12113407_k141_3724866_1_79802608	373	48	49	0	0	161	312
SRR13727527_k141_757532_1_124099037	178	52	28	0	0	112	104
ERR3761225_k141_1906706_1_132593814	10	86	58	0	9	150	60
SRR26502672_k141_1241049_70_221122747	174	72	41	0	112	345	247
ERR1713364_k141_304622_2_119411472	88	47	53	0	32	219	470
SRR22752045_k141_899146_1_290672436	67	55	25	0	3	273	269
SRR9852167_k141_137806_1_258505504	219	83	28	0	7	139	82
SRR13994250_k141_692139_1_439564681	476	106	88	0	2	278	294
SRR7369917_k141_96485_1_14956267	170	96	42	0	1	302	295
SRR13608714_k141_740164_1_357374858	28	46	34	0	0	101	343
SRR25018393_k141_538329_2_623201086	99	56	72	0	1	90	411
SRR14751605_k141_1023588_57_463896129	104	95	40	0	13	330	288
SRR14932547_k141_1175688_1_555353000	279	52	23	0	0	189	310
SRR14932611_k141_2164971_1_652307294	346	109	30	0	2	282	67
SRR14932552_k141_713515_1_564239761	269	95	38	0	2	223	133
SRR24226016_k141_93739_2_197602001	161	233	45	0	17	191	79
SRR12404948_k141_1979595_6_44707576	39	46	28	0	9	94	96
ERR4678581_k141_363560_14_48330704	493	227	100	0	9	429	374
ERR3281039_k141_145941_9_12380331	72	48	25	0	0	255	112
ERR3281039_k141_64240_2_12451037	46	69	41	0	0	122	83
ERR4678638_k141_129410_1_140479763	8	55	64	0	5	104	173
SRR7369922_k141_1128106_2_21039648	102	123	80	0	5	437	213
SRR14143308_k141_138128_1_73107433	430	179	51	0	11	157	358
SRR15669519_k141_438707_1_139188127	299	79	27	0	0	227	84
ERR1726006_k141_194083_3_80837989	272	164	69	0	8	484	386
ERR4869736_k141_666088_2_87847377	182	60	26	0	42	181	169
SRR10598218_k119_191747_11_51498875	73	46	33	0	2	81	350
ERR12084963_k141_771504_2_37512484	185	134	45	0	6	415	344
ERR5954430_k141_613605_3_265780550	168	136	31	0	10	484	231
SRR14751602_k141_8013_1_455662730	57	44	23	0	1	93	389
ERR9855099_k141_553222_1_65922197	102	100	68	0	0	231	398
SRR19786825_k141_311906_2_549400981	50	119	85	0	14	245	214
SRR12113407_k141_793699_44_79207231	255	65	37	0	3	171	131
SRR10132625_k141_743051_1_284931637	135	138	80	0	2	329	103
ERR11269298_k141_971561_1_55010322	20	93	70	0	15	229	181
ERR1726033_k141_594359_2_9803575	517	284	151	0	17	595	515
ERR3761240_k141_1110644_2_47773579	157	137	90	0	5	446	155
ERR1713365_k141_135107_2_119827417	294	93	76	0	0	161	448
SRR14932595_k141_518311_1_640441260	73	45	56	0	0	93	388
ERR11269299_k141_172988_1_22804331	9	44	34	0	3	88	202
ERR4678671_k141_96828_18_274400061	41	77	85	0	18	176	253
SRR11088485_k141_1525184_3_410862663	131	85	41	0	1	215	61
ERR1726019_k141_130071_1_807161	84	67	32	0	3	295	317
ERR4678591_k141_117302_1_55709706	37	90	81	0	7	163	287
SRR6797145_k119_19000_3_1704088	4	48	44	0	7	103	66
ERR4222572_k141_351307_5_55885926	28	92	68	0	14	216	152
SRR14751605_k141_96977_2_462998772	108	79	33	0	0	247	205
SRR9261046_k141_369741_2_247746586	292	93	63	0	58	211	168
ERR4869757_k141_491119_1_100721101	299	180	84	0	5	489	444
SRR10132662_k141_329536_1_293801010	19	55	30	0	6	134	117
SRR11088434_k141_2813651_4_383442375	229	56	43	0	0	132	299
SRR8351384_k141_680482_3_206117104	179	117	43	0	54	172	140
SRR9030456_k119_11660_6_232475195	35	70	82	0	5	168	218
ERR3858124_k141_647593_3_25932653	140	242	73	0	22	96	133
SRR13608714_k141_1083774_4_357656827	92	63	64	0	5	112	165
ERR1414226_k119_177593_20_4976627	504	100	48	0	0	234	437
ERR11181245_k141_281921_3_3979781	133	54	28	0	0	135	328
SRR4754862_k141_1292570_3_117828108	145	116	24	0	4	139	61
ERR4678605_k141_534696_1_70925564	18	49	49	0	15	115	170
SRR22372539_k141_44418_74_213513459	275	48	39	0	0	120	162
SRR6747790_k141_20345_1_147777474	292	192	41	0	9	82	65
ERR5954390_k141_57083_10_187815793	283	217	106	0	50	347	257
SRR11088485_k141_426984_1_410151706	318	103	43	0	2	328	163
SRR13225455_k141_1310_1_341952730	423	172	113	0	13	472	477
ERR1725995_k141_36163_2_83700308	92	54	54	0	1	127	416
ERR1713368_k141_497512_2_188207811	21	45	37	0	0	93	226
ERR1713368_k141_138385_1_188505430	72	50	29	0	2	320	202
SRR11088419_k141_768866_1_47076660	86	62	29	0	0	99	97
SRR6439735_k141_263633_1_2242583	79	56	23	0	1	90	77
ERR4678587_k141_11575_1_18463000	123	74	51	0	4	305	124
ERR4678580_k141_140604_1_46989322	10	54	44	0	6	119	235
SRR6797127_k119_219117_1_1016159	42	48	47	0	15	154	258
ERR1713375_k141_158095_6_129359484	449	238	129	0	8	537	498
ERR11269306_k141_408890_2_203548166	8	47	37	0	7	92	203
SRR18749948_k141_130060_1_100449323	81	142	51	0	3	429	139
SRR21427519_k141_64170_3_147562678	297	51	34	0	0	124	307
ERR11269311_k141_358563_2_212424815	18	59	60	0	15	141	267
SRR8351382_k141_861794_17_204250125	231	108	40	0	5	215	138
SRR21694248_k141_213743_1_169485072	188	129	48	0	6	449	284
SRR19786836_k141_535798_5_582611175	11	67	52	0	5	113	94
SRR21203051_k141_17625_4_165663871	94	60	36	0	1	113	70
SRR19238504_k141_393874_4_123213134	143	57	50	0	1	102	281
SRR13727525_k141_123226_92_121454730	13	45	43	0	2	115	96
ERR4678695_k141_629930_2_276515578	220	46	57	0	1	145	397
ERR2592343_k141_966756_2_11723172	343	200	110	0	6	457	500
SRR15237818_k141_620739_1_249432765	294	131	67	0	4	469	450
ERR4869795_k141_684291_1_120802589	302	141	39	0	37	507	222
SRR18749948_k141_887849_43_101113207	132	161	38	0	16	270	122
SRR9644740_k141_165500_8_65576104	144	57	27	0	4	115	84
SRR10132666_k141_451150_3_297179608	21	64	65	0	3	136	142
SRR18749955_k141_356309_4_107973045	15	73	55	0	13	178	68
ERR3858114_k141_1053264_3_18835695	324	82	95	0	0	137	111
ERR4678648_k141_206838_5_121025843	386	200	110	0	5	520	501
SRR7369923_k141_169073_1_22550291	22	45	28	0	0	93	141
ERR11181247_k141_113867_1_4936732	20	49	52	0	12	121	130
SRR14554403_k141_17781_1_399282498	328	183	89	0	4	521	410
SRR2107185_k141_121503_1_20626755	313	71	24	0	1	203	93
SRR25018396_k141_896301_1_625485666	268	68	29	0	135	274	222
ERR11269307_k141_33366_1_206776677	187	131	47	0	11	425	332
SRR11088392_k141_2216005_2_11212800	30	70	69	0	7	139	209
SRR22372546_k141_109067_1_216532197	182	109	34	0	7	404	320
SRR13727529_k141_593222_2_128225271	11	52	53	0	11	141	159
ERR2592277_k141_236825_1_63758089	135	104	61	0	1	247	418
ERR4678637_k141_1037376_1_137305793	354	81	45	0	4	154	395
SRR6800319_k141_55264_4_188956311	240	74	23	0	0	201	136
ERR2592280_k141_412_1_62413222	192	61	40	0	1	209	303
ERR4678592_k141_372494_2_56205873	349	186	123	0	3	369	493
ERR2105752_k141_17000_1_6770386	265	131	62	0	6	105	460
ERR4678626_k141_597304_2_103582415	147	91	24	0	5	85	101
SRR18749950_k141_832812_19_103379425	11	58	55	0	16	168	152
SRR13608737_k141_1519283_1_364736168	323	149	83	0	45	105	386
SRR11088398_k141_147323_1_104183033	229	96	50	0	1	238	163
SRR18331982_k141_19198_5_179499278	14	50	49	0	5	108	232
ERR4678582_k141_812949_2_49468461	366	165	117	0	1	344	490
SRR9261031_k141_284470_2_239539348	358	116	75	0	0	168	460
SRR14751606_k141_1206955_1_466233864	347	147	83	0	13	507	382
SRR14751606_k141_398725_1_466442418	19	51	36	0	3	104	188
SRR6797128_k119_67828_3_3301328	24	46	39	0	0	100	138
SRR26726066_k141_439858_1_160395714	340	245	96	0	263	357	259
SRR14932486_k141_889558_1_459329559	401	138	71	0	12	324	275
SRR13639658_k141_457460_18_368568504	142	116	35	0	0	429	270
SRR19238504_k141_516626_10_123406975	17	86	70	0	14	202	104
ERR4222567_k141_148418_19_47752943	274	147	65	0	2	418	280
SRR9261012_k141_143473_4_230680799	310	55	34	0	1	145	279
SRR18749959_k141_13906_2_91945522	54	149	46	0	17	84	124
ERR1725986_k141_148795_1_74423649	344	187	140	0	13	460	449
SRR10132624_k141_185577_1_284397966	123	100	33	0	1	109	73
ERR1725968_k141_34246_2_180501769	163	58	60	0	0	142	449
SRR14932492_k141_827445_1_466168013	121	101	35	0	4	111	75
SRR22372591_k141_7409_14_209607788	223	247	25	0	12	129	266
ERR4678589_k141_720902_1_21653779	26	74	62	0	9	140	277
SRR9852194_k141_2245393_1_307250856	393	266	77	0	83	300	176
SRR22752010_k141_356275_1_252092085	139	62	73	0	0	125	434
SRR22752011_k141_435172_1_252822795	332	49	50	0	1	112	319
ERR4678640_k141_304744_1_143596061	63	47	36	0	0	82	315
SRR7369912_k141_1059601_11_8378753	136	94	24	0	2	355	275
SRR12964611_k141_417898_11_112921224	156	73	61	0	0	145	90
SRR13225451_k141_204756_1_339262187	139	104	102	0	61	240	334
SRR2107173_k141_168890_1_16186572	471	176	122	0	3	439	420
ERR1713334_k141_188094_1_86819497	17	48	48	0	5	132	249
ERR3281034_k141_310490_1_10085986	44	59	54	0	14	162	272
SRR19786837_k141_424581_2_559074059	160	67	26	0	13	125	115
SRR14932573_k141_1260659_1_599922254	356	166	81	0	7	520	480
SRR14932513_k141_237266_1_487878039	247	96	49	0	15	264	178
SRR7369921_k141_51946_6_19450629	24	50	45	0	69	207	321
ERR12084943_k141_9122_1_5895698	117	105	29	0	4	366	322
SRR14932533_k141_2110150_4_528944500	459	250	148	0	138	540	334
SRR13608728_k141_797531_2_363443845	272	58	25	0	0	149	171
SRR7912025_k141_226601_10_59039997	5	50	36	0	3	87	206
ERR3281038_k141_553945_14_11406584	110	55	34	0	10	321	313
ERR1725947_k141_631954_1_175599159	425	110	40	0	0	352	432
ERR11269305_k141_587200_15_202416186	88	46	53	0	1	101	341
ERR11269302_k141_437607_4_199422301	30	93	93	0	16	175	316
SRR8351385_k141_2039956_45_210577392	238	138	30	0	9	132	93
SRR15237805_k141_297794_1_223028907	41	55	63	0	0	111	102
ERR9855086_k141_808078_2_43664633	141	47	61	0	0	121	348
SRR14751592_k141_75692_10_454425220	100	52	41	0	0	162	80
SRR21694251_k141_346281_2_570148293	261	89	42	0	2	273	129
SRR11536955_k141_1377035_1_93539416	40	72	48	0	15	125	266
ERR1726026_k141_39649_1_35040366	157	59	71	0	1	130	449
ERR4678612_k141_163448_1_83176691	205	124	64	0	28	293	147
SRR14932499_k141_1051941_2_477994761	447	169	86	0	491	428	143
SRR15669520_k141_492951_3_139644461	73	51	45	0	0	91	334
SRR6797133_k119_95581_2_2911670	11	88	24	0	0	101	100
SRR6747737_k141_217582_1_86899494	328	56	30	0	0	98	159
ERR4678609_k141_937930_1_78320580	207	95	30	0	1	376	397
SRR14554404_k141_260538_2_399776192	233	99	37	0	278	434	269
SRR12328016_k141_187075_2_217531440	390	90	35	0	3	159	271
ERR4678695_k141_998081_1_277464620	225	76	34	0	0	197	178
SRR9852208_k141_1042261_1_337051229	367	65	29	0	1	248	322
ERR9855092_k141_374679_1_54666971	72	51	41	0	1	104	364
ERR4678584_k141_222780_1_13468361	168	64	72	0	1	157	407
SRR9261002_k141_256256_1_225752935	233	184	37	0	5	244	117
SRR8797411_k141_67582_192_59497680	130	48	23	0	2	163	128
SRR13727533_k141_122550_44_129972634	245	62	45	0	0	147	170
SRR11088419_k141_735033_5_47696326	127	49	32	0	132	284	221
SRR6747751_k141_480041_1_101319068	358	55	48	0	3	173	219
SRR14932615_k141_412883_8_659425180	214	91	50	0	3	269	376
SRR21802942_k141_901444_1_174060235	122	106	28	0	8	338	286
ERR4678574_k141_932913_1_24395609	205	105	81	0	5	345	433
SRR11088476_k141_943636_1_55706900	144	67	29	0	12	237	114
SRR10132658_k141_254812_1_378044978	26	68	59	0	2	130	212
SRR2107210_k141_306276_3_20952209	132	60	35	0	3	183	225
SRR9261031_k141_328805_7_239823117	323	130	47	0	14	292	237
SRR11088425_k141_855925_1_379142579	339	96	43	0	1	242	165
SRR9852211_k141_663746_1_343639839	135	63	26	0	2	239	70
SRR14932513_k141_1141455_1_488145962	75	51	48	0	0	101	371
SRR18749957_k141_836151_1_161460055	182	101	37	0	26	407	349
SRR11088429_k141_952035_1_53575180	25	59	64	0	8	133	263
SRR10132661_k141_278234_2_293092712	49	128	37	0	61	299	77
ERR2592341_k141_177731_2_8951434	292	97	52	0	0	144	268
SRR15085115_k141_694701_3_50327529	17	49	45	0	1	94	136
SRR22752040_k141_714186_1_278994619	141	65	37	0	1	233	255
SRR13727525_k141_259702_83_121607862	72	74	89	0	11	172	224
SRR22184781_k141_283693_2_613162179	87	152	59	0	2	427	136
SRR11088413_k141_288742_1_129621916	148	86	61	0	1	142	456
SRR10132670_k141_669151_1_299524492	140	53	50	0	0	95	352
SRR15237806_k141_443044_11_224454582	379	127	68	0	53	293	327
SRR8512234_k141_469129_8_62166127	15	48	54	0	4	118	103
ERR3281039_k141_253925_7_12446593	264	66	31	0	0	141	292
ERR3281039_k141_66387_84_12540349	161	104	97	0	123	234	361
SRR14751603_k141_527796_2_459467938	187	83	61	0	1	122	78
ERR2592271_k141_161988_1_14112646	127	46	38	0	1	127	425
SRR22752042_k141_1104196_1_283666220	35	48	33	0	0	87	254
ERR3281032_k141_141168_1_9491426	15	71	49	0	27	122	110
SRR25018387_k141_519830_3_619890058	231	115	70	0	0	382	360
SRR21427518_k141_120482_1_146231740	298	190	71	0	11	271	138
ERR9903368_k141_109764_201_493176513	215	107	28	0	19	167	114
SRR14932486_k141_727068_5_460121797	212	261	40	0	2	94	124
SRR15085122_k141_255034_3_54486945	174	97	30	0	0	151	198
SRR6986819_k119_156527_2_32205941	76	108	37	0	0	348	227
ERR1713343_k141_6446_1_93987818	110	49	26	0	1	128	82
ERR1725961_k141_12102_1_179192863	238	206	52	0	25	146	123
ERR4678656_k141_477639_4_131359483	112	56	33	0	1	152	400
ERR11269305_k141_973603_8_202206560	443	222	45	0	16	125	209
SRR11088462_k141_51611_3_394726898	495	234	136	0	6	529	497
ERR1713331_k141_107112_1_84132035	124	67	55	0	1	126	436
SRR9261020_k141_95645_1_234158955	334	70	31	0	0	118	192
SRR10132671_k141_107269_2_300612192	45	46	47	0	1	93	381
SRR18749965_k141_531549_1_110928253	111	101	27	0	0	342	237
SRR7912025_k141_51199_18_58869975	25	52	50	0	1	122	204
SRR14932623_k141_102542_3_672969763	362	271	94	0	35	235	480
SRR15237818_k141_176578_18_249708841	39	52	61	0	13	134	213
SRR9852214_k141_565705_1_348229196	386	109	91	0	1	221	275
SRR11088462_k141_370020_2_393693789	352	133	55	0	5	274	78
ERR4678600_k141_228245_1_64173801	18	46	50	0	3	118	261
SRR14751620_k141_1365029_3_515679208	202	90	60	0	3	295	409
SRR22372552_k141_177121_5_188904149	3	67	47	0	27	100	93
SRR5007141_k141_2651588_27_47428257	529	296	94	0	52	411	456
ERR11269306_k141_27097_2_204155547	331	153	104	0	3	341	483
SRR12964611_k141_103139_3_112957866	359	228	141	0	2	524	486
SRR11536955_k141_686877_12_92682188	12	59	47	0	3	112	172
ERR1725969_k141_726042_1_181344243	125	49	53	0	1	125	459
ERR5954384_k141_46926_7_181992646	325	164	85	0	8	502	427
ERR11269299_k141_445881_4_22845095	129	133	110	0	56	234	437
SRR4754859_k141_794554_1_131046894	74	91	40	0	0	251	95
ERR9903371_k141_202836_2_273649168	143	157	49	0	17	105	111
SRR10598224_k119_243124_4_67007632	40	47	62	0	11	151	164
SRR9260995_k141_158411_1_221807373	193	95	35	0	4	314	143
SRR15237801_k141_604436_20_221680801	102	73	32	0	3	244	422
ERR2592267_k141_252887_2_1342445	282	78	74	0	1	202	479
ERR4222588_k141_383291_2_59856895	374	51	41	0	1	181	277
SRR22752036_k141_1461333_1_266441353	44	45	49	0	0	87	260
SRR1168486_k141_4166_7_10774348	452	115	27	0	0	87	104
SRR15669522_k141_855554_1_143799469	386	321	105	0	145	408	233
SRR2107171_k141_43841_4_15827648	496	91	53	0	7	97	376
SRR6986814_k141_96072_2_7276926	301	107	32	0	40	207	208
SRR14932641_k141_1435648_1_705445802	76	54	39	0	2	168	66
ERR1713406_k141_469696_1_165430000	165	102	34	0	0	347	305
SRR2107219_k141_273987_1_25495011	183	61	58	0	1	126	436
SRR22372544_k141_199005_1_215607429	217	171	78	0	7	490	393
SRR13727540_k141_7558_1_135321531	359	69	43	0	8	346	332
SRR12334050_k141_227229_2_218691314	91	50	54	0	0	124	380
SRR8351382_k141_449424_4_202011334	433	156	155	0	2	218	198
SRR3727511_k119_83700_1_5901131	94	93	34	0	23	373	269
ERR11269303_k141_1487275_1_200572488	24	51	46	0	2	109	171
ERR12084966_k141_256953_2_43060510	424	186	93	0	2	455	287
SRR14492199_k141_46433_1_392682127	40	58	72	0	14	145	207
SRR18331977_k141_107979_1_178518554	424	180	103	0	4	409	467
SRR13107662_k141_395871_1_310130434	85	94	65	0	24	237	180
ERR4678677_k141_488587_2_195597503	49	58	44	0	6	152	327
SRR13727528_k141_690837_8_126765201	160	101	30	0	0	263	126
ERR1713377_k141_135727_2_131555725	273	64	72	0	1	183	431
SRR11088380_k141_1087051_1_364415132	494	44	24	0	0	188	379
SRR12113407_k141_407568_4_77593145	73	74	37	0	2	279	82
SRR12404948_k141_2049328_3_44122334	236	48	71	0	5	140	461
SRR8351383_k141_1037970_2_205793147	92	61	47	0	0	137	397
SRR12964614_k141_766645_1_115692879	15	52	43	0	4	114	210
SRR14751602_k141_428738_1_455546141	182	54	30	0	4	322	302
SRR6747712_k141_150249_2_62162753	283	52	31	0	42	193	144
ERR1713395_k141_392293_2_152544339	25	101	90	0	21	192	327
SRR6797130_k119_18615_49_6975331	120	88	35	0	1	279	78
ERR4678634_k141_706884_1_113373930	296	83	65	0	1	121	372
SRR11235433_k141_454770_1_413095721	356	88	28	0	0	91	381
SRR26726070_k141_220289_4_161582285	216	73	88	0	0	179	148
ERR1713358_k141_571282_2_114228526	360	64	24	0	1	86	363
SRR19786835_k141_862828_1_557290963	265	64	25	0	1	243	142
SRR19238507_k141_79976_2_127683977	14	78	57	0	3	159	90
SRR19238507_k141_312018_2_127965080	140	152	27	0	18	199	82
ERR9903371_k141_121241_2_273368077	380	129	79	0	12	301	272
ERR4678616_k141_706559_1_89094013	27	64	60	0	7	125	252
SRR11088390_k141_721801_1_21849002	190	72	42	0	1	145	372
ERR4869820_k141_484554_6_145984236	184	80	23	0	63	175	189
SRR25018387_k141_123757_1_619949347	235	150	58	0	5	453	335
SRR11088454_k141_2513148_1_88650939	174	66	58	0	4	239	249
SRR14560427_k141_438371_1_422500652	208	93	26	0	7	143	118
SRR19786826_k141_409325_12_549800814	17	66	50	0	10	136	246
SRR19238503_k141_700556_1_122082723	19	67	53	0	7	139	88
SRR12964613_k141_204629_2_114728212	106	56	35	0	4	122	201
SRR13727535_k141_153463_32_132152824	138	103	70	0	0	206	245
ERR3281034_k141_290956_14_9829603	218	142	82	0	26	221	206
SRR8351382_k141_796625_32_202026422	289	214	24	0	43	506	147
SRR14932575_k141_122156_1_603783727	146	87	23	0	2	334	255
SRR13225447_k141_496935_1_384038720	292	95	59	0	1	274	194
ERR4678575_k141_472927_9_36429098	345	99	62	0	2	247	391
SRR7369919_k141_892004_1_223584570	22	57	32	0	0	130	262
ERR4678650_k141_739098_2_126317325	333	104	88	0	0	213	462
SRR12334050_k141_128635_2_219126061	359	169	40	0	6	112	291
ERR4869764_k141_164239_5_106588113	118	90	88	0	1	272	189
SRR13225461_k141_194676_1_346980379	4	48	38	0	2	79	163
SRR18749958_k141_326990_1_91280975	9	78	56	0	10	157	104
SRR6747735_k141_27609_1_84995711	353	204	60	0	36	365	298
SRR11088380_k141_230982_1_364804597	19	57	53	0	3	128	200
SRR10132658_k141_717063_1_378210584	329	117	36	0	0	126	158
SRR13727527_k141_836819_4_123995381	108	46	24	0	1	180	155
ERR4678586_k141_896017_2_16620250	126	60	57	0	0	141	447
ERR5954449_k141_239434_1_224260566	113	65	24	0	62	291	273
SRR17063157_k141_417661_1_541071286	99	75	30	0	1	192	129
SRR6747713_k141_74382_1_62819049	404	174	76	0	16	141	76
SRR6439736_k141_188841_1_2611224	190	63	35	0	0	139	366
ERR12084966_k141_1055312_1_41722621	273	75	26	0	12	296	317
ERR9855092_k141_666236_1_54439862	238	193	104	0	5	482	452
DRR198504_k141_132513_2_974353	260	122	39	0	23	374	234
SRR10132623_k141_159069_1_283354183	52	75	25	0	22	303	233
SRR14932487_k141_783460_11_461604919	492	84	48	0	0	103	229
SRR7369912_k141_1057181_1_8303975	14	53	43	0	6	106	223
SRR12113411_k141_1037883_1_87236534	363	72	33	0	0	107	118
SRR7369917_k141_612681_7_15997361	121	71	24	0	1	250	196
ERR1713350_k141_1335753_1_102838494	24	46	50	0	2	126	179
SRR22752010_k141_121723_3_252380924	179	106	44	0	5	362	343
SRR13608705_k141_198344_6_354048216	442	179	36	0	7	138	103
SRR15669522_k141_309235_12_144077655	428	264	144	0	16	565	493
SRR14751605_k141_1027342_1_464003281	10	51	47	0	1	80	74
SRR21427519_k141_279908_1_147488015	46	91	96	0	22	192	337
SRR13608732_k141_525805_2_389040733	266	71	67	0	56	287	523
SRR12328016_k141_510624_2_217581874	274	48	26	0	1	128	403
SRR12404952_k141_3127007_1_96693362	229	158	87	0	1	308	435
SRR21705951_k141_309319_4_172826307	5	50	45	0	2	82	173
SRR14143314_k141_39352_1_29168638	461	124	31	0	1	206	401
ERR4869767_k141_667121_2_30328051	423	140	24	0	137	477	83
ERR4678689_k141_399745_2_180222272	113	55	30	0	0	135	353
ERR1076078_k141_29961_1_127190818	496	233	80	0	12	560	366
SRR22372594_k141_156080_60_210566882	189	73	42	0	2	229	68
ERR2592273_k141_205876_6_38431454	4	44	43	0	1	82	159
SRR13727540_k141_11980_4_135264986	87	89	88	0	0	231	202
ERR4678682_k141_13688_11_175262705	244	131	67	0	7	437	458
ERR9903368_k141_212875_38_493072546	192	119	52	0	3	433	336
SRR11088431_k141_522397_1_131356140	194	56	35	0	0	162	404
ERR3281036_k141_37065_5_10404379	142	57	45	0	0	178	117
SRR12404949_k141_1794152_2_126297761	8	45	42	0	12	115	89
ERR4678661_k141_817876_1_162864955	441	132	39	0	9	181	508
SRR19238507_k141_435278_30_127510637	121	113	32	0	6	143	131
SRR11088429_k141_706468_72_53978291	19	66	44	0	4	117	252
SRR11536956_k141_719174_1_70457517	22	45	46	0	7	106	203
ERR5954476_k141_226340_5_242087643	184	106	38	0	2	386	323
SRR18749963_k141_520705_2_96606747	8	45	34	0	1	81	64
SRR22105538_k141_766039_1_146617732	192	80	73	0	111	260	287
SRR11088388_k141_74285_4_368639752	197	56	40	0	5	104	401
ERR1713340_k141_12669_2_91377611	122	97	61	0	21	136	378
SRR15669518_k141_75355_5_137578032	14	71	62	0	8	138	91
SRR26726064_k141_271075_1_158503213	156	148	43	0	21	160	141
ERR1725944_k141_207722_1_173951234	101	55	60	0	0	125	415
SRR22372509_k141_168693_2_179286620	136	102	35	0	34	370	273
SRR9644742_k141_10817_1_66249740	14	81	66	0	8	178	96
SRR19238510_k141_75631_1_131578377	166	126	31	0	12	253	98
ERR4869826_k141_617233_2_155636610	166	105	57	0	4	365	222
SRR13107680_k141_572205_2_322535561	216	106	40	0	1	351	261
ERR1414226_k119_36793_1_5290241	184	81	32	0	0	231	180
SRR2308827_k119_165546_1_25816427	94	44	29	0	1	108	257
SRR21705949_k141_830500_1_150701879	82	48	36	0	1	86	62
SRR10132660_k141_385449_1_292783473	28	44	36	0	0	102	177
SRR13727527_k141_259206_1_123775088	10	53	42	0	2	101	183
SRR14932612_k141_1127108_5_652825789	353	54	31	0	1	205	319
SRR10598217_k119_138329_4_51120764	34	56	63	0	13	159	226
ERR4678629_k141_321058_1_106475062	7	45	42	0	1	83	213
SRR8648015_k141_1019625_1_1117551	276	77	68	0	0	173	390
ERR4678583_k141_612156_1_25439990	5	49	32	0	4	86	178
SRR6747753_k141_191014_1_103126660	435	73	48	0	2	191	374
SRR14751601_k141_243885_1_487180898	49	93	96	0	22	202	305
ERR4678593_k141_559422_3_56852819	211	51	45	0	2	172	466
SRR14751629_k141_799511_1_525027004	10	45	49	0	2	111	110
SRR13107671_k141_212161_1_381039789	251	84	37	0	141	256	170
SRR10598216_k119_87448_46_50977369	86	46	53	0	0	86	349
SRR11088398_k141_1400908_1_105136377	131	69	75	0	2	316	96
SRR14932652_k141_991086_12_727749873	169	75	26	0	3	151	78
SRR14932543_k141_250014_1_547756342	376	213	77	0	8	163	76
SRR22372540_k141_13040_2_214196776	129	114	37	0	11	186	69
SRR18331981_k141_31238_1_179244389	71	48	52	0	0	89	393
SRR13727529_k141_512770_93_127509077	30	53	47	0	0	126	149
SRR14560417_k141_501732_2_480909178	210	140	42	0	4	478	102
SRR7369918_k141_1140171_1_17578094	403	190	103	0	4	539	425
SRR8351382_k141_1684075_2_202746169	181	58	25	0	0	147	69
SRR13107692_k141_219832_1_335046733	27	148	60	0	21	103	74
SRR6800319_k141_113028_1_188895171	216	104	41	0	8	157	103
SRR26502666_k141_753881_1_212476097	23	195	52	0	45	114	83
ERR4678581_k141_776719_1_48931544	46	64	71	0	20	165	311
SRR9261045_k141_332600_3_247421421	210	91	26	0	0	160	129
SRR19238512_k141_451878_2_133955478	375	211	122	0	8	545	489
SRR6986821_k141_80899_2_33009370	65	51	51	0	0	99	324
SRR13171207_k141_454807_2_43818831	162	73	48	0	0	204	68
SRR21427519_k141_127709_6_147171552	353	193	137	0	2	412	487
SRR8351382_k141_701939_2_201717610	119	68	39	0	0	124	396
SRR19238497_k141_400596_5_115616494	8	56	37	0	7	137	102
ERR3281030_k141_23104_1_8406417	302	87	39	0	1	141	211
SRR15669520_k141_535437_1_140125198	212	193	25	0	11	263	85
SRR10761724_k141_778234_3_48418130	158	81	44	0	0	223	440
ERR5954481_k141_258703_14_243419350	389	189	93	0	9	523	324
ERR1726021_k141_50609_2_3413666	83	48	26	0	1	112	430
SRR15237817_k141_378378_1_248787441	479	112	82	0	13	202	468
SRR9852198_k141_1501170_1_318243515	55	89	83	0	18	190	275
SRR20309467_k141_101813_2_175842108	114	106	67	0	2	205	429
SRR13608705_k141_1481659_2_354134888	145	44	40	0	0	148	432
SRR19238498_k141_766768_6_116972184	391	192	93	0	8	533	476
SRR14751606_k141_2091961_13_465583419	158	104	27	0	4	344	268
ERR4678625_k141_352125_25_102158716	124	49	51	0	31	226	473
SRR18331983_k141_59551_1_179534383	389	64	61	0	1	179	172
SRR22752043_k141_1515427_3_284641580	148	69	70	0	1	137	443
SRR3098772_k141_130374_1_146833924	149	258	78	0	9	526	147
SRR6797138_k119_98840_1_24668015	14	55	46	0	4	108	214
ERR4678588_k141_1020511_2_20746784	6	50	34	0	8	120	118
SRR13727538_k141_356497_1_134879635	106	48	70	0	1	110	364
SRR10132628_k141_269822_1_287144531	96	116	35	0	9	103	129
SRR13608737_k141_2402189_1_363805993	25	97	59	0	4	139	69
ERR1713356_k141_691_2_111160256	116	55	34	0	0	90	302
ERR4678660_k141_1059167_2_272281973	447	218	95	0	12	242	522
ERR1713367_k141_1887726_1_121494231	77	68	30	0	44	346	297
SRR19786849_k141_176758_1_567782916	5	51	44	0	2	90	175
SRR9261037_k141_93350_1_243173915	304	54	53	0	0	129	203
SRR17063165_k141_195325_1_89759852	190	91	25	0	20	163	96
SRR22105530_k141_480986_1_136799526	122	50	23	0	0	168	72
SRR9852192_k141_1390147_1_301484845	378	91	99	0	100	369	239
SRR11674053_k141_241457_2_434820377	193	211	25	0	10	269	99
SRR19238496_k141_111914_3_115177498	217	149	50	0	5	462	404
SRR22752042_k141_1901024_2_283141395	290	45	33	0	5	143	230
SRR20309467_k141_186775_2_174898693	17	69	51	0	7	125	96
SRR4754862_k141_854715_1_118104345	248	83	34	0	0	221	272
SRR2308974_k119_282195_10_26417310	266	90	33	0	29	201	102
SRR21705852_k141_479665_1_579054854	81	49	30	0	2	225	204
ERR2985272_k141_142987_1_18572810	181	72	79	0	2	135	439
ERR1713375_k141_443051_1_129534089	115	89	40	0	7	101	258
ERR11269299_k141_129660_10_23132532	23	54	54	0	12	119	189
ERR11269303_k141_1279188_2_200591346	10	45	46	0	2	84	173
SRR14932612_k141_277268_4_653007323	153	47	25	0	1	153	203
ERR1713332_k141_45431_1_85361498	248	77	82	0	0	149	455
SRR19786821_k141_718048_1_547239338	94	54	32	0	1	261	276
ERR3281030_k141_273553_129_8339180	500	73	35	0	0	184	404
SRR10131203_k141_24182_1_279803443	337	172	109	0	4	480	484
SRR9030456_k119_290985_1_232153116	115	63	34	0	1	114	110
SRR13171211_k141_76842_4_45226800	253	301	65	0	73	248	173
SRR22372512_k119_159324_1_180950070	202	94	38	0	2	241	164
SRR8797413_k141_823452_36_62239125	371	129	112	0	5	237	125
SRR14143309_k141_53750_1_73296080	91	57	62	0	1	120	433
ERR2105756_k141_217687_4_20875826	82	64	40	0	2	110	86
SRR22372524_k141_325659_2_202031331	457	105	33	0	3	173	470
SRR13608725_k141_2629991_7_360834479	179	87	30	0	0	266	190
ERR1713369_k141_473601_2_123388035	493	230	56	0	14	269	531
SRR13727538_k141_252602_76_134334739	73	49	47	0	0	86	351
ERR9903367_k141_123213_1_251249069	68	104	49	0	2	97	63
SRR19238494_k141_221151_2_112515888	149	46	24	0	15	134	77
SRR8224501_k141_1994346_3_25796313	24	81	85	0	16	159	242
SRR8351385_k141_317180_1_208642827	54	51	36	0	0	84	310
SRR22372576_k141_52498_15_227387882	24	80	48	0	4	155	68
SRR18331986_k141_76212_4_173517793	104	58	75	0	0	123	433
SRR13225456_k141_605100_1_343259827	359	190	104	0	7	487	477
SRR19238497_k141_438202_15_115947517	232	260	56	0	12	229	96
SRR12404958_k141_735623_3_48928340	321	244	65	0	18	239	141
SRR14932487_k141_769354_2_461170216	311	68	55	0	0	162	116
ERR4678642_k141_827357_2_144101583	479	106	38	0	1	86	183
SRR11235433_k141_114642_1_413007347	18	61	47	0	2	90	118
ERR1713334_k141_656224_1_86180102	87	76	42	0	25	337	207
SRR18331983_k141_16895_2_179705551	264	76	86	0	1	154	463
SRR10132668_k141_429853_4_297498566	202	149	54	0	1	438	316
ERR4678634_k141_1397658_5_113895656	9	56	41	0	5	110	263
ERR12084961_k141_706679_2_35488904	260	62	29	0	114	322	61
SRR13107666_k141_560607_7_312684899	199	85	71	0	135	180	397
SRR14751607_k141_1790106_1_470627211	16	60	50	0	3	106	149
ERR4678604_k141_200234_2_69487787	193	110	68	0	1	348	422
SRR3501852_k141_365479_1_31010256	380	176	84	0	5	487	292
ERR2105757_k141_75881_1_24924872	102	60	54	0	1	133	437
ERR2105757_k141_50551_146_25123496	210	189	61	0	7	115	130
ERR4678615_k141_1043320_1_86620021	286	60	27	0	0	273	447
SRR9852211_k141_330374_1_343030657	292	138	38	0	25	184	91
ERR4869760_k141_29970_2_103980692	440	204	162	0	17	516	517
SRR14932498_k141_96730_3_476188807	405	113	39	0	0	112	115
ERR1713338_k141_598292_4_91105702	243	45	35	0	5	92	377
ERR2105748_k141_224384_1_9821674	102	73	24	0	2	222	64
SRR3098756_k141_93481_4_27321794	202	126	57	0	644	446	301
ERR1713360_k141_445020_9_114803948	146	93	35	0	4	338	289
SRR22372583_k141_456448_1_219877851	182	146	44	0	15	211	126
SRR13727526_k141_809325_12_122485058	15	47	40	0	2	128	146
SRR25018378_k141_208084_1_617415434	175	61	27	0	0	234	329
ERR4678695_k141_566709_1_277630982	198	65	23	0	3	142	120
SRR6747722_k141_276277_1_71891884	160	85	35	0	2	318	316
SRR2107219_k141_101646_3_25338896	201	51	44	0	1	142	442
SRR6797133_k119_31501_10_2889762	316	211	52	0	6	140	95
SRR8512220_k141_141085_1_61264312	146	233	63	0	30	160	142
SRR2107174_k141_76178_1_16474312	524	93	43	0	0	228	379
SRR2107218_k141_5536_5_24542778	470	159	54	0	0	100	177
SRR8745617_k141_40711_2_158195	120	151	35	0	7	218	156
SRR13225447_k141_360510_3_383453561	332	70	38	0	7	165	268
ERR11269306_k141_1573695_1_204585795	410	113	41	0	3	81	220
SRR9261015_k141_26964_1_232328552	327	66	38	0	1	109	349
ERR1713342_k141_1142181_1_92926761	29	70	62	0	12	136	225
ERR4678600_k141_772492_1_64120323	6	48	45	0	3	88	207
SRR8351382_k141_795207_1_201968848	130	57	36	0	1	116	102
SRR11088448_k141_402214_2_3575021	110	88	27	0	6	329	292
SRR9852202_k141_1279406_1_325917226	313	160	38	0	1	110	67
SRR9260999_k141_59618_1_223981052	307	83	52	0	0	138	189
ERR3281040_k141_4968_1_22798583	134	112	26	0	3	174	59
SRR8503606_k141_2003361_1_73725180	18	46	45	0	19	111	78
SRR14932625_k141_298915_1_675542596	90	91	50	0	0	283	121
SRR5123275_k141_384569_1_55277629	210	105	48	0	4	174	105
SRR9030454_k119_89225_2_230945184	134	73	65	0	108	251	467
SRR10132662_k141_36331_2_294038143	462	203	111	0	9	550	493
ERR2592334_k141_551870_1_78529715	99	57	71	0	0	102	343
SRR8512219_k141_298232_2_225569348	295	190	30	0	94	251	125
ERR9855093_k141_156835_1_27815600	164	97	26	0	1	302	215
ERR11181247_k141_74860_1_4792366	244	136	60	0	3	330	323
