Representative	AS	DW	GW	Group	MW	NW	WW
SRR7369916_k141_337259_1_13919172	111	111	49	0	0	283	138
SRR446576_k99_205925_1_49339595	18	93	85	0	56	158	242
SRR22752042_k141_1136401_1_284482853	347	218	115	0	8	532	497
SRR11088410_k141_643517_1_18468516	181	92	48	0	5	331	210
SRR13608705_k141_900733_1_354850716	289	89	58	0	1	165	171
SRR13608700_k141_1180583_4_385568506	399	251	138	0	20	590	507
SRR12964613_k141_101788_2_114375857	370	182	102	0	5	486	489
SRR14932528_k141_207939_3_519571163	380	162	91	0	3	476	468
SRR15237807_k141_214280_10_225345544	226	124	48	0	1	427	427
ERR3858110_k141_234867_3_13615485	248	221	87	0	54	160	313
SRR8863435_k119_232884_33_63479462	342	161	71	0	3	399	295
SRR26726063_k141_36743_19_158307404	24	94	68	0	9	189	136
ERR1713361_k141_38052_4_115353108	304	194	125	0	4	419	489
SRR21802943_k141_286971_3_175438819	273	167	74	0	5	456	373
SRR14751605_k141_1333369_4_465053793	283	194	47	0	59	517	201
SRR21203042_k141_19455_2_178290571	261	131	81	0	4	404	411
ERR3281041_k141_162461_3_13294404	274	124	70	0	7	419	451
SRR11088457_k141_1662638_1_14656882	294	173	90	0	3	419	489
ERR5954398_k141_480499_2_191870267	376	284	88	0	55	350	226
SRR12964614_k141_464243_7_115269303	539	225	146	0	32	228	519
SRR18749959_k141_176336_2_92117539	315	191	105	0	5	435	383
ERR11269306_k141_1253266_1_204623035	478	322	104	0	75	458	338
SRR18331990_k141_14371_1_174281299	440	235	130	0	11	553	507
SRR14751619_k141_328037_15_514524197	290	179	81	0	17	522	416
SRR11088485_k141_2384553_3_411405410	321	96	69	0	33	299	175
SRR13727519_k141_112148_2_118592865	230	142	70	0	1	335	361
SRR14751619_k141_342992_1_514933166	194	209	64	0	40	264	147
SRR11548472_k141_173440_1_67598768	24	114	86	0	19	275	239
SRR14560466_k141_515867_1_445367568	353	112	63	0	13	274	271
SRR13107670_k141_703479_2_315601463	48	91	94	0	19	193	294
ERR1725999_k141_290914_1_7390321	152	118	59	0	1	326	417
SRR12404963_k141_223115_6_79068205	57	115	103	0	29	225	343
ERR9903369_k141_224516_2_272610786	25	90	63	0	8	165	124
SRR8517158_k141_535718_1_90536326	244	128	52	0	47	363	157
ERR4678602_k141_370462_1_66269323	247	118	68	0	4	400	447
SRR12328016_k141_54052_1_217681590	405	142	88	0	205	385	325
SRR6986819_k119_154851_3_32456378	240	117	57	0	5	323	331
SRR12964612_k141_63476_1_113777077	112	123	49	0	3	380	275
SRR14932673_k141_249317_2_770070793	371	149	46	0	5	445	362
SRR8831205_k141_104648_25_217491494	233	134	59	0	354	236	139
SRR6516143_k141_12639_2_57876480	185	102	90	0	7	242	263
SRR22372596_k119_67045_38_211109469	259	232	52	0	18	258	245
SRR11088392_k141_711165_1_9418156	37	90	79	0	10	176	261
ERR1713352_k141_661324_3_107237375	540	292	163	0	23	601	522
ERR3281023_k141_508727_18_2491511	217	132	58	0	4	374	249
ERR1713380_k141_713779_1_133620213	155	131	81	0	1	336	469
SRR6747801_k141_57474_1_178044190	405	138	57	0	0	230	411
SRR14932486_k141_531574_1_459873219	438	224	116	0	12	548	492
SRR14932626_k141_41129_19_677410969	474	89	80	0	1	283	455
ERR1713407_k141_440546_5_167228100	204	94	50	0	0	257	429
SRR11088417_k141_959370_1_145360256	289	121	52	0	57	274	178
SRR14560456_k141_384051_1_439425840	361	113	77	0	476	326	227
SRR14932518_k141_1510724_1_497638061	390	239	65	0	28	344	226
SRR10132621_k141_431080_1_281808665	233	90	70	0	1	256	213
SRR6747722_k141_281076_1_72068258	455	203	133	0	110	250	132
ERR4678635_k141_277722_2_115334865	127	89	52	0	0	182	345
SRR6747720_k141_119422_2_70547454	303	159	57	0	28	220	140
SRR14932676_k141_1522057_2_773784339	537	192	104	0	4	166	354
SRR13107662_k141_338688_2_310342699	246	345	79	0	33	163	269
ERR4869764_k141_419681_2_105951503	190	171	82	0	2	371	341
ERR4678649_k141_1789291_1_123547796	412	218	125	0	4	529	493
ERR1713401_k141_474849_2_159978902	157	155	88	0	2	426	434
SRR12354360_k141_276881_4_235244633	324	127	51	0	3	417	405
ERR5954384_k141_677266_9_183054157	344	189	109	0	1	376	360
SRR12113393_k141_76339_3_55820605	446	105	48	0	1	285	257
SRR8797414_k141_24979_3_62890904	243	157	107	0	10	445	405
ERR4678649_k141_732333_1_124275924	23	100	74	0	9	211	142
SRR18331976_k141_30855_3_145968216	233	136	54	0	2	359	237
ERR5954486_k141_517281_1_246041163	119	177	82	0	5	475	191
SRR18331990_k141_29737_1_174238910	59	102	94	0	22	209	330
SRR8208343_k141_1639647_1_6559206	359	112	54	0	3	374	410
SRR6986821_k141_142430_1_32888927	107	118	71	0	12	241	230
SRR12341065_k141_426004_2_234252672	201	104	45	0	2	339	306
SRR6337696_k141_305185_2_508524860	343	148	97	0	1	334	471
SRR14932652_k141_402969_4_728943632	341	91	58	0	6	293	329
SRR18749960_k141_725813_1_92548404	331	220	86	0	12	517	373
SRR18331976_k141_48665_3_145984894	332	136	101	0	0	363	361
SRR13107662_k141_662504_34_310653853	335	143	70	0	6	451	423
ERR1414231_k119_477944_2_7915843	240	92	46	0	0	227	142
SRR21427517_k141_314739_1_172170838	215	94	61	0	4	175	168
ERR4678573_k141_904904_2_11985362	150	114	95	0	1	215	429
ERR1414227_k119_248881_2_6486447	290	283	93	0	22	272	203
ERR4222572_k141_1078160_1_55751268	273	117	56	0	5	289	219
ERR4869726_k141_34286_8_25808299	414	220	104	0	16	550	495
SRR19238500_k141_127876_36_119024453	465	352	134	0	507	432	258
SRR11673976_k141_1054498_1_418498239	422	246	119	0	35	571	405
SRR22752014_k141_483950_7_260664708	414	226	125	0	4	525	451
SRR14751592_k141_391414_1_454455548	358	126	63	0	1	283	155
SRR13608700_k141_1146989_1_387889836	22	96	68	0	8	193	135
SRR4754862_k141_83150_2_117795419	511	282	150	0	14	593	512
ERR4869816_k141_431237_5_256275969	151	196	57	0	3	411	134
SRR8503608_k141_1250072_3_82437764	411	140	72	0	500	346	281
SRR14932486_k141_2080452_1_458738648	328	308	65	0	37	394	169
SRR22372546_k141_304507_5_216727369	195	110	71	0	1	260	186
SRR13727521_k141_33515_4_119616988	469	269	156	0	17	600	494
SRR14751606_k141_348723_2_467565956	178	99	56	0	0	261	144
SRR9852209_k141_262610_6_339299445	398	126	63	0	152	340	384
SRR6439732_k141_151091_1_201155105	332	181	110	0	4	492	446
SRR8351383_k141_229845_1_204676699	226	197	47	0	6	183	117
SRR13727541_k141_72053_50_135625438	154	110	78	0	3	355	387
SRR18331973_k141_22729_5_145242435	267	154	110	0	1	342	181
ERR4678653_k141_534824_1_269710804	528	257	156	0	21	588	508
ERR1726009_k141_161568_21_73424857	252	200	97	0	44	239	441
ERR9855093_k141_479481_1_28205878	206	138	62	0	1	373	467
SRR18331973_k141_88522_5_145315518	406	237	124	0	13	548	508
SRR5278611_k141_402554_1_77615268	295	102	62	0	0	244	172
SRR14932584_k141_515874_1_618756567	401	185	108	0	35	531	471
ERR4678568_k141_704173_1_3828422	378	99	58	0	13	213	473
ERR4678685_k141_917474_2_178532881	54	108	81	0	16	253	216
SRR14932579_k141_381795_22_611789766	473	209	88	0	7	493	444
SRR18749946_k141_262200_2_97606956	32	103	73	0	9	206	166
SRR9852166_k141_264433_2_256528217	425	101	45	0	2	246	305
SRR4754862_k141_1187834_5_118509267	207	146	83	0	2	435	469
SRR12404949_k141_188100_38_125777817	29	108	60	0	7	186	146
SRR6337684_k141_292465_5_502135236	129	108	51	0	4	330	273
SRR12404952_k141_3209375_4_94696025	360	198	81	0	13	572	433
SRR13727522_k141_135728_16_119738476	222	114	87	0	1	320	443
SRR13727518_k141_181986_29_117351997	194	137	95	0	3	469	331
SRR19238510_k141_366618_1_131132630	141	88	52	0	3	371	115
ERR4869823_k141_470707_1_152327318	74	90	105	0	1	325	133
SRR10132619_k141_160999_8_281520080	252	132	46	0	3	437	400
ERR1725995_k141_59620_1_83740008	261	99	99	0	2	169	477
SRR15669520_k141_61815_14_139556198	260	143	51	0	5	480	369
SRR22105541_k141_477608_1_150783877	496	203	91	0	2	446	280
ERR1713386_k141_970717_1_142302665	35	89	90	0	16	161	274
SRR6337691_k141_61323_3_505713892	142	115	63	0	11	365	333
SRR6800319_k141_50842_1_188805390	381	119	77	0	2	329	457
SRR24226018_k141_66533_4_198677269	405	225	105	0	5	524	460
SRR12404955_k141_1332038_1_147296055	468	300	82	0	33	317	396
DRR198513_k141_19890_1_1389551	329	96	72	0	425	377	394
SRR14751604_k141_1934142_1_462062524	481	282	164	0	16	593	513
SRR14751621_k141_904382_1_520064759	398	99	73	0	11	301	463
SRR9852188_k141_504503_1_159358587	268	115	51	0	8	159	116
SRR13171216_k141_70542_3_47284106	344	131	50	0	2	348	272
ERR2592244_k141_178199_1_33423298	245	128	93	0	0	308	379
SRR19786828_k141_172031_1_551242459	197	136	49	0	55	430	367
ERR4678628_k141_1968581_1_33990604	51	96	98	0	16	193	282
SRR12404949_k141_378046_1_125844433	283	99	66	0	2	335	437
SRR8351382_k141_1705567_2_203467850	434	151	66	0	1	445	459
ERR11269307_k141_103477_1_205925205	305	114	62	0	0	249	170
ERR5954458_k141_367783_5_269360815	257	179	66	0	1	500	405
SRR2107215_k141_419393_294_23388013	277	242	63	0	32	276	260
SRR2107178_k141_69454_3_18121957	246	230	47	0	36	198	174
ERR3761227_k141_637596_3_107185777	247	169	48	0	12	426	204
ERR3281040_k141_145609_31_22861546	354	213	76	0	19	506	154
SRR12450810_k141_221450_1_238081429	341	108	56	0	0	428	355
SRR14932486_k141_1508393_3_458317364	404	148	80	0	7	496	362
SRR9261032_k141_213763_2_240083645	415	111	72	0	1	211	342
SRR14751592_k141_812261_2_454445966	55	88	86	0	5	177	278
SRR14932576_k141_1114473_1_606306420	387	189	95	0	3	401	344
ERR4225396_k141_599608_5_62161218	334	111	98	0	75	309	146
SRR13727526_k141_122952_13_122265012	302	166	77	0	5	504	331
ERR5954376_k141_1528471_3_175054664	366	118	57	0	0	315	134
SRR13107660_k141_588495_8_380854724	71	88	55	0	2	265	138
SRR15669520_k141_50262_1_140301022	280	113	59	0	5	196	191
SRR8831205_k141_717563_2_216906948	487	263	121	0	289	547	299
SRR14560466_k141_598487_6_445426481	416	232	68	0	16	246	514
SRR5278608_k141_5563_1_74475098	149	108	50	0	5	390	397
SRR18749953_k141_363677_14_106298894	29	103	70	0	21	267	247
ERR4678601_k141_226784_1_65398775	201	114	60	0	0	259	393
SRR14932593_k141_1108537_68_638339965	489	171	155	0	6	355	388
ERR9855095_k141_1032778_2_41041860	248	130	82	0	4	351	481
SRR17063163_k141_1487794_1_85527475	347	150	106	0	1	370	377
SRR14751624_k141_1239181_1_523033189	220	149	47	0	5	492	294
SRR13727527_k141_268587_2_124109362	59	101	88	0	21	194	323
SRR12404961_k141_3193807_1_11983983	196	173	47	0	4	483	128
SRR15085116_k141_56643_1_50755024	369	210	112	0	7	354	315
ERR9903367_k141_258010_37_251116911	319	105	46	0	3	206	310
ERR5954453_k141_816460_12_228913177	188	105	83	0	0	278	276
SRR2107181_k141_177158_2_18955287	150	202	51	0	22	216	162
ERR1713352_k141_950508_3_107629694	235	103	54	0	4	376	345
ERR4222572_k141_369837_2_56383278	498	241	126	0	13	560	502
SRR7369915_k141_486828_2_11950926	308	109	75	0	4	351	460
ERR4222572_k141_1152911_1_56247821	288	208	71	0	5	488	379
SRR5306406_k119_261109_1_595300662	349	260	67	0	87	377	181
SRR8205411_k141_392913_16_195051618	436	130	47	0	3	302	146
ERR4678573_k141_705990_1_12178275	220	101	64	0	4	308	171
SRR8648013_k141_69834_1_19048013	121	109	54	0	0	332	178
SRR8351382_k141_1094056_6_203353469	277	126	66	0	1	261	151
SRR13727529_k141_555505_107_127992379	118	103	49	0	2	381	135
SRR2107213_k141_25805_1_22690729	334	145	84	0	1	393	471
SRR21427519_k141_365837_32_147276137	540	308	175	0	25	610	512
ERR5954389_k141_1005229_2_186578624	206	162	47	0	20	213	124
SRR14751622_k141_1085711_1_522591666	303	114	49	0	13	469	174
SRR22372582_k141_52601_4_230197191	370	167	79	0	1	463	206
SRR13727527_k141_781580_10_125047242	357	169	82	0	6	326	344
SRR6337691_k141_102753_7_505737735	397	212	100	0	10	543	498
SRR6797145_k119_198530_3_1716251	47	97	87	0	11	175	296
SRR15085116_k141_20125_1_51454355	201	204	62	0	46	340	139
ERR5954436_k141_230098_3_217522821	260	148	58	0	3	479	190
SRR11088441_k141_230340_4_387416938	493	227	111	0	132	590	462
SRR14751588_k141_886091_1_451990543	286	176	82	0	8	514	437
SRR25018397_k141_19911_1_626119953	93	152	92	0	17	287	240
SRR12113397_k141_301576_1_70094174	437	223	137	0	141	495	406
SRR19238505_k141_281720_1_124713755	17	97	71	0	13	187	117
SRR8512242_k141_389931_1_65781725	52	105	104	0	23	194	333
SRR18331977_k141_110465_2_178635301	476	194	119	0	14	571	482
SRR12332666_k141_223386_1_218295744	428	119	49	0	6	179	388
SRR14751619_k141_944447_1_513731031	44	88	88	0	13	194	331
SRR22105536_k141_808733_1_144713632	370	151	57	0	27	486	344
SRR11088390_k141_1102307_2_22829443	329	191	63	0	35	241	491
SRR13608737_k141_1107830_1_366121991	22	114	70	0	9	197	115
SRR19238505_k141_563225_34_124973432	25	91	62	0	13	171	136
SRR11536956_k141_2523629_171_70606947	305	233	56	0	28	341	140
ERR11181231_k141_155029_8_465058	311	127	97	0	1	275	489
SRR22752015_k141_1586583_1_261869498	409	162	76	0	27	480	368
SRR11088380_k141_52678_1_365435234	327	163	77	0	1	465	462
ERR12084961_k141_239791_1_35533599	512	292	158	0	13	594	506
SRR14932523_k141_990737_4_511518854	415	121	91	0	2	184	347
ERR1713345_k141_129111_3_97148592	263	115	47	0	4	349	407
SRR19238504_k141_612616_1_123981812	391	156	76	0	199	392	226
SRR26726064_k141_111221_2_159021778	330	104	91	0	4	224	488
SRR10598224_k119_230617_2_67081640	97	178	50	0	15	200	158
SRR12964614_k141_813602_3_115370053	316	137	102	0	14	264	484
SRR12964614_k141_246553_18_115696024	334	164	96	0	7	475	436
SRR8517161_k141_941364_5_69087336	211	108	58	0	0	312	134
SRR14751620_k141_676653_3_515286397	45	98	87	0	13	185	296
SRR18749956_k141_460015_1_108903130	45	148	50	0	41	182	188
ERR12084946_k141_1083958_3_12549724	35	89	83	0	7	171	254
SRR21802947_k141_66457_1_590885911	169	116	46	0	2	284	125
DRR125127_k141_49165_2_27967723	189	108	52	0	3	391	241
ERR1725959_k141_65138_3_178219590	353	185	109	0	7	488	482
SRR13171211_k141_65152_4_45499040	362	163	68	0	10	232	238
SRR19786825_k141_406940_2_549024047	49	95	85	0	18	196	304
SRR14560393_k141_502762_1_402566359	486	261	142	0	34	582	494
SRR22752013_k141_1202612_3_258373821	519	265	159	0	16	585	511
ERR1725989_k141_337268_2_195387529	359	144	82	0	2	375	456
SRR9261024_k141_13694_3_236366635	283	247	69	0	32	279	218
SRR19238508_k141_61052_2_128765705	247	142	62	0	33	284	117
ERR9903369_k141_303000_1_272459297	352	155	55	0	5	160	446
SRR14751619_k141_795450_2_513534608	178	128	52	0	2	443	347
ERR4869753_k141_1174081_1_28309150	250	155	53	0	197	280	261
ERR5954449_k141_613796_4_223860226	221	138	92	0	34	419	368
SRR18749954_k141_287238_3_107782488	441	269	159	0	9	574	509
ERR2592260_k141_248832_1_13272195	453	187	144	0	6	562	512
ERR4678664_k141_611069_2_165422445	164	90	45	0	0	324	334
SRR18331972_k141_31061_2_145168372	164	97	103	0	2	270	196
SRR9644739_k141_107784_32_64947550	160	89	59	0	1	260	252
SRR14751604_k141_1988792_2_460963191	194	121	102	0	60	234	317
ERR1713357_k141_399185_2_112597430	426	98	78	0	13	202	483
SRR12404963_k141_1070589_2_79767952	133	127	62	0	8	499	423
SRR14751606_k141_876943_2_467157343	355	168	71	0	8	470	448
ERR4678589_k141_637887_1_21334306	256	130	89	0	2	250	467
SRR11235433_k141_739401_1_413210994	228	145	74	0	2	428	469
SRR14932665_k141_1767483_2_756185094	471	224	111	0	9	551	390
SRR9852164_k141_419412_2_251989644	352	170	90	0	48	498	253
ERR3281032_k141_122239_1_9596003	287	260	88	0	28	238	199
SRR13225454_k141_347345_2_385114459	308	180	101	0	1	471	411
SRR22752036_k141_1313687_1_266301755	353	94	49	0	217	265	220
SRR22105530_k141_415402_1_137190219	174	134	51	0	204	438	313
SRR21694250_k141_2936643_1_586248664	421	208	64	0	4	485	126
SRR14932542_k141_648562_1_545163792	546	265	171	0	15	570	508
SRR26726064_k141_333593_38_158733532	315	107	57	0	58	322	215
SRR12404959_k141_1882727_2_139684352	128	147	52	0	3	419	291
SRR14560448_k141_233300_3_433744309	82	93	63	0	25	215	148
ERR4678574_k141_266468_3_24893380	290	107	68	0	2	410	394
SRR22105546_k141_764315_28_157812766	29	93	58	0	6	168	118
SRR14455375_k141_334572_2_36350952	395	107	89	0	4	239	326
SRR14932477_k141_458514_6_443814640	302	95	56	0	0	321	268
SRR14560400_k141_285772_1_408203014	333	194	70	0	116	253	135
ERR4678572_k141_1496812_3_9893958	300	175	110	0	8	507	472
SRR13994250_k141_1523283_1_440049098	328	113	51	0	7	169	114
SRR22105535_k141_456906_1_142546000	36	128	84	0	24	206	293
SRR11674042_k141_322613_1_433582157	386	154	52	0	5	363	331
SRR14932550_k141_640419_1_559143463	418	174	51	0	3	412	125
SRR13727524_k141_154084_2_120864928	22	111	81	0	10	206	154
SRR6747744_k141_168371_1_93218844	433	150	82	0	14	487	483
SRR17063164_k141_865754_12_88402670	539	272	133	0	78	345	512
SRR12404955_k141_1020318_1_149144016	116	97	103	0	37	223	332
ERR4869831_k141_750535_1_160191518	312	151	75	0	0	427	322
SRR25018398_k141_149346_9_626950936	351	170	118	0	4	393	473
ERR4678660_k141_2044957_1_271874534	205	137	80	0	2	406	380
SRR9852209_k141_154439_1_339725525	374	99	59	0	9	293	259
SRR14751605_k141_1810331_1_463253237	209	116	46	0	2	266	405
SRR19238508_k141_168373_2_128118533	409	234	105	0	11	545	474
ERR2985267_k141_187944_1_5090029	549	180	59	0	16	364	535
SRR13107660_k141_371469_2_380943431	365	129	70	0	145	340	172
SRR18489177_k141_265964_1_194357826	269	135	56	0	388	448	323
SRR26502675_k141_480353_1_229592328	23	90	84	0	23	183	315
SRR15237808_k141_116566_129_226054103	252	143	68	0	5	491	205
SRR13727529_k141_444881_3_128278466	186	105	69	0	2	301	337
SRR2090172_k141_96442_12_45363631	446	216	124	0	8	565	483
SRR10132671_k141_338659_2_300338374	332	142	116	0	2	291	356
ERR1713331_k141_482928_1_83912954	41	99	88	0	24	175	154
SRR2103007_k99_36404_2_16772385	262	272	82	0	34	314	136
ERR2592278_k141_48962_1_54774960	386	155	60	0	1	310	461
SRR2090172_k141_418836_1_45717868	358	162	110	0	6	501	451
ERR4678560_k141_1208990_3_151686193	509	269	162	0	16	604	511
SRR11088434_k141_3405998_2_382846648	220	123	70	0	0	175	334
SRR850211_k119_2099_7_137347116	188	276	73	0	29	221	170
SRR2107210_k141_45566_8_21271531	395	156	55	0	103	382	214
SRR15669521_k141_430656_8_142445891	415	130	99	0	20	339	257
SRR25018394_k141_432901_1_624583053	411	165	81	0	450	403	256
ERR9973203_k141_836481_1_274790633	193	144	84	0	1	371	270
SRR9852171_k141_1362080_1_263100439	369	148	67	0	1	276	208
SRR11673991_k141_7815_1_423871566	204	97	45	0	2	290	466
SRR8351382_k141_1589421_1_202475884	77	89	67	0	8	174	177
ERR4869764_k141_221885_4_107052313	135	117	96	0	0	334	218
SRR22105529_k141_555475_1_135994842	247	144	66	0	3	342	362
SRR12404952_k141_17283_41_94899560	142	121	59	0	1	342	285
SRR13107661_k141_496232_1_307715492	40	97	52	0	0	284	180
SRR13225457_k141_50063_4_344616362	61	114	105	0	23	228	350
ERR11269303_k141_934945_1_200751789	33	92	92	0	16	193	295
ERR1076077_k141_15249_2_1199604	567	381	175	0	47	510	542
SRR12340499_k141_26730_12_220011351	147	106	106	0	1	208	221
SRR19238501_k141_858872_7_119722220	78	127	85	0	51	277	280
ERR4678677_k141_9060_1_194794259	161	133	47	0	46	202	150
SRR21427519_k141_327755_1_147189367	247	159	91	0	9	437	416
SRR11088379_k141_1386295_2_26727273	372	109	71	0	83	304	204
SRR14143301_k141_54783_2_72088439	50	99	98	0	17	209	319
SRR18749961_k141_98837_41_93819956	211	185	58	0	4	515	331
ERR4678574_k141_76360_2_25266549	349	89	65	0	2	174	466
SRR18749955_k141_28074_26_108205136	54	89	58	0	15	223	173
SRR10598223_k119_99559_25_66446585	318	121	49	0	8	402	132
ERR4869710_k141_1126559_1_69239250	234	118	60	0	6	403	401
ERR11269308_k141_212722_2_207844465	249	128	91	0	1	343	438
SRR5007118_k141_2216745_1_110112789	288	145	97	0	411	350	269
ERR4678683_k141_612583_2_176563244	242	93	77	0	6	260	364
SRR2090169_k141_277545_1_171598003	129	92	49	0	0	250	336
SRR8512239_k141_34872_19_64765050	445	265	89	0	81	318	268
SRR11088425_k141_2261321_8_379514942	347	203	49	0	40	311	381
SRR6747715_k141_241074_1_64816978	531	342	179	0	67	616	456
SRR14751622_k141_500978_1_522522173	431	229	102	0	11	537	456
DRR198516_k141_85559_1_22506056	358	228	127	0	26	335	290
ERR1725988_k141_92231_1_34619146	194	145	71	0	1	261	329
ERR1414231_k119_510742_1_8138926	312	186	47	0	40	221	141
SRR4754862_k141_172341_1_118518410	277	140	79	0	14	415	158
SRR18749955_k141_348768_1_108439884	107	113	88	0	17	255	200
ERR4678602_k141_762316_5_66119186	489	258	126	0	18	588	510
SRR11673976_k141_1772911_2_420600430	260	131	46	0	16	168	175
SRR6337688_k141_411734_1_503536189	378	170	73	0	2	515	481
ERR1713363_k141_387458_9_117613700	500	265	140	0	15	568	520
ERR5954382_k141_1168604_3_180347339	283	127	60	0	3	391	197
ERR3281027_k141_773772_1_5457980	354	145	61	0	108	325	360
ERR9903362_k141_329395_1_248863272	219	118	114	0	1	255	178
SRR11088437_k141_1068598_1_116962903	289	153	72	0	6	476	390
SRR14932531_k141_580020_2_525688117	273	142	53	0	1	208	122
SRR19238510_k141_361614_1_130989519	252	155	95	0	37	524	419
SRR14751624_k141_575462_5_524167545	358	132	79	0	2	412	218
SRR14751602_k141_1344851_1_457418838	265	89	63	0	1	242	437
SRR13225453_k141_260025_1_341426156	82	99	95	0	1	350	157
SRR14751607_k141_1766172_6_469970282	51	107	97	0	16	211	306
SRR13013686_k141_503139_3_302223332	178	157	49	0	29	480	156
ERR4678596_k141_810366_2_60982028	215	110	56	0	6	445	399
SRR13107661_k141_2840_1_307629630	361	106	66	0	16	340	476
SRR14560448_k141_363675_2_433883681	502	212	142	0	10	538	487
SRR14560432_k141_627382_3_424386101	212	88	45	0	3	356	357
SRR6747745_k141_97986_1_94175685	261	103	46	0	1	350	291
SRR22752010_k141_1134273_1_251641468	295	144	53	0	0	428	436
SRR14560470_k141_277455_1_446956839	375	143	58	0	364	369	226
SRR22372540_k141_206677_8_213695197	405	271	81	0	22	383	180
SRR12113407_k141_2783136_1_76385268	519	267	161	0	169	410	252
SRR2107216_k141_397930_13_24208317	270	180	46	0	17	237	201
ERR4869825_k141_1401222_2_153888783	193	139	50	0	59	433	329
SRR14751620_k141_555033_1_517322219	71	158	57	0	3	473	129
SRR14751620_k141_752787_1_517593495	403	95	78	0	30	301	334
SRR10761721_k141_981756_5_73113721	296	169	45	0	1	477	438
SRR9261042_k141_384996_2_245845882	198	131	48	0	207	423	320
SRR11088483_k141_470328_16_406510040	533	218	112	0	19	397	446
SRR13608700_k141_780897_1_386416897	354	183	65	0	4	474	411
ERR1713411_k141_553071_1_170862959	373	118	59	0	3	346	397
SRR15237817_k141_323040_1_248227694	277	144	87	0	2	377	457
SRR9852199_k141_1309673_1_320567516	425	137	75	0	1	224	293
ERR4678660_k141_1370578_1_270700627	170	117	82	0	1	272	441
ERR4678651_k141_604284_3_127556901	50	103	97	0	19	194	314
SRR1702233_k141_108201_1_13247975	507	252	156	0	16	547	510
SRR15669520_k141_6530_1_139773703	330	260	59	0	17	226	333
SRR19238500_k141_132626_1_119233284	31	108	73	0	12	202	117
SRR8797414_k141_8022_1_63019073	28	88	70	0	10	218	153
ERR4678693_k141_505333_2_187002007	284	89	47	0	6	338	385
ERR3281030_k141_309105_26_8424853	290	131	65	0	8	329	224
SRR12964612_k141_73185_6_113154106	496	208	127	0	14	541	505
SRR13706189_k141_306991_6_242212399	352	104	61	0	18	298	240
SRR21427516_k141_75087_1_48232563	381	300	91	0	97	424	219
SRR14751629_k141_535415_1_524919669	301	193	60	0	6	491	393
ERR1725947_k141_150954_3_175106069	180	90	80	0	1	212	460
ERR4678642_k141_1089638_1_145451061	264	144	73	0	6	468	436
ERR1713385_k141_614969_1_140046469	112	126	110	0	136	284	408
SRR21802942_k141_191005_9_173969422	345	89	65	0	2	194	384
SRR18331972_k141_55795_2_145086947	322	203	129	0	5	396	497
ERR2105754_k141_703912_2_4376217	314	167	69	0	10	485	421
SRR9261007_k141_57607_3_228178500	538	106	53	0	1	242	332
SRR13122108_k141_65758_1_183467586	282	193	59	0	611	291	130
ERR4678638_k141_616658_1_140422078	42	114	97	0	16	198	322
ERR1725986_k141_125827_1_74276241	174	100	71	0	2	217	472
SRR9261027_k141_146519_3_237797396	285	129	65	0	1	324	231
SRR22752039_k141_179860_8_267415785	193	96	46	0	2	289	390
SRR21203052_k141_38255_3_165725334	252	208	54	0	13	249	152
SRR21203052_k141_55193_122_165767017	550	182	104	0	28	202	502
SRR13107691_k141_861689_1_333798397	132	130	48	0	4	397	147
SRR13727524_k141_154287_1_120872928	129	100	55	0	61	158	124
ERR4678689_k141_493490_1_181031828	246	94	46	0	5	365	326
SRR10132660_k141_610352_2_292758889	328	180	114	0	7	508	470
ERR4678570_k141_1282055_2_7379106	340	221	125	0	3	482	498
SRR19238506_k141_644375_1_126107047	178	114	49	0	45	178	123
SRR6986819_k119_151064_2_32290583	310	178	75	0	4	520	464
SRR7369910_k141_816242_1_40203149	177	101	56	0	0	229	123
SRR6986826_k141_328702_2_34822159	178	105	91	0	2	215	175
SRR15669522_k141_307508_4_144025211	517	253	136	0	22	583	467
SRR6337697_k141_126574_1_509231388	452	207	49	0	39	484	166
SRR9852171_k141_228481_11_263157795	437	229	107	0	4	551	465
SRR6439736_k141_352623_5_2582342	481	234	133	0	11	551	510
SRR14932620_k141_1121640_4_668707139	509	281	120	0	25	278	528
SRR4833084_k141_220171_2_31620110	361	182	88	0	2	444	464
ERR11269296_k141_294954_2_52278019	522	288	178	0	404	581	504
SRR3098776_k141_410010_1_52830718	184	172	47	0	23	185	163
SRR22372517_k141_79333_2_182577769	418	102	60	0	6	201	524
SRR18749947_k141_886849_4_99436304	69	101	73	0	18	233	198
SRR3501850_k141_207651_1_27523426	279	99	49	0	4	333	454
ERR11269305_k141_1211967_1_202619655	246	132	68	0	1	402	426
SRR6747806_k141_550790_1_181874243	285	155	58	0	347	327	208
SRR12404956_k141_1953131_1_152858460	297	217	60	0	28	340	173
SRR2107210_k141_24978_8_21092884	310	203	81	0	2	490	403
ERR2592255_k141_50111_2_48114538	414	212	126	0	18	511	437
SRR14751619_k141_814002_1_514075719	44	102	96	0	22	191	315
SRR14751609_k141_496212_1_489811681	395	139	77	0	3	443	391
SRR19238512_k141_608285_1_134310461	329	171	89	0	5	538	448
ERR12084943_k141_484887_3_5684057	416	244	139	0	20	573	495
SRR14932673_k141_271464_2_770839571	499	264	75	0	34	312	411
ERR3761208_k141_553186_2_103069546	223	92	50	0	145	280	227
SRR9852217_k141_1442557_6_355619865	472	107	84	0	75	279	246
SRR6747801_k141_547317_2_177940540	203	139	77	0	4	422	297
ERR4678573_k141_181475_2_12455297	251	128	75	0	2	410	351
SRR8351385_k141_794818_18_208281499	148	98	45	0	0	375	375
SRR14932612_k141_1288231_6_653863949	324	105	70	0	37	324	308
SRR11088392_k141_2029044_2_9033449	537	285	166	0	27	598	517
SRR6747802_k141_313771_2_178468136	373	143	58	0	67	386	196
ERR5954409_k141_49801_1_199088822	297	104	45	0	8	396	329
SRR14932622_k141_353475_1_671900990	217	113	49	0	3	241	144
SRR12328016_k141_399369_1_217724127	389	142	87	0	5	309	444
ERR12084944_k141_605190_1_8659085	87	88	57	0	0	193	394
SRR9644741_k141_21812_14_65823572	20	97	71	0	15	240	169
SRR13013689_k141_575507_2_305918449	562	246	87	0	55	376	515
ERR4678592_k141_198225_1_56155842	285	215	45	0	11	262	144
SRR12328016_k141_321102_2_218090396	99	91	87	0	2	292	189
ERR1713372_k141_873022_1_127101492	229	126	65	0	2	280	462
SRR18749952_k141_280317_1_105430236	470	323	134	0	193	483	313
SRR14751604_k141_1541098_1_461499728	382	167	80	0	5	514	480
SRR2107219_k141_149308_1_25061036	379	282	93	0	55	352	232
SRR14932539_k141_1181147_1_539884070	178	170	61	0	123	195	120
ERR1713387_k141_752633_1_143522915	251	117	50	0	1	407	371
SRR9261052_k141_315235_2_250371051	236	89	46	0	0	336	294
SRR13727529_k141_282034_1_127903030	321	148	82	0	3	447	418
SRR14560416_k141_4423_4_417236477	299	142	57	0	7	404	337
ERR11269295_k141_702672_1_51942924	295	157	76	0	5	472	410
SRR19786839_k141_127796_4_560786698	417	132	70	0	9	253	347
ERR4869823_k141_624973_1_152878976	376	164	78	0	3	478	405
ERR2592283_k141_1605434_1_62269511	470	257	148	0	8	556	508
SRR5278609_k141_221145_1_67337694	250	119	55	0	0	197	154
SRR12404961_k141_674644_1_10140603	352	179	111	0	4	429	493
SRR22105547_k141_76172_22_158811835	316	147	72	0	4	453	394
SRR10132616_k141_232127_1_376320726	304	234	48	0	19	406	199
SRR14560427_k141_169411_1_423126917	417	184	46	0	3	472	123
SRR11088434_k141_3130471_5_383822884	491	227	127	0	2	498	498
ERR2592267_k141_420513_4_1034517	216	96	50	0	1	299	315
SRR12113415_k141_937031_6_100430743	480	293	139	0	99	595	396
SRR6747737_k141_501735_1_86472058	411	138	80	0	43	263	283
SRR8224501_k141_2495248_1_25058485	249	114	109	0	5	269	476
SRR14560424_k141_650130_2_421398329	257	164	66	0	4	446	342
SRR18331986_k141_123081_3_173520529	328	189	105	0	17	499	453
ERR2592283_k141_1248633_3_60309916	168	118	46	0	84	406	327
SRR6439731_k141_19207_1_200449512	456	119	74	0	2	419	331
SRR13727519_k141_404522_75_119025628	24	90	68	0	14	163	137
SRR14751622_k141_1336576_4_521439790	216	159	45	0	2	454	219
ERR5954421_k141_44473_1_208205281	362	185	99	0	188	362	212
SRR17063164_k141_1105229_2_87680818	309	120	53	0	1	251	151
SRR12404949_k141_530229_1_127347002	360	153	82	0	7	453	383
SRR18749958_k141_312721_2_91292962	20	107	78	0	17	239	206
ERR4678667_k141_967775_1_168649488	330	148	76	0	3	446	477
SRR14560427_k141_290644_2_422380837	312	232	127	0	4	547	461
SRR11088396_k141_272177_16_373160078	424	130	92	0	2	208	326
SRR13727527_k141_1608771_69_125519823	107	116	77	0	0	236	271
ERR3281027_k141_858678_21_5813879	151	98	64	0	1	206	445
SRR14932642_k141_74315_1_708028084	246	101	87	0	10	254	352
SRR22372523_k141_192333_6_201422427	525	272	81	0	42	160	376
SRR26726063_k141_201052_51_158467456	430	244	131	0	5	542	506
SRR6747726_k141_402743_1_76935692	374	137	66	0	2	335	201
ERR4678649_k141_399102_2_123072510	115	90	67	0	2	237	426
SRR13225456_k141_178824_2_343539908	35	88	90	0	15	176	269
SRR14751588_k141_872315_5_453480992	127	141	77	0	2	448	188
SRR14932540_k141_1350448_1_540833655	334	109	51	0	1	237	354
ERR3281024_k141_722292_7_3906834	97	93	48	0	1	227	412
SRR12113392_k141_672010_1_54985984	393	180	85	0	25	482	296
SRR11088483_k141_892552_1_406665467	284	235	66	0	13	173	438
SRR18749953_k141_223417_1_106590718	312	145	92	0	0	445	448
SRR22105534_k141_179363_1_141235575	374	118	108	0	27	341	232
ERR11269311_k141_35739_10_211697038	403	132	94	0	36	359	465
SRR22752013_k141_1791079_1_257836684	338	105	80	0	2	411	387
SRR19786821_k141_199286_2_547066091	236	129	59	0	91	447	382
SRR10132668_k141_648490_1_298169773	365	148	81	0	0	344	218
SRR14932548_k141_1415745_1_558529636	74	110	93	0	23	201	330
SRR14143314_k141_69928_1_29064399	333	121	58	0	2	376	364
SRR10132623_k141_331577_3_283530373	150	124	69	0	20	168	422
SRR25018400_k141_69486_1_627616658	207	203	59	0	21	326	159
ERR4678661_k141_121867_49_162267336	115	118	112	0	29	228	376
SRR18749954_k141_651461_3_107101420	26	106	77	0	9	215	230
SRR14932615_k141_1037460_1_660209811	251	135	67	0	1	412	238
SRR14932570_k141_163111_18_594522428	444	223	68	0	3	518	137
SRR13225453_k141_108692_8_340987585	541	303	165	0	156	606	488
SRR7369909_k141_175078_1_38306394	201	139	62	0	6	450	391
SRR22752044_k141_1757132_1_288400856	398	98	62	0	1	228	348
SRR13727531_k141_436310_5_129359673	21	88	67	0	9	177	114
SRR19786842_k141_178234_4_563354977	524	226	129	0	26	227	501
SRR11088485_k141_2170217_1_408541915	365	134	53	0	4	396	355
SRR12404952_k141_1870459_4_97248230	324	130	58	0	3	298	165
ERR3281039_k141_35225_2_12705329	222	115	107	0	1	355	460
SRR19786827_k141_378414_2_550989424	75	125	78	0	16	264	237
ERR9855099_k141_359479_4_66788709	388	142	69	0	9	432	282
ERR5954465_k141_1527693_1_237194989	77	103	74	0	14	229	140
SRR15237801_k141_227412_44_220890926	442	205	146	0	7	323	509
ERR2592260_k141_112598_7_13373717	525	269	99	0	27	267	526
ERR4678658_k141_628073_3_133709467	286	143	90	0	2	349	453
SRR11673997_k141_239079_2_425982697	355	98	47	0	5	202	155
ERR4678592_k141_199847_4_56196617	91	90	88	0	58	217	338
SRR14751607_k141_322683_2_468091362	221	188	83	0	6	521	438
ERR2592252_k141_351282_1_27454538	227	92	67	0	1	164	482
ERR4678569_k141_10800_1_5397486	45	132	85	0	18	290	258
SRR14932591_k141_1282798_1_633194098	333	153	55	0	8	465	340
SRR22372556_k141_115315_2_218802347	515	351	148	0	568	563	369
SRR14560463_k141_560463_3_442703477	317	222	93	0	11	478	164
SRR14932613_k141_1160608_35_656189406	362	219	75	0	34	334	234
SRR18331976_k141_16856_4_145903857	487	252	136	0	9	553	514
SRR19786823_k141_259034_1_547812223	184	104	70	0	2	362	366
SRR19786823_k141_55015_1_547939389	245	133	68	0	442	461	388
ERR11269307_k141_597730_2_206479469	287	143	84	0	2	275	457
SRR21705956_k141_262075_6_157108011	406	198	100	0	161	548	436
SRR12340499_k141_22440_2_219898899	397	207	100	0	37	188	345
SRR14932528_k141_124352_1_519726241	350	93	61	0	0	206	234
SRR3501852_k141_358303_2_30777029	345	158	62	0	2	334	284
SRR6800319_k141_270402_1_188842260	279	104	47	0	2	356	320
SRR3501886_k141_371006_1_51571067	443	198	110	0	11	521	453
SRR13727531_k141_106234_55_129077259	158	127	106	0	6	398	373
SRR22752048_k141_392175_1_295185994	364	107	46	0	0	211	315
SRR12450810_k141_240045_1_238152288	156	118	74	0	0	164	371
SRR13727531_k141_435110_3_129310510	310	188	114	0	0	386	491
SRR13727527_k141_428530_1_124088121	447	248	115	0	9	552	483
SRR19786847_k141_519095_20_566134011	293	120	59	0	14	315	211
SRR14932631_k141_748043_1_686111315	333	114	48	0	1	314	369
SRR22752014_k141_433905_2_259008986	234	115	50	0	14	336	325
SRR11088434_k141_233874_1_383996564	545	311	161	0	54	616	510
SRR6986814_k141_214151_6_7331320	261	114	52	0	36	171	149
ERR11269299_k141_975521_1_23868737	42	89	92	0	13	192	298
SRR9852176_k141_1987305_2_275327772	350	244	66	0	26	226	171
SRR14492177_k141_104473_101_373271790	526	148	92	0	298	553	434
SRR19238503_k141_85147_1_122357253	22	100	67	0	9	191	118
SRR12404958_k141_1331722_2_49190436	133	101	80	0	2	424	346
SRR13608701_k141_419651_7_347639167	513	206	79	0	4	261	477
ERR4678614_k141_186278_3_83888660	441	120	72	0	12	250	309
SRR8517163_k141_415932_5_32083368	240	133	51	0	1	391	302
SRR14554395_k141_129831_1_397359201	342	133	57	0	4	400	406
SRR11783213_k141_414367_1_436085549	382	148	72	0	6	509	351
SRR14932654_k141_2347387_4_731730232	441	171	85	0	222	387	314
ERR1713350_k141_1520710_1_104274866	313	144	66	0	4	438	440
SRR21705853_k141_503531_2_588696648	360	128	57	0	40	340	219
SRR9852188_k141_1286133_4_160484999	449	144	59	0	2	311	406
SRR10132627_k141_407872_6_286039396	25	107	50	0	9	252	137
ERR1713393_k141_35987_1_149878265	514	137	64	0	4	221	521
SRR14560407_k141_687116_2_479941283	224	99	73	0	5	439	338
SRR4754862_k141_719628_2_117903875	197	124	60	0	3	312	336
SRR21427519_k141_10853_1_147581083	247	151	77	0	1	471	442
SRR18749947_k141_60922_1_99373283	27	103	76	0	12	213	183
ERR4869713_k141_937194_3_70478096	241	160	88	0	1	335	366
SRR21694252_k141_848870_2_575004559	410	220	95	0	9	514	410
SRR24226003_k141_170_18_211769310	470	206	48	0	13	172	329
SRR22372573_k141_255787_1_226096448	370	145	73	0	451	353	274
SRR7369910_k141_149054_3_40129744	200	105	55	0	2	315	376
SRR12404952_k141_1203681_22_96583820	535	306	178	0	56	622	518
SRR18331982_k141_20442_8_179336445	329	162	107	0	3	307	486
SRR6747775_k141_65749_1_124716067	283	132	54	0	594	453	338
ERR4869810_k141_45846_5_136294707	159	235	77	0	38	243	150
SRR18331990_k141_81214_1_174203387	295	147	77	0	3	434	483
SRR21705956_k141_28483_10_157458782	358	100	84	0	6	322	368
SRR8512245_k141_224685_1_68811994	129	90	79	0	6	249	394
SRR11088454_k141_1064602_2_89876417	232	124	48	0	8	391	287
SRR21427518_k141_17342_5_146736236	193	134	47	0	3	349	229
SRR6797131_k119_113753_1_14190877	205	138	51	0	98	437	349
ERR9855086_k141_337600_1_42571331	112	95	61	0	1	195	429
SRR11088485_k141_1149957_2_410243129	465	135	59	0	0	344	132
SRR8351383_k141_1004998_3_204756906	349	129	75	0	289	333	231
SRR22105529_k141_847039_10_135714589	298	166	66	0	5	445	336
ERR4678659_k141_1272564_1_135418927	336	159	100	0	3	414	446
SRR1702232_k141_75533_2_13050320	508	252	105	0	12	530	373
ERR4678618_k141_1349609_1_91996612	226	119	101	0	459	254	400
SRR14932485_k141_1955049_23_454081978	355	167	101	0	15	523	446
ERR4678612_k141_439056_63_82835417	377	165	72	0	5	490	411
ERR3281032_k141_233038_1_9505407	237	156	55	0	8	359	190
SRR12332666_k141_142510_8_218601732	339	160	53	0	37	263	182
ERR11269302_k141_9633_1_198373750	61	178	49	0	21	264	142
ERR11181240_k141_3253_1_2753723	304	115	71	0	2	275	458
SRR15237817_k141_531252_17_248531726	279	175	61	0	276	261	144
ERR9903368_k141_85136_5_493027761	286	180	57	0	34	331	140
SRR22105546_k141_46837_48_157216856	414	239	128	0	5	515	465
ERR1713391_k141_1406589_1_148178135	413	98	62	0	1	223	401
SRR11182815_k141_38106_16_133909863	415	98	77	0	4	220	227
SRR13727520_k141_60687_31_119115385	148	112	66	0	1	310	392
SRR4754858_k119_139716_15_86582171	188	123	47	0	0	420	151
SRR6747763_k141_725130_2_112272535	373	118	54	0	1	389	251
SRR11783213_k141_141311_3_436099123	502	144	53	0	0	304	384
SRR14932516_k141_414193_4_493325416	522	116	46	0	1	355	351
SRR14932582_k141_465354_1_616292008	270	155	49	0	17	304	209
SRR10132668_k141_109152_1_298101427	461	193	127	0	30	476	354
SRR22372526_k141_11683_1_203231844	325	116	63	0	1	397	286
ERR4678575_k141_758779_6_35656622	236	98	115	0	1	231	472
SRR11235433_k141_348289_3_413244380	108	98	89	0	68	237	376
SRR24226019_k141_26576_52_199148571	152	203	57	0	23	202	185
SRR21203040_k141_44088_1_178195365	129	177	47	0	14	223	153
SRR13225456_k141_57432_21_343174595	47	104	98	0	19	198	314
SRR6797133_k119_51571_30_2969585	258	289	63	0	39	345	194
SRR11673976_k141_2488307_1_418424298	308	164	95	0	10	392	224
SRR14932514_k141_1211686_6_488826886	259	97	70	0	1	168	374
SRR22752045_k141_1051615_1_289207402	385	238	138	0	5	534	490
ERR4678569_k141_868776_2_5598164	41	108	101	0	31	203	317
SRR1702234_k141_69185_4_13336938	479	123	74	0	8	419	485
ERR5954489_k141_293141_2_271034650	267	95	52	0	34	229	154
ERR11269305_k141_209584_2_202903463	25	101	92	0	22	180	266
SRR14932543_k141_1035510_1_548342065	294	121	48	0	2	387	344
SRR15237808_k141_235898_1_226472023	274	152	68	0	6	490	368
ERR3281029_k141_204789_44_7490437	226	203	60	0	11	337	126
SRR22752015_k141_51764_1_262536747	262	143	74	0	2	413	433
ERR1713372_k141_630240_1_128569631	257	133	87	0	2	322	485
SRR13608728_k141_788884_1_363151585	102	89	51	0	2	264	183
SRR9261014_k141_173621_1_231390475	365	134	52	0	220	306	223
SRR12964612_k141_460042_1_113179228	314	130	85	0	0	260	255
SRR22752046_k141_993840_2_291443511	310	178	114	0	4	463	477
SRR8503606_k141_1018082_2_73139865	339	140	75	0	414	440	397
SRR7912025_k141_153378_2_58958807	336	109	63	0	2	184	490
SRR13727518_k141_39714_2_117372646	234	142	71	0	5	384	381
SRR18749959_k141_101063_1_91791286	31	94	64	0	9	173	124
SRR14560422_k141_490662_1_420226802	235	114	59	0	20	339	176
ERR4678606_k141_1462169_1_72334647	34	95	85	0	18	182	300
SRR13198928_k141_38966_1_239827463	303	181	103	0	5	483	449
SRR6986814_k141_118734_4_7131669	65	96	57	0	48	170	170
SRR8512234_k141_383695_1_61991403	35	94	84	0	5	183	265
SRR6337691_k141_226509_4_505795170	279	91	55	0	1	182	438
SRR9261048_k141_178834_1_248596557	481	197	100	0	5	496	278
SRR14143314_k141_38512_196_29155761	391	273	92	0	524	459	249
SRR3501849_k141_83464_3_146065122	329	107	48	0	0	195	403
SRR14932480_k141_540958_4_447803646	186	116	50	0	0	306	444
SRR13107682_k141_59351_1_382937397	218	178	55	0	42	264	142
ERR3761227_k141_1152910_2_107898395	208	114	61	0	2	368	376
ERR4678628_k141_1650809_1_34989484	39	93	99	0	18	197	344
SRR17063163_k141_980291_1_86518649	474	232	115	0	17	542	480
SRR10132625_k141_724079_2_285393283	342	220	97	0	6	517	431
ERR1725992_k141_420576_1_65002179	461	217	108	0	25	558	491
SRR18331972_k141_19408_3_145167896	272	88	112	0	3	277	273
SRR18331973_k141_46532_16_145362739	149	89	66	0	0	339	275
SRR9261030_k141_183800_1_239265537	225	105	53	0	19	250	364
SRR19238509_k141_560317_1_130793023	329	332	109	0	57	420	255
SRR9852218_k141_1273965_1_166850152	390	199	121	0	5	504	490
ERR1713352_k141_148327_1_106379339	343	153	69	0	7	483	478
SRR12404952_k141_596999_12_97438123	205	155	81	0	37	199	463
SRR12404952_k141_1564347_11_97634837	473	245	140	0	26	575	474
SRR9261036_k141_335580_3_242431515	220	97	53	0	0	222	138
ERR2105752_k141_78691_1_6560890	151	98	52	0	2	280	447
ERR2592280_k141_121403_1_62540751	353	172	93	0	4	474	487
ERR4869719_k141_316674_3_75462540	316	109	52	0	0	333	299
SRR3501889_k141_239819_3_58471690	467	163	85	0	15	511	428
SRR22752040_k141_454195_5_279471652	241	116	70	0	0	218	143
SRR14932518_k141_1313437_3_497779863	346	146	70	0	9	487	333
ERR1725979_k141_33773_1_185645828	114	96	49	0	3	333	202
ERR3761226_k141_1398652_1_102528237	366	142	81	0	11	358	339
SRR14932552_k141_1232861_33_563407340	403	193	107	0	12	553	424
SRR7369913_k141_228467_2_9675796	27	115	86	0	20	238	153
SRR11088411_k141_1746021_1_76906443	335	89	91	0	1	174	478
SRR9852175_k141_1700619_2_271803297	505	247	110	0	9	558	449
SRR19238509_k141_135377_10_130051233	290	161	65	0	9	423	405
ERR4678648_k141_1256486_2_122414878	191	126	68	0	4	250	388
SRR22752045_k141_1336849_2_290088981	205	196	67	0	9	245	162
ERR1725998_k141_60902_1_68512944	209	122	46	0	78	391	316
SRR19238507_k141_314779_3_128067064	372	119	59	0	33	173	216
SRR20681263_k141_735365_2_164316537	280	100	48	0	2	178	169
ERR2592247_k141_375688_1_22541247	254	165	93	0	2	352	218
SRR13727538_k141_58242_1_134701386	203	118	99	0	1	318	145
SRR3501859_k141_1053604_1_43005734	327	292	81	0	28	223	177
SRR10761724_k141_1263816_4_49679251	462	245	133	0	15	557	380
SRR14932579_k141_40798_2_611683596	314	194	58	0	28	264	178
SRR11088473_k141_1229405_5_400313893	425	175	83	0	4	351	169
SRR14932577_k141_1021250_1_607202071	324	326	102	0	50	393	227
SRR9852175_k141_150299_1_273032196	207	130	84	0	2	366	305
SRR10131203_k141_44239_2_279756173	52	143	45	0	2	378	273
SRR21802942_k141_71547_7_173902707	476	110	68	0	23	221	518
ERR4869782_k141_1437574_1_115605575	360	173	112	0	3	492	345
SRR12328016_k141_194694_1_217761633	278	188	53	0	247	243	134
SRR10132666_k141_240985_1_296816999	283	125	46	0	8	305	324
SRR15085116_k141_5803_3_50928646	425	135	55	0	2	166	419
SRR18749947_k141_917145_95_99077299	29	98	77	0	9	218	134
SRR13727519_k141_477123_290_118250671	33	107	72	0	13	217	173
SRR5306406_k119_10406_2_595320501	314	91	67	0	1	200	413
ERR1713367_k141_842515_1_121907305	514	298	128	0	26	251	512
ERR1713384_k141_1520182_1_137436950	95	142	71	0	1	349	434
SRR18749963_k141_961882_7_96139326	273	227	67	0	20	212	207
ERR1713340_k141_34384_1_91436186	301	139	100	0	11	421	470
SRR20309467_k141_331257_1_174816687	450	144	74	0	11	263	354
SRR9261039_k141_264340_1_244144646	350	137	59	0	58	350	252
ERR4678577_k141_1513512_1_41661350	184	92	55	0	1	220	354
ERR4678618_k141_649357_1_91933270	271	120	62	0	18	311	208
ERR11269310_k141_1441301_1_210810490	213	140	85	0	3	275	479
ERR1713372_k141_729308_2_128007376	303	166	95	0	5	423	490
ERR4678568_k141_1038673_9_3595492	331	148	63	0	7	466	283
SRR8208344_k141_176447_2_30681504	267	139	61	0	1	361	478
SRR15669521_k141_379267_1_142880712	409	143	99	0	42	299	246
ERR1713380_k141_459962_2_132664131	285	135	64	0	4	367	434
ERR4678577_k141_1093002_1_39950931	48	100	95	0	15	213	354
SRR22372524_k141_442985_2_202125524	50	94	88	0	16	194	277
ERR11269310_k141_104981_1_210044277	325	151	68	0	59	442	408
ERR1713406_k141_842596_1_164535988	339	118	83	0	4	190	510
SRR6337683_k141_234605_2_501724857	306	118	59	0	5	424	298
SRR3501854_k141_702929_1_33650212	368	91	61	0	4	228	193
SRR13225447_k141_219970_2_383623896	49	90	91	0	19	182	287
SRR19238510_k141_429832_1_131501462	229	119	89	0	2	287	464
ERR2592265_k141_26820_1_295909	384	170	84	0	2	470	486
SRR7369924_k141_182572_1_25453879	515	257	158	0	14	574	508
SRR9852219_k141_1632864_3_171661179	380	98	47	0	4	174	427
SRR14932584_k141_141578_8_618552914	170	103	48	0	2	276	151
SRR11536956_k141_1647954_9_71161400	213	197	50	0	32	288	119
SRR6337694_k141_289074_1_507059640	322	153	69	0	1	485	365
SRR9852182_k141_830762_2_287443678	335	90	67	0	34	174	220
SRR12964613_k141_672941_1_114749375	17	96	68	0	13	215	131
SRR14560430_k141_421329_5_424098705	246	132	62	0	11	331	159
SRR14932667_k141_36702_1_761126808	465	208	109	0	10	547	488
ERR4678616_k141_97600_4_89134792	241	148	85	0	1	419	460
SRR10598217_k119_23646_1_51169899	94	110	50	0	29	426	233
SRR7369916_k141_959529_3_13655753	170	141	75	0	4	425	146
SRR13727520_k141_65807_72_119333767	187	132	52	0	0	303	118
ERR4225396_k141_120065_22_62092378	152	97	61	0	3	342	243
SRR22372552_k141_29160_4_188958254	428	205	53	0	19	251	354
SRR12964614_k141_1110113_1_115623694	241	143	81	0	4	433	204
SRR7369911_k141_1126499_1_41561994	198	95	45	0	127	222	176
SRR9644739_k141_285267_38_64843344	46	114	73	0	8	202	152
SRR14932530_k141_962200_6_524004474	157	89	48	0	1	352	341
ERR4678642_k141_472889_3_145091621	467	221	124	0	5	522	493
SRR13727526_k141_190426_3_121962312	207	101	81	0	3	406	418
ERR4869756_k141_326118_12_99496409	252	141	47	0	9	209	124
ERR4678634_k141_1125699_8_112527403	473	220	105	0	32	216	484
SRR18331982_k141_81767_1_179405784	173	105	64	0	10	172	402
ERR11269302_k141_1795336_1_198585895	437	210	101	0	7	542	498
ERR12084963_k141_480054_1_37115681	206	95	58	0	0	286	198
SRR19786846_k141_115159_1_565334563	63	99	73	0	8	192	172
SRR22372509_k141_24084_1_179359223	42	96	69	0	15	198	322
ERR4678672_k141_458327_1_188954702	311	113	90	0	1	285	488
SRR11088476_k141_1054918_17_56432163	177	126	49	0	9	418	341
SRR12964613_k141_705010_2_114817913	390	211	148	0	3	380	498
SRR14932615_k141_599201_1_661186618	385	91	53	0	6	203	287
ERR4869746_k141_999657_2_94344164	390	200	116	0	20	544	343
ERR4678589_k141_371053_1_20996339	45	95	80	0	19	208	323
SRR21427519_k141_127964_3_147180694	240	101	81	0	66	261	349
SRR11088392_k141_639683_1_10542552	160	119	85	0	2	284	464
SRR1702232_k141_114875_30_13056923	523	226	126	0	17	387	340
SRR22372556_k141_115701_8_218817280	175	183	57	0	20	200	158
SRR26726064_k141_62797_13_158722954	187	138	100	0	4	425	368
SRR26726064_k141_325158_3_158927618	286	129	66	0	0	458	338
ERR4678580_k141_1630834_1_46713909	288	169	90	0	4	445	439
SRR14932624_k141_719827_1_675012611	257	113	54	0	96	429	318
SRR13225447_k141_679626_12_383392094	200	96	73	0	1	286	237
SRR21802943_k141_628785_3_175687066	20	95	78	0	9	181	117
SRR15237802_k141_118484_8_222215277	176	111	56	0	1	392	348
SRR9852187_k141_1761984_1_297663279	478	104	64	0	3	381	445
SRR10598217_k119_30340_9_51148039	137	141	95	0	11	301	245
SRR11088398_k141_73178_2_103990579	231	130	55	0	227	454	352
SRR14932575_k141_728357_32_604111139	371	115	64	0	5	364	338
SRR17063168_k141_1005409_1_542522341	186	203	89	0	2	415	457
SRR12113421_k141_547054_2_108929284	526	246	133	0	8	570	488
ERR9855087_k141_221328_1_55775897	150	108	54	0	0	191	255
ERR4678613_k141_39233_1_29315821	305	106	75	0	0	280	465
ERR4678602_k141_876395_16_65963439	434	180	82	0	5	470	485
SRR22752010_k141_858607_2_250583280	99	102	47	0	2	237	126
SRR18331972_k141_37455_1_145105770	189	105	85	0	1	179	447
SRR26726063_k141_62860_3_158320716	153	147	56	0	5	328	335
SRR11088437_k141_2014718_1_113316618	424	211	118	0	13	542	476
SRR19238493_k141_614764_2_111365952	301	242	85	0	30	235	159
SRR14751603_k141_486690_2_460024470	411	203	69	0	6	493	415
SRR9261023_k141_229366_1_235291131	367	115	65	0	141	300	300
ERR4222588_k141_313429_2_60694665	394	114	75	0	326	440	339
SRR5278608_k141_541947_1_74533090	222	134	52	0	66	430	356
SRR15669517_k141_158467_7_136038454	34	89	71	0	24	201	134
SRR14932637_k141_304619_2_698451548	326	106	55	0	1	265	168
SRR12404949_k141_916161_1_127575526	264	288	78	0	24	300	124
ERR3281035_k141_36581_8_10294878	308	176	79	0	4	462	437
ERR3281035_k141_31719_39_10364327	227	137	49	0	10	198	119
ERR5954442_k141_795523_2_221444070	249	172	112	0	12	446	461
SRR11088485_k141_287584_1_409587900	300	197	113	0	3	435	442
SRR22372534_k119_254305_1_192593176	320	182	53	0	37	233	139
SRR14932623_k141_148250_1_672856427	286	119	66	0	1	385	331
ERR1713363_k141_94008_1_117634340	303	157	96	0	4	463	473
SRR19238500_k141_257007_3_119228365	25	111	77	0	16	229	198
SRR6797133_k119_123962_2_2934689	230	131	75	0	0	263	312
SRR13225452_k141_228250_1_340431910	299	104	67	0	2	332	337
SRR22372587_k141_325320_3_186696847	38	89	77	0	15	195	330
ERR4678612_k141_132307_1_82201887	212	93	77	0	1	226	476
SRR6747793_k141_325547_1_161840977	316	129	47	0	10	187	182
ERR4678576_k141_1061195_1_37969204	361	171	88	0	2	466	463
SRR15085121_k141_49610_5_53898554	230	166	47	0	39	217	129
SRR22372573_k141_340771_2_226099366	368	115	56	0	1	277	335
SRR13727541_k141_213445_30_135804946	184	107	53	0	4	282	235
SRR14751619_k141_1288535_1_513378586	170	92	51	0	0	194	131
SRR3501854_k141_1009016_1_33314492	288	131	53	0	2	417	362
SRR3501855_k141_1001316_8_35703802	435	148	74	0	7	388	306
ERR1725966_k141_81193_3_180117271	503	244	122	0	28	272	510
SRR13994250_k141_3436520_1_438388102	371	119	51	0	1	376	292
SRR14560412_k141_162394_1_414558676	388	102	54	0	6	221	286
ERR9855088_k141_809763_17_52010161	57	113	105	0	27	226	352
SRR9261017_k141_365932_1_232708912	340	137	69	0	170	336	203
ERR4678577_k141_79660_1_39886077	207	142	55	0	3	408	468
SRR6337687_k141_245955_3_503287397	282	143	51	0	4	437	361
SRR6747785_k141_121876_2_139948356	358	145	66	0	172	380	208
SRR7369909_k141_245817_1_39218764	355	187	63	0	8	522	196
ERR1414227_k119_24371_4_6476923	390	88	56	0	9	219	285
SRR22372576_k141_28072_3_227296695	315	229	79	0	55	338	243
SRR15085116_k141_584440_3_51653053	482	282	107	0	26	238	520
SRR13727526_k141_467866_16_122453022	331	145	58	0	8	428	285
SRR18749955_k141_278859_2_108012948	26	118	74	0	12	244	199
SRR12964612_k141_14710_3_113718570	416	121	63	0	2	341	249
ERR4678560_k141_25199_1_150258685	315	128	67	0	1	396	481
ERR4678685_k141_352383_2_178732561	173	166	84	0	6	529	270
ERR1713347_k141_379970_2_99238186	300	122	61	0	5	379	393
ERR11181236_k141_237720_1_1734642	356	169	81	0	4	471	487
SRR13727533_k141_101643_65_130014976	218	116	67	0	7	339	342
SRR10132626_k141_563238_1_377434710	56	104	98	0	33	207	316
SRR19238494_k141_58690_9_112491127	153	132	51	0	4	385	149
SRR22372576_k141_97915_30_227251682	411	131	71	0	210	341	239
SRR18331980_k141_60954_5_179187685	320	205	112	0	5	489	440
SRR15669521_k141_265242_1_141100613	103	134	73	0	5	162	155
SRR19786840_k141_236969_7_561833578	40	100	88	0	31	199	317
SRR8351385_k141_1032285_1_209799581	194	128	84	0	3	319	440
SRR14751621_k141_790754_7_519479160	326	144	51	0	316	350	250
SRR6747728_k141_243175_1_78676488	531	132	61	0	0	176	283
SRR8797411_k141_368321_51_59631144	386	153	93	0	2	442	461
SRR13727522_k141_41162_26_120052976	110	118	92	0	4	388	152
SRR6747747_k141_252222_2_96990129	434	196	100	0	3	463	433
SRR14932551_k141_1146964_1_561355686	344	97	47	0	1	270	141
SRR22372577_k141_311881_1_227507648	389	313	83	0	95	434	288
SRR18331972_k141_74790_2_145041309	377	196	105	0	9	511	444
SRR26726064_k141_218947_1_158685564	545	320	170	0	28	604	516
SRR12450810_k141_216802_1_237954120	123	96	80	0	0	215	401
ERR1713391_k141_513162_1_148402467	392	141	93	0	4	446	433
SRR9261025_k141_388094_1_236655089	361	139	58	0	5	376	427
SRR14932487_k141_172156_6_461832379	431	301	104	0	64	455	260
SRR14932619_k141_302817_2_665309917	233	173	94	0	35	239	491
SRR18331974_k141_80639_4_145509846	271	138	85	0	2	468	438
SRR9261012_k141_247223_2_230538370	331	104	72	0	0	170	367
SRR1702233_k141_127079_1_13150523	345	197	103	0	5	537	367
SRR14932673_k141_820742_2_771468266	339	133	64	0	1	380	314
SRR15669517_k141_449602_1_136109918	545	338	185	0	109	633	522
ERR3281039_k141_112092_3_12475217	459	274	140	0	13	564	504
SRR11088460_k141_160462_1_392738591	327	100	64	0	5	232	316
ERR1713356_k141_39768_1_111399108	255	118	75	0	1	292	203
SRR13727524_k141_89211_6_120834141	132	118	76	0	1	378	284
SRR10132632_k141_436523_1_289549925	215	145	58	0	54	445	392
ERR11181240_k141_25843_2_2832816	179	88	93	0	2	203	450
SRR22372546_k141_620167_1_217368788	431	245	62	0	16	327	367
SRR8351385_k141_52260_26_209562811	468	175	110	0	4	472	438
SRR19786821_k141_703250_2_546749993	256	90	81	0	2	234	255
SRR13727533_k141_141235_150_130235263	116	91	52	0	0	295	343
SRR14751620_k141_414169_1_516093159	57	91	71	0	1	191	221
SRR22105530_k141_832859_1_136920566	241	104	59	0	2	406	417
SRR26726063_k141_36734_8_158302030	202	126	88	0	0	297	314
SRR12964611_k141_354617_15_113122010	319	211	71	0	8	490	119
ERR1725969_k141_491408_2_180995461	244	91	48	0	2	231	169
SRR6747790_k141_68800_1_147755888	247	103	56	0	3	355	346
SRR6747790_k141_68800_1_147755888	274	149	84	0	6	469	383
SRR14751621_k141_94462_2_518100691	343	182	91	0	5	489	462
ERR1713331_k141_767693_1_83833732	209	95	85	0	0	197	444
SRR6747734_k141_5824_2_83413787	214	155	53	0	17	166	164
SRR18331977_k141_89943_1_178660154	175	91	94	0	0	165	446
SRR14932596_k141_1061620_1_641193429	175	99	56	0	1	312	389
ERR3761241_k141_203244_4_122788287	549	320	163	0	64	615	518
ERR1726010_k141_119373_2_30765999	202	112	73	0	2	253	468
SRR9852181_k141_1450776_2_283570504	306	137	58	0	3	426	334
SRR26726064_k141_319907_1_158724853	256	126	81	0	2	333	438
SRR9852213_k141_838424_2_346170034	295	98	51	0	1	313	413
SRR11088390_k141_703809_6_21331279	371	195	113	0	7	546	507
SRR14932581_k141_288717_2_614450991	447	233	106	0	43	573	451
ERR4869808_k141_1075486_15_136004748	262	112	51	0	1	350	373
SRR14492177_k141_453827_9_373650294	49	99	92	0	14	185	305
SRR15669521_k141_1492047_1_141904351	286	105	57	0	9	263	213
SRR9852203_k141_604031_2_329342848	429	118	53	0	0	226	406
SRR14560392_k141_299934_6_401435148	250	141	63	0	8	509	436
ERR4869845_k141_116095_2_166616012	79	103	45	0	34	416	180
SRR7912025_k141_91613_5_58870814	39	89	73	0	18	191	320
ERR12084965_k141_2021167_1_19471853	340	207	85	0	9	495	397
SRR13608702_k141_549514_4_350593668	292	134	80	0	36	326	290
SRR8797412_k141_142822_1_60948384	468	232	124	0	64	568	458
SRR6337690_k141_503538_6_505133959	215	131	76	0	0	404	413
SRR6337690_k141_217216_1_505254946	173	94	52	0	1	336	347
ERR4678580_k141_1661958_1_45361985	305	137	60	0	7	429	409
ERR4678644_k141_71105_1_148097343	510	304	176	0	156	575	507
SRR11088425_k141_711911_1_378268342	371	90	46	0	224	246	376
SRR19786835_k141_452560_275_557125858	34	108	75	0	16	240	221
ERR4869741_k141_955250_1_88891890	321	176	69	0	7	511	437
SRR12113393_k141_2327_18_55687183	400	137	56	0	4	245	144
ERR4678606_k141_558692_2_71371622	368	135	85	0	34	313	413
SRR9260995_k141_112774_1_221671855	324	146	93	0	9	454	363
SRR8351382_k141_1476502_10_201493785	208	90	66	0	4	322	252
SRR18331973_k141_83828_2_145335187	157	113	97	0	1	348	461
SRR13735271_k141_105235_1_220603610	470	102	53	0	4	199	521
SRR9261051_k141_279437_1_250108586	509	229	111	0	259	560	505
ERR5954463_k141_998300_5_235383652	302	271	74	0	23	362	182
SRR14932612_k141_102301_1_653783650	275	89	73	0	0	170	269
ERR4678621_k141_697063_2_96518951	314	138	71	0	1	423	428
SRR14751588_k141_439903_1_451688516	275	200	100	0	4	463	415
SRR12479958_k141_196856_4_70709086	195	155	48	0	737	334	122
SRR12113414_k141_339878_1_100097012	305	139	71	0	4	285	307
ERR4678693_k141_719376_2_186309521	396	139	77	0	213	351	239
ERR1725992_k141_412593_3_64779361	433	107	67	0	68	243	461
SRR15669519_k141_574490_2_138209104	410	177	72	0	637	425	268
ERR2592275_k141_365180_2_75559724	221	117	72	0	2	300	407
ERR3281039_k141_227365_12_12325058	55	120	110	0	36	218	357
SRR19786822_k141_241673_1_580763189	467	254	156	0	18	534	513
SRR8351383_k141_1174576_2_204885148	251	108	45	0	9	263	204
SRR22105543_k141_1063866_1_164638976	231	93	82	0	1	276	194
ERR12084966_k141_548967_15_42344871	349	192	99	0	237	502	376
SRR8208348_k141_1509404_1_197757001	506	251	170	0	174	569	506
SRR14932623_k141_931117_1_672984915	391	126	92	0	5	314	296
ERR4678647_k141_457015_1_120277441	442	220	137	0	7	480	485
SRR26726064_k141_72330_39_158550036	278	131	121	0	2	368	338
SRR13608714_k141_1064088_2_357008673	201	190	49	0	19	325	158
SRR14932559_k141_865483_9_578447224	349	138	105	0	2	414	389
ERR4222571_k141_452987_1_55471946	106	91	45	0	15	446	323
SRR8797414_k141_194814_204_63048308	432	135	50	0	0	252	364
SRR9852188_k141_1273888_1_160088129	372	221	79	0	146	310	235
SRR11088425_k141_436216_1_380443584	261	115	60	0	2	337	355
SRR14560393_k141_528132_1_402509874	288	121	68	0	333	353	206
ERR2592329_k141_325557_1_49486585	51	96	97	0	17	201	326
SRR12964613_k141_587677_9_115118246	238	237	63	0	17	296	174
ERR1713367_k141_1286240_2_121966009	355	175	115	0	1	338	259
ERR11269305_k141_1001432_1_203049739	194	124	47	0	13	418	321
SRR9260994_k141_110727_1_221300691	267	219	57	0	9	170	461
SRR6797132_k119_53826_3_22887432	32	97	86	0	9	194	324
ERR9855098_k141_671563_2_29286586	287	161	88	0	2	422	473
SRR13107685_k141_745362_2_325551736	115	90	46	0	0	331	252
ERR3761241_k141_682655_1_121823603	20	95	75	0	14	207	131
SRR14932521_k141_61877_1_503391662	329	133	51	0	30	326	160
SRR3098776_k141_133725_1_53176645	204	177	74	0	6	497	460
SRR18331976_k141_28638_11_145991000	223	118	105	0	0	232	290
ERR1725957_k141_6338_1_178050120	149	93	58	0	3	273	449
ERR3281041_k141_174977_36_13037040	402	125	78	0	7	193	489
SRR6747736_k141_182703_2_85696971	485	156	84	0	4	543	475
ERR3858117_k141_1103064_3_30345361	453	249	46	0	11	243	528
SRR4754862_k141_207736_2_117721913	320	118	48	0	3	404	228
SRR14932513_k141_1096883_8_488498636	387	195	108	0	8	487	477
SRR9030456_k119_227237_1_232187669	181	110	51	0	1	339	438
SRR2107174_k141_4129_2_16534483	491	252	52	0	10	257	533
ERR4869726_k141_311993_1_26369083	266	101	47	0	4	319	134
SRR14560426_k141_451502_1_421560724	483	173	88	0	0	423	462
SRR13608700_k141_967902_1_385523055	126	206	56	0	108	160	132
SRR22372585_k141_349031_5_185699066	43	103	78	0	11	234	187
SRR14751602_k141_75520_1_457571859	197	132	57	0	3	412	395
SRR14751603_k141_996988_13_459000116	36	97	71	0	1	284	198
ERR2592277_k141_211195_1_63644411	190	120	53	0	1	328	335
ERR1713384_k141_1365523_9_137569181	424	105	63	0	3	229	496
SRR13727527_k141_1796931_29_123265876	329	123	95	0	1	383	339
SRR6747748_k141_678284_1_98299378	273	125	64	0	1	397	396
ERR4678591_k141_141827_1_55944245	32	88	72	0	11	188	318
SRR14932654_k141_611136_1_734243616	459	261	100	0	19	212	498
ERR4678607_k141_98979_2_74865795	106	89	57	0	3	279	361
SRR18749951_k141_217567_1_104453678	362	156	70	0	1	492	246
ERR5954387_k141_507997_1_261823168	310	114	90	0	9	391	417
SRR10598220_k119_145685_1_52203242	32	97	75	0	14	199	308
SRR26726063_k141_187067_26_158243298	145	94	49	0	1	338	247
SRR12964613_k141_524985_3_115134440	161	110	70	0	1	275	123
SRR19238510_k141_259264_1_130986681	364	166	84	0	4	501	449
SRR10761724_k141_1001415_15_48489085	314	169	56	0	4	475	430
ERR1713397_k141_1163980_2_156435432	218	114	50	0	0	212	163
SRR22752012_k141_603134_1_255904201	508	249	140	0	291	575	475
SRR5123275_k141_28844_1_55314209	416	242	142	0	6	554	492
ERR1713357_k141_739704_3_112268651	181	108	61	0	30	159	415
SRR21802946_k141_289200_2_602100158	351	150	79	0	32	494	348
ERR4869825_k141_1265738_2_153715454	83	106	53	0	0	352	310
SRR14560417_k141_386239_1_481132229	340	144	74	0	47	372	234
SRR14932568_k141_1130586_1_590803583	332	134	50	0	4	435	452
SRR10132621_k141_11237_1_282048263	215	125	73	0	0	360	318
SRR6747795_k141_353096_1_168831231	256	104	83	0	3	222	334
SRR14932637_k141_813339_12_697777324	381	144	74	0	0	415	435
SRR15669517_k141_112976_2_135997922	146	105	105	0	2	332	331
SRR22752045_k141_353056_2_289891314	397	314	106	0	63	343	251
SRR14560448_k141_371809_6_434128522	218	173	57	0	25	232	158
SRR2107178_k141_18588_10_17961765	257	172	46	0	41	266	257
SRR14560426_k141_2952_3_421528063	375	179	71	0	9	531	431
SRR9852217_k141_634480_3_354198260	394	199	94	0	6	505	460
SRR14560448_k141_166963_3_433643852	373	184	76	0	6	507	464
ERR4869843_k141_29578_20_164966142	215	201	53	0	23	233	148
SRR8512220_k141_277528_1_61862197	266	151	65	0	5	464	358
ERR1713387_k141_590902_1_143666688	372	93	79	0	255	464	424
SRR9038830_k141_8239_2_219266246	395	146	83	0	18	427	311
SRR17063163_k141_585814_1_86888282	458	240	145	0	8	541	506
ERR3281038_k141_584950_6_11563851	334	186	52	0	32	222	183
SRR13727531_k141_3800_1_128873355	19	98	73	0	13	227	121
SRR10132621_k141_377394_1_282055436	372	89	77	0	358	351	413
ERR11269305_k141_1326077_6_202652591	527	158	83	0	20	257	516
ERR11269307_k141_631997_1_206051492	305	208	97	0	9	495	450
ERR4678632_k141_76723_1_108893861	348	125	66	0	8	357	419
ERR3761208_k141_772655_3_103610442	355	205	93	0	16	544	316
ERR3281023_k141_312774_3_2645006	466	135	59	0	269	492	254
ERR9903366_k141_113296_17_250920176	261	104	65	0	129	347	340
SRR22372550_k141_194615_3_187904187	397	247	95	0	3	376	314
SRR20681262_k141_194278_39_170138680	21	99	72	0	15	221	184
SRR14932637_k141_1254203_9_698324428	452	92	72	0	6	194	515
SRR21427518_k141_562390_1_146453012	210	152	112	0	1	372	266
SRR14751607_k141_2306120_1_470267547	305	130	65	0	1	348	212
SRR18749947_k141_343427_3_99622030	26	95	67	0	7	191	123
SRR14932661_k141_1225847_4_747780581	364	120	47	0	51	276	381
SRR22372567_k141_77438_40_195355841	259	89	72	0	1	172	443
ERR12084950_k141_697680_4_31854529	278	128	57	0	1	401	237
SRR13171211_k141_221962_279_45726110	249	194	58	0	40	229	183
ERR4869773_k141_599169_1_110721369	243	207	48	0	16	336	173
SRR6337687_k141_136153_3_503179891	370	200	142	0	4	254	311
SRR12404948_k141_2223883_1_45999328	172	138	83	0	1	366	459
SRR2107219_k141_75401_26_25070974	400	337	96	0	89	499	235
SRR10761721_k141_372194_1_72287077	203	133	62	0	3	449	247
SRR18749954_k141_80749_49_107304498	31	102	70	0	12	209	163
ERR3281040_k141_190530_26_22893606	217	117	64	0	1	384	365
ERR4678652_k141_129345_9_128920351	449	137	57	0	1	460	448
SRR2107215_k141_141793_20_23200577	519	260	148	0	16	583	517
ERR2338392_k119_400616_5_22109627	401	223	88	0	15	177	159
ERR4678567_k141_950224_1_2402538	350	169	65	0	2	452	432
SRR14932487_k141_843657_81_461368875	454	314	108	0	365	403	296
SRR14932621_k141_1155714_1_670451554	455	269	141	0	18	575	463
SRR10132669_k141_2110_1_298291475	62	140	91	0	17	240	137
SRR14751606_k141_832860_1_465925003	24	107	71	0	11	236	181
SRR3098764_k141_52177_1_674921	359	100	50	0	130	230	388
ERR1713336_k141_420310_4_88658411	170	95	54	0	0	235	461
ERR4678597_k141_808300_1_28250035	68	106	91	0	11	189	383
ERR11181245_k141_140147_3_4113163	257	97	53	0	8	297	313
SRR13727521_k141_162806_105_119560566	153	108	87	0	0	332	263
SRR12332666_k141_204694_1_218276066	133	118	114	0	5	255	116
ERR4678576_k141_1810749_3_38066742	412	213	128	0	7	497	510
SRR2938326_k141_169180_3_1961275	56	109	102	0	16	205	345
ERR4678688_k141_951556_1_275283012	178	101	91	0	36	246	336
ERR1414212_k119_98978_2_3371272	442	108	63	0	2	200	142
SRR8224501_k141_34123_2_25091300	62	113	98	0	24	236	336
ERR4678659_k141_383629_2_135802030	56	147	122	0	101	274	322
SRR3501850_k141_586662_1_26683556	144	148	50	0	417	424	132
SRR15237807_k141_127015_37_225399890	283	118	48	0	170	429	367
SRR14932675_k141_21614_1_772761172	341	124	60	0	4	332	115
ERR12084948_k141_154937_2_13602422	425	174	106	0	27	500	149
ERR1725939_k141_132886_1_194661049	502	254	146	0	74	554	480
SRR6747717_k141_794828_4_67196289	337	97	67	0	1	205	223
ERR3281040_k141_90077_24_22754197	197	140	72	0	4	462	423
SRR22372584_k141_268326_6_184635343	476	149	54	0	1	237	445
SRR8351385_k141_112970_32_208313692	371	159	64	0	2	477	464
SRR16108674_k141_1024411_1_537775671	27	95	93	0	13	181	284
ERR1726001_k141_61205_1_44328547	158	122	84	0	1	231	465
ERR5954433_k141_860450_1_216411006	473	153	94	0	9	460	495
SRR14932518_k141_534079_5_498456008	386	89	75	0	10	363	334
SRR6747726_k141_333574_1_76604997	425	286	77	0	16	403	164
SRR9852177_k141_1181727_4_276893964	361	152	88	0	5	422	467
SRR26726064_k141_144523_8_158578685	413	142	100	0	3	368	476
ERR4678623_k141_1885152_2_100415379	427	173	67	0	0	180	420
SRR10132627_k141_250168_8_285687521	339	142	91	0	2	375	473
SRR8517163_k141_287442_4_32061074	258	114	101	0	1	315	123
SRR11088473_k141_834030_1_400619369	435	132	71	0	3	295	187
SRR22372523_k141_356192_1_201577184	213	161	48	0	8	185	157
SRR9261044_k141_185265_3_247035818	485	260	114	0	23	579	510
SRR11088462_k141_455101_1_394114933	256	136	55	0	4	370	296
SRR15669517_k141_89327_2_135924472	539	180	100	0	10	290	526
SRR14932575_k141_526861_5_603618564	233	130	66	0	3	387	400
ERR4678650_k141_246776_1_126507321	195	88	70	0	1	254	260
ERR1713354_k141_489521_2_109198959	342	98	55	0	2	206	286
SRR2107210_k141_246753_1_21234120	485	175	58	0	3	212	461
SRR13727518_k141_221788_196_117539335	145	128	80	0	7	238	187
SRR13727535_k141_135323_50_132173501	292	103	58	0	0	182	152
SRR11548473_k141_496653_4_68334645	382	195	120	0	2	443	478
ERR11269308_k141_759795_1_207569841	44	101	90	0	16	182	314
ERR3858119_k141_465711_11_33391933	227	160	65	0	2	470	432
ERR4678572_k141_1195708_1_10631850	193	102	58	0	2	253	379
ERR3761241_k141_1145631_1_122350868	199	117	48	0	3	401	259
SRR13608728_k141_1118691_103_362965778	393	215	102	0	5	507	498
ERR4678618_k141_1039346_1_93055163	457	134	54	0	4	426	344
SRR3501886_k141_1195192_2_52600448	380	114	51	0	1	284	156
SRR6439733_k141_63473_4_221481087	364	149	82	0	1	432	443
SRR12479921_k141_147487_2_72613832	448	144	78	0	546	529	383
ERR4678602_k141_875076_4_65919856	245	128	50	0	4	421	396
ERR4678587_k141_326599_8_18947823	312	90	55	0	0	168	290
ERR3858114_k141_1326097_3_18637427	387	184	88	0	9	530	468
ERR2592277_k141_471414_1_63373649	476	220	113	0	11	508	374
SRR19238499_k141_212956_7_118553236	312	119	56	0	3	264	213
ERR5954381_k141_101956_39_178650313	431	182	64	0	139	491	149
SRR13171211_k141_150880_7_45925838	40	120	85	0	17	260	230
SRR8205411_k141_199150_1_194836503	301	133	49	0	5	194	144
ERR4678667_k141_301801_2_169039004	365	133	68	0	3	457	419
SRR12404949_k141_262263_3_127566133	39	98	84	0	11	181	316
SRR22372577_k141_9314_8_227696568	253	110	54	0	1	324	209
SRR13225451_k141_116507_11_339717661	179	94	84	0	1	191	470
SRR14751588_k141_522686_3_452320295	271	174	71	0	4	512	368
ERR1725966_k141_133409_2_179975969	381	131	116	0	3	302	502
ERR4678606_k141_865062_3_73485949	301	108	50	0	3	375	367
SRR9852180_k141_1152833_2_282954107	502	193	142	0	12	405	399
ERR3281032_k141_209912_1_9497839	338	133	51	0	4	161	406
SRR22372568_k141_77284_1_195960737	195	226	51	0	7	288	127
ERR4869742_k141_222047_2_91575596	277	108	61	0	2	393	234
SRR13727518_k141_1815_2_117261636	124	88	46	0	4	268	206
SRR14751588_k141_198049_1_451945020	199	125	51	0	1	437	277
ERR4678594_k141_702227_2_57534095	240	160	94	0	3	245	453
SRR14932514_k141_587989_1_490244464	503	250	136	0	6	457	493
SRR19238510_k141_967304_10_130848978	293	164	51	0	11	533	274
SRR22752011_k141_1848637_1_252502207	133	107	73	0	0	329	274
SRR14751603_k141_1132118_3_459303677	282	93	54	0	4	278	199
SRR18331973_k141_94717_51_145322400	423	161	92	0	7	213	509
SRR12113394_k141_116958_42_56722081	287	118	65	0	1	267	224
SRR18331979_k141_31533_4_178998429	420	233	135	0	7	535	514
ERR4869824_k141_893_1_256730369	347	180	54	0	25	280	177
ERR4678568_k141_760132_6_3795700	422	228	116	0	12	552	503
SRR6797134_k119_18178_5_21966966	213	175	48	0	22	218	128
ERR4678658_k141_297622_3_134603208	235	132	87	0	1	336	473
ERR472738_k141_82173_12_63117868	198	159	48	0	2	487	242
SRR22372520_k119_172488_1_184070146	496	104	98	0	263	287	513
SRR22372542_k141_49218_2_214820312	120	201	47	0	17	172	143
SRR19238497_k141_682522_4_116654464	54	91	67	0	15	171	136
SRR25018392_k141_232997_1_622565202	377	119	91	0	4	357	270
ERR4678576_k141_2086474_1_37966182	166	102	81	0	1	209	462
SRR10132663_k141_262806_2_294720248	261	125	70	0	2	282	471
SRR11548473_k141_114314_1_68169811	28	113	76	0	12	231	194
SRR13727528_k141_610495_1_126473226	330	192	137	0	7	261	320
SRR14932477_k141_768494_1_443645761	345	184	142	0	15	504	311
SRR14932639_k141_927792_3_701628907	368	174	90	0	5	531	474
SRR12404958_k141_2174293_4_49726354	233	237	78	0	28	338	183
ERR2985274_k141_14290_3_76785815	209	129	61	0	2	419	336
ERR1725999_k141_8680_2_7523357	481	186	130	0	3	300	482
SRR26726066_k141_356625_5_160656453	300	139	67	0	0	279	276
ERR11269297_k141_12997_19_53794738	78	99	101	0	128	237	333
SRR19238501_k141_468611_60_119714903	51	114	78	0	10	245	206
SRR14932676_k141_696884_12_774539108	189	129	45	0	6	423	331
SRR12113407_k141_1357898_2_81047319	448	227	116	0	76	470	424
SRR18331990_k141_45020_1_174204579	30	96	84	0	6	187	329
SRR4754862_k141_998756_4_118589825	413	182	101	0	7	554	484
SRR7369917_k141_952158_1_15601972	292	178	79	0	10	479	441
SRR9852190_k141_379113_1_300864095	436	205	129	0	16	524	433
SRR2107178_k141_134820_16_17955440	272	95	68	0	60	343	406
ERR2592268_k141_163995_3_19286249	204	97	55	0	2	325	402
ERR2592244_k141_190580_2_33798832	27	92	85	0	17	173	262
SRR2103008_k99_144349_1_17068407	217	257	76	0	24	159	206
SRR14560427_k141_8830_2_422611534	211	117	57	0	7	297	173
SRR14932668_k141_758576_1_763423276	263	217	49	0	19	284	202
SRR21694252_k141_803624_1_573485183	250	135	105	0	2	374	347
ERR4869709_k141_59669_1_66925997	318	181	82	0	9	540	454
SRR10132632_k141_79015_1_289937406	196	107	54	0	6	292	132
SRR22372577_k141_485412_1_228062406	167	309	91	0	24	312	141
SRR21203051_k141_20837_4_165690281	302	173	76	0	5	492	397
SRR22372557_k119_147745_4_206040039	133	125	71	0	37	220	133
SRR14751619_k141_1382632_2_514054651	111	89	99	0	3	321	172
SRR19238503_k141_436242_2_123014178	306	181	71	0	76	247	157
SRR9261049_k141_29862_1_249158803	390	111	57	0	1	340	219
SRR22372536_k141_306374_10_193525298	392	265	87	0	32	315	293
SRR13695361_k141_136613_13_241499312	404	241	115	0	4	501	443
SRR2107178_k141_33444_12_18088064	444	255	122	0	16	571	510
SRR14932613_k141_1028421_3_655540893	352	123	46	0	15	205	147
ERR4678601_k141_114071_2_65113877	283	129	65	0	1	375	446
SRR14932664_k141_891360_1_753269831	217	148	81	0	1	440	285
SRR18749952_k141_370866_2_104729032	204	156	102	0	31	332	274
SRR14932623_k141_843759_2_673335707	255	147	60	0	400	459	355
SRR13727529_k141_702305_52_127899061	236	89	63	0	2	320	398
SRR18749960_k141_809395_2_92696375	448	252	132	0	20	581	509
SRR18331981_k141_51010_2_179255777	299	92	100	0	1	306	404
SRR13727519_k141_306414_107_118895109	39	119	73	0	16	232	191
SRR21694252_k141_1930698_1_573802058	178	154	58	0	4	499	391
SRR8517159_k141_1034985_1_58540005	524	268	159	0	24	597	517
SRR14751629_k141_1027258_10_525871286	313	145	61	0	9	508	379
SRR11088413_k141_216801_1_129489962	279	134	92	0	2	349	466
SRR22372549_k141_53348_3_66908	96	106	69	0	48	206	376
SRR6797130_k119_46890_3_6872179	405	229	126	0	6	537	434
ERR3761241_k141_577858_56_122184141	471	234	136	0	17	551	466
SRR9852189_k141_612923_1_165287852	407	110	61	0	0	317	411
ERR4678639_k141_1137569_1_142191025	36	98	90	0	18	184	291
SRR19238497_k141_61940_4_115776655	451	295	106	0	157	293	198
SRR22372524_k141_100445_3_202201678	505	136	62	0	11	212	514
SRR13608737_k141_1333510_1_366008917	253	192	56	0	9	247	129
SRR14751609_k141_536651_1_489136576	223	118	108	0	13	325	298
ERR5954409_k141_925355_3_199796563	159	163	67	0	4	484	388
ERR5954369_k141_1097876_3_170488254	427	225	68	0	5	503	155
ERR11269308_k141_380233_2_207402069	508	261	160	0	14	593	517
ERR4678602_k141_138081_9_66468084	265	115	62	0	17	276	172
SRR8745619_k141_22206_1_25282076	362	93	52	0	26	223	273
SRR14932485_k141_1651822_3_456095849	269	193	54	0	13	245	154
SRR17063168_k141_1260717_2_543226195	257	157	55	0	3	396	202
ERR12084948_k141_2596647_1_14662112	324	193	63	0	9	505	370
SRR21203041_k141_9134_2_178224307	554	312	173	0	59	627	521
ERR5954442_k141_630076_1_221206929	312	179	106	0	9	526	404
SRR14554404_k141_357261_10_399765967	376	187	96	0	3	477	449
ERR1713371_k141_513959_1_126422168	46	89	83	0	24	184	291
ERR4869747_k141_521372_3_95100944	205	154	99	0	3	476	400
SRR10132660_k141_737191_2_292683295	25	118	79	0	11	241	220
SRR12964614_k141_1337000_1_115491315	49	95	93	0	6	196	311
ERR4678560_k141_732711_1_151031228	193	154	95	0	1	421	402
SRR14492177_k141_543523_5_373525655	64	89	89	0	15	204	330
SRR14751603_k141_252821_1_458630675	322	182	75	0	2	532	439
ERR1713363_k141_262478_1_117625220	245	132	71	0	6	455	392
SRR18749954_k141_273194_5_107319124	82	124	76	0	21	292	272
SRR14560478_k141_458660_2_451572441	210	132	48	0	217	423	347
ERR5954477_k141_585350_45_242791043	149	139	48	0	4	469	201
SRR13727538_k141_8937_2_134503546	296	121	110	0	3	408	158
ERR5954389_k141_592356_1_186245018	471	258	125	0	25	579	489
SRR9852208_k141_1124464_1_337601740	470	171	92	0	8	497	443
SRR8208348_k141_1332850_2_198351437	421	208	82	0	9	480	423
ERR3761221_k141_956057_1_21166811	286	145	62	0	4	455	413
SRR21705852_k141_536716_10_579162776	260	104	70	0	1	229	260
SRR13225455_k141_122692_1_342423491	210	148	97	0	3	327	142
SRR22752014_k141_974669_1_260595243	227	109	46	0	2	323	323
SRR20681262_k141_12594_1_170483281	32	88	73	0	16	212	165
ERR5954401_k141_311389_3_193357401	212	152	56	0	2	456	423
SRR14560449_k141_423361_1_483675211	224	104	45	0	11	269	177
ERR11181243_k141_62519_1_3600470	71	98	89	0	18	215	304
SRR12404956_k141_1743290_3_152308667	28	95	72	0	14	221	178
SRR9852201_k141_472955_5_325145915	190	138	68	0	5	450	337
SRR22752046_k141_1391131_1_292392318	28	114	76	0	18	267	217
ERR1726003_k141_23762_1_36592687	279	137	55	0	4	462	311
ERR4869804_k141_17099_2_131481877	228	164	54	0	583	335	130
ERR1726035_k141_325743_2_22220197	378	200	98	0	14	557	491
SRR13171206_k141_172316_2_80437153	361	141	77	0	3	339	257
ERR2346693_k119_206894_14_44801929	334	160	57	0	6	500	425
SRR14560427_k141_314763_1_423170146	280	159	58	0	9	544	407
SRR14751624_k141_1039603_1_524069936	272	138	79	0	7	311	177
ERR1713395_k141_198631_1_152180628	96	110	100	0	50	217	329
ERR2592334_k141_699253_1_79158132	340	163	100	0	3	451	432
SRR22372524_k141_529167_55_201947749	345	149	74	0	1	431	465
SRR26502675_k141_1380388_1_229138491	68	89	74	0	15	239	290
ERR2592263_k141_432098_1_25335879	246	125	61	0	4	451	421
SRR21694252_k141_47468_15_574372815	427	236	112	0	18	556	479
SRR18331976_k141_1739_1_145950560	176	88	54	0	2	268	406
SRR1168574_k141_211930_1_76191443	504	181	95	0	35	309	361
SRR19238502_k141_483508_13_121258733	72	104	69	0	15	231	230
ERR1713411_k141_465791_2_170950877	278	136	77	0	12	404	432
ERR4678613_k141_271980_1_29398103	415	195	99	0	11	514	483
ERR4869831_k141_197082_2_158911033	553	333	165	0	367	627	515
SRR9261045_k141_7362_1_247376666	309	122	64	0	8	306	197
SRR18749965_k141_605233_1_110734682	212	200	49	0	21	224	138
SRR19238502_k141_325188_24_121330833	188	151	62	0	74	205	138
SRR10132627_k141_136779_24_286039995	236	134	63	0	4	440	416
ERR1713367_k141_2067536_1_121573394	449	184	117	0	5	530	495
SRR11536956_k141_173900_2_70906767	31	102	59	0	9	190	143
SRR10132632_k141_483338_1_289364225	321	241	65	0	35	297	206
ERR2592279_k141_237254_2_81108843	80	94	66	0	7	190	178
ERR4678658_k141_409557_1_133897974	372	130	80	0	3	208	516
SRR26726066_k141_168624_2_160435716	127	110	55	0	3	351	428
SRR12404961_k141_221945_1_10839151	504	214	125	0	19	566	510
ERR4222568_k141_662478_1_48740939	232	133	54	0	1	437	289
SRR8797412_k141_89567_3_60408044	33	91	91	0	16	189	293
ERR4678602_k141_26301_26_66699829	333	168	86	0	3	498	466
ERR3761240_k141_488529_1_47415004	526	238	162	0	20	582	515
SRR9852183_k141_585152_3_289359086	199	89	49	0	1	409	339
SRR14751621_k141_519508_1_519725695	93	92	49	0	0	198	141
ERR3281032_k141_233629_37_9529341	328	169	73	0	3	280	125
ERR12084963_k141_1460731_2_38617778	140	110	49	0	2	314	408
SRR9038830_k141_590332_1_220160673	224	108	70	0	3	253	343
SRR18749955_k141_340682_2_108141052	26	99	76	0	11	200	124
SRR21694252_k141_923933_1_573747940	272	166	76	0	3	461	168
SRR19786840_k141_171964_1_561532150	431	143	104	0	3	271	475
SRR14554391_k141_323510_3_395350645	289	140	58	0	8	451	356
SRR13225461_k141_152643_1_346634915	47	103	92	0	17	191	301
ERR1713352_k141_944038_2_107457986	211	128	50	0	67	424	323
ERR4678602_k141_438753_1_65908070	427	209	84	0	8	516	492
ERR4869703_k141_922752_1_22572710	240	127	52	0	4	450	387
SRR14560448_k141_584980_1_433944831	74	143	103	0	5	453	163
SRR24226006_k141_67272_40_220480285	162	260	55	0	131	223	156
SRR14932488_k141_309632_1_463590005	277	90	45	0	6	286	405
SRR13608732_k141_73456_37_389544997	262	90	48	0	4	233	163
SRR12354360_k141_129811_1_234660977	136	110	56	0	2	357	245
ERR1713380_k141_777859_2_132838147	175	154	102	0	3	398	457
SRR18749954_k141_223150_2_107748682	535	245	137	0	312	487	495
SRR5306400_k119_90208_1_497010483	336	220	121	0	9	561	380
SRR11536956_k141_2197634_2_70878668	237	132	60	0	3	366	427
SRR11088478_k141_2400969_1_44158983	253	114	61	0	0	390	454
SRR13171217_k141_154380_2_48672310	398	140	47	0	0	161	213
SRR15669522_k141_439105_93_143809350	502	227	85	0	14	322	421
SRR13727527_k141_681191_16_124289520	447	226	124	0	4	418	447
SRR14932637_k141_325423_1_697356405	457	201	62	0	49	200	280
SRR22372562_k141_146443_1_206948765	350	167	73	0	2	498	423
SRR11088417_k141_114791_1_145144119	451	264	141	0	9	577	463
ERR4678672_k141_482907_1_188436640	165	110	73	0	1	208	457
SRR13608737_k141_734936_2_365248602	114	178	48	0	14	165	151
SRR14932497_k141_1266522_1_473611655	517	125	97	0	0	273	486
SRR20309467_k141_689237_1_175898334	115	121	80	0	18	297	221
SRR14932613_k141_286787_23_655036283	382	160	64	0	48	564	332
SRR19238499_k141_280394_1_118345722	50	100	74	0	12	199	184
SRR18331980_k141_20451_1_179172394	306	277	87	0	49	373	193
SRR13727528_k141_174277_2_127308572	223	108	45	0	3	352	213
ERR4678612_k141_678604_1_82703931	272	128	103	0	4	402	400
SRR20309467_k141_160979_11_175336531	336	167	88	0	10	400	448
ERR2592271_k141_62361_1_14071407	81	90	61	0	0	206	188
SRR8648013_k141_1057395_1_20158647	454	89	62	0	5	291	365
SRR14560427_k141_770079_1_422732886	117	115	65	0	2	405	266
ERR4869758_k141_1279263_5_101446182	327	174	88	0	168	292	210
ERR5954453_k141_50311_7_228780632	259	142	76	0	4	471	288
ERR9855095_k141_200364_1_41105140	52	102	63	0	11	220	187
ERR4678688_k141_641435_2_275465347	172	101	54	0	4	366	325
ERR4869834_k141_1120627_2_162621925	377	123	56	0	106	328	301
SRR6797133_k119_139153_10_2820374	317	102	89	0	2	207	478
SRR10388057_k141_32216_1_18173504	470	247	46	0	9	248	532
ERR2985266_k141_181406_1_44637338	315	166	113	0	10	426	439
SRR14932666_k141_1288592_3_758998342	416	166	88	0	5	476	149
SRR4754862_k141_778578_6_117661532	250	163	80	0	3	354	307
SRR7369913_k141_784043_9_9988020	47	91	82	0	16	183	291
SRR12396704_k141_306107_8_236467615	403	223	95	0	7	476	500
ERR4869727_k141_792520_9_81490022	274	163	57	0	4	536	351
ERR1713374_k141_567990_5_189829917	519	284	169	0	16	600	518
ERR4678602_k141_601707_111_66066139	297	146	61	0	273	478	378
ERR1713385_k141_233728_2_140272485	256	112	59	0	3	268	419
SRR18331974_k141_46844_3_145445328	149	93	84	0	1	327	244
SRR13608728_k141_980338_1_362738927	366	206	70	0	312	371	212
ERR5954436_k141_676602_2_217270863	282	187	104	0	7	494	464
SRR14932488_k141_459871_2_463128488	372	149	97	0	183	414	324
SRR15669517_k141_76260_1_136312430	18	101	73	0	13	200	120
ERR4678565_k141_383867_1_158988340	250	123	68	0	1	398	476
SRR12964611_k141_164462_2_112685999	217	185	120	0	3	520	439
SRR22752036_k141_228742_2_265740352	398	104	56	0	0	157	153
SRR7369912_k141_1010761_2_8277948	416	267	105	0	256	391	254
ERR1713349_k141_1508451_4_100652009	282	143	106	0	0	411	447
SRR8512245_k141_10897_39_68848692	195	139	48	0	17	275	115
ERR4678656_k141_125057_4_131959001	312	109	46	0	22	171	187
ERR4869780_k141_1389258_1_113873995	20	97	61	0	9	187	117
SRR9852179_k141_109688_14_280305085	481	155	67	0	3	197	444
ERR11181244_k141_15713_4_3692586	242	98	57	0	8	305	281
SRR8224501_k141_373497_2_25549223	28	92	72	0	6	159	304
SRR11088469_k141_334120_2_14249741	273	127	55	0	3	348	390
SRR11088485_k141_1437572_2_408092016	448	120	54	0	0	165	247
SRR14932545_k141_564827_2_551662766	463	143	63	0	18	384	384
SRR8208343_k141_1798540_2_6341602	455	207	100	0	419	530	384
SRR18331986_k141_123632_7_173549096	273	110	45	0	23	184	171
ERR5954389_k141_332692_1_187106724	21	91	56	0	10	173	146
SRR26726064_k141_175865_51_158694675	555	355	191	0	390	628	528
SRR9852169_k141_1386028_1_154986830	420	161	67	0	3	410	221
SRR25018398_k141_13284_6_626913828	452	234	117	0	13	556	469
ERR1713365_k141_165015_1_119945781	255	94	64	0	1	177	454
SRR22372576_k141_42727_1_227363865	348	137	66	0	57	325	196
SRR4754862_k141_962946_3_117467951	398	141	47	0	3	351	379
SRR13225459_k141_154624_1_346045878	24	114	77	0	16	258	206
SRR12340499_k141_114983_2_220327969	456	343	111	0	100	404	295
SRR11088418_k141_1172912_1_41421190	391	229	120	0	9	406	485
ERR4678568_k141_1001044_1_4213602	188	121	54	0	28	275	151
SRR14932575_k141_630033_2_604574125	355	183	96	0	181	302	494
SRR12964611_k141_291884_6_112432843	413	89	56	0	0	193	405
SRR9852202_k141_1081007_1_326959792	331	129	51	0	0	282	284
SRR18749965_k141_508385_5_110212713	197	144	87	0	4	437	390
SRR2107218_k141_224914_2_24751655	333	89	45	0	1	281	337
ERR11269305_k141_940631_5_202907111	271	149	88	0	0	231	199
SRR14560426_k141_281009_5_421480591	336	167	100	0	5	522	463
SRR13608700_k141_1620228_2_386035460	412	119	70	0	2	361	377
SRR18331973_k141_119531_1_145248785	365	139	78	0	1	262	503
SRR21427517_k141_1177_4_171824874	200	228	54	0	73	274	126
ERR4869722_k141_612042_1_76346484	402	244	150	0	7	541	488
ERR4678614_k141_735503_1_85392033	489	216	117	0	4	300	468
SRR12404949_k141_513883_3_126943993	21	98	70	0	9	201	155
ERR12084963_k141_1144483_2_37595952	167	111	61	0	2	354	375
ERR1713406_k141_279717_1_165006272	464	221	125	0	23	572	492
ERR5954477_k141_188404_1_242698459	288	142	52	0	21	492	414
SRR11674010_k141_328555_1_135113143	265	156	97	0	4	439	433
SRR14932535_k141_1135206_2_535130525	388	126	62	0	4	445	362
ERR4222570_k141_1074801_1_53278045	316	168	52	0	5	221	171
SRR21203057_k141_8615_1_166280882	44	95	85	0	16	182	306
SRR7369917_k141_885612_3_14867842	205	164	72	0	12	457	329
SRR6800322_k141_202359_1_189814527	476	242	134	0	3	533	482
SRR8797414_k141_23389_2_62824531	23	91	71	0	14	208	150
ERR3761240_k141_929354_2_47267383	261	188	77	0	6	497	327
ERR1713376_k141_337487_2_130407697	534	277	154	0	141	595	488
SRR18331972_k141_34017_3_145166998	293	149	92	0	1	310	443
SRR11088437_k141_614302_2_114343202	158	107	61	0	0	240	177
SRR3098779_k141_146679_16_52735615	420	140	94	0	1	440	466
SRR9852183_k141_826558_1_289725164	454	175	47	0	12	446	126
SRR12964611_k141_267960_2_112354971	352	123	63	0	3	371	406
SRR24226002_k141_24751_44_211542946	215	258	59	0	17	258	155
SRR2107177_k141_283122_1_17805738	162	95	53	0	1	321	287
SRR14751605_k141_1167667_1_462805198	212	99	47	0	0	338	301
SRR6747800_k141_357271_2_176250516	374	151	53	0	30	386	303
SRR19786844_k141_253393_1_563895874	122	97	100	0	3	306	153
SRR4833056_k141_611132_2_7028115	190	104	57	0	1	418	284
ERR1713337_k141_299552_1_89617800	391	124	67	0	3	352	478
SRR14751629_k141_129874_3_524479337	59	101	90	0	11	208	324
DRR125127_k141_218030_3_27821054	182	94	48	0	2	308	125
ERR1713369_k141_1026329_1_124565961	28	101	84	0	12	194	320
SRR11088392_k141_2062642_1_10011086	27	89	87	0	11	178	289
ERR1713406_k141_337136_3_165462142	62	97	65	0	2	402	121
SRR14932665_k141_2347557_1_755292491	385	106	55	0	6	409	424
ERR11269309_k141_461814_1_209020848	56	101	99	0	51	204	325
ERR11269310_k141_1995617_1_209639199	421	186	140	0	5	457	464
SRR14932535_k141_1609682_1_534322239	451	265	100	0	586	426	222
ERR11269306_k141_1235440_4_204121474	275	101	54	0	2	373	419
SRR13171215_k141_110989_1_46553406	230	96	89	0	0	275	198
SRR6986825_k141_83844_2_34261933	353	178	72	0	5	445	429
SRR13608701_k141_420722_10_347673202	440	100	45	0	16	161	366
SRR14932646_k141_55897_11_715887188	450	163	97	0	8	454	387
SRR13608737_k141_2390696_1_366867169	466	174	78	0	3	373	218
SRR14492168_k141_791246_4_369493953	245	187	61	0	29	324	182
SRR15669518_k141_430464_1_137268306	193	99	62	0	0	309	344
SRR13225459_k141_47992_1_346123302	38	120	80	0	17	256	222
SRR10132637_k141_74042_1_290495822	300	150	107	0	2	376	468
ERR1713373_k141_95809_2_128787878	143	95	61	0	3	275	415
ERR5954382_k141_334005_1_181203132	440	142	52	0	12	159	355
SRR14751629_k141_352514_6_525228674	235	204	67	0	32	351	162
SRR18749957_k141_569090_1_161097880	445	227	112	0	7	569	486
SRR13608701_k141_1780719_4_349473265	439	264	159	0	15	567	487
ERR4869782_k141_1057555_2_114767895	178	147	54	0	2	448	353
ERR11269308_k141_138464_1_207546123	141	99	57	0	0	299	426
SRR15669520_k141_93721_10_139621363	459	118	86	0	3	249	362
SRR1702233_k141_119398_2_13290300	225	199	48	0	24	265	133
ERR4869722_k141_291901_1_76888360	318	170	88	0	4	469	428
ERR3761226_k141_1573761_4_101831446	173	109	52	0	2	389	228
SRR4754862_k141_39138_1_118465647	176	140	47	0	2	440	335
ERR4678587_k141_75177_1_18124557	478	165	91	0	6	210	337
ERR2592283_k141_418488_1_61799624	389	113	60	0	33	272	327
ERR9855093_k141_775797_2_27841419	489	256	152	0	20	569	521
SRR26726064_k141_304733_2_158738930	42	94	95	0	11	188	279
SRR1145849_k119_163798_2_10431743	279	118	67	0	1	385	438
ERR4222568_k141_840347_1_48769052	232	156	63	0	1	366	229
SRR11088398_k141_1056931_2_104958082	496	279	161	0	29	612	497
SRR21203050_k141_1858_1_163127228	22	92	92	0	22	184	276
ERR2592283_k141_1337066_1_60806032	25	102	95	0	78	217	289
SRR11088429_k141_485213_1_53776960	382	211	69	0	9	536	379
ERR4678603_k141_835429_2_67739874	328	125	57	0	0	326	356
ERR4678592_k141_40620_1_56027866	381	160	99	0	3	403	501
SRR6747780_k141_348049_1_128798152	458	161	76	0	170	447	252
SRR13727520_k141_100831_1_119330510	456	122	60	0	89	415	243
SRR14492168_k141_243690_8_369894384	405	176	104	0	1	323	244
SRR15237807_k141_218391_2_225499903	321	143	106	0	3	306	480
SRR14560417_k141_630473_3_481127221	98	102	55	0	13	463	241
ERR9855084_k141_803917_1_83140521	272	89	57	0	1	259	428
ERR4869814_k141_927857_12_139864567	221	103	68	0	140	238	127
SRR14932613_k141_221547_1_656690397	436	314	105	0	26	403	232
SRR14932548_k141_244886_1_557342699	345	101	57	0	1	156	180
SRR19786844_k141_81303_1_563493835	25	97	85	0	13	184	300
SRR15237812_k141_54112_2_246517376	135	97	48	0	1	288	319
SRR14560448_k141_660667_1_433368837	209	146	91	0	6	484	466
SRR6337698_k141_378300_1_510476744	390	142	75	0	32	364	228
SRR13225453_k141_266467_41_341647461	252	109	104	0	1	325	465
SRR8745617_k141_105800_2_19875	124	113	69	0	1	214	131
SRR8745617_k141_48148_24_41002	342	203	67	0	208	296	236
SRR13107692_k141_84852_1_334808465	187	96	102	0	78	273	336
SRR13107691_k141_666042_2_333954364	323	211	70	0	40	259	205
SRR22105531_k141_683356_10_137653851	48	93	76	0	11	190	136
SRR14932624_k141_621701_3_674914254	240	131	56	0	1	454	329
SRR21427516_k141_52685_1_47961882	358	144	77	0	11	429	303
ERR1713406_k141_682728_1_165159827	168	122	93	0	2	256	445
SRR18331983_k141_11787_1_179724201	221	134	61	0	3	413	393
ERR4678569_k141_719044_6_5099598	361	113	55	0	5	394	452
ERR4678654_k141_617492_1_129467026	393	129	76	0	1	286	475
ERR4678603_k141_294558_2_68216772	353	127	85	0	3	322	470
SRR11674017_k141_393757_3_137578060	402	334	108	0	62	434	266
ERR4678582_k141_4962_2_49407916	478	256	60	0	11	255	531
SRR21802947_k141_247916_2_590321115	337	185	103	0	4	460	399
SRR19238493_k141_320156_1_111086276	65	91	47	0	3	277	138
SRR14143317_k141_14999_5_49354311	60	136	86	0	18	308	242
SRR7369924_k141_654922_7_25204680	283	186	103	0	38	296	174
SRR20309467_k141_704152_4_175068579	378	215	129	0	14	476	472
ERR3761241_k141_945293_1_123135961	251	128	50	0	1	286	441
ERR1713371_k141_40936_1_126701090	418	177	91	0	22	511	453
SRR14751604_k141_1423732_4_460785077	445	223	137	0	9	571	505
SRR18331970_k141_55549_4_144728684	45	94	91	0	12	184	295
SRR6337694_k141_326837_1_507299790	311	170	74	0	4	514	380
SRR19786829_k141_235369_1_582517758	220	111	88	0	2	256	427
ERR4678649_k141_2135532_1_125138992	437	133	62	0	68	538	274
SRR13727522_k141_186904_10_119701416	352	103	59	0	4	319	264
SRR21203054_k141_5897_1_166002570	97	126	51	0	6	340	366
ERR11269305_k141_929003_1_202550281	250	114	93	0	164	230	332
SRR6747714_k141_249231_1_63610869	460	109	72	0	1	196	262
ERR2105753_k141_913027_15_19765527	215	143	48	0	2	481	263
ERR9855084_k141_922369_2_83011846	360	125	61	0	134	318	277
SRR14932623_k141_688892_1_673043130	264	129	81	0	7	379	364
ERR4869808_k141_893921_5_135334368	201	123	46	0	0	289	315
ERR4678579_k141_767775_1_44679801	452	238	110	0	88	586	496
ERR2592250_k141_41723_5_72077101	445	206	109	0	7	514	504
SRR14751605_k141_469289_8_463425013	204	147	92	0	2	373	477
ERR3281033_k141_77061_1_22043634	34	99	101	0	18	207	336
SRR6439740_k141_247202_12_3940731	416	98	83	0	3	290	396
ERR12084950_k141_1176894_2_32505671	238	100	66	0	1	329	377
SRR14751601_k141_443589_1_487046886	167	91	65	0	4	292	460
ERR11269295_k141_716984_1_50955454	17	109	76	0	16	238	195
ERR1726005_k141_713097_1_17162085	417	212	116	0	6	526	498
SRR24226010_k141_50674_21_189952230	362	226	57	0	245	556	133
SRR13727519_k141_141404_88_118605528	334	107	50	0	3	281	131
SRR14932613_k141_343461_2_655047448	459	166	65	0	16	201	501
SRR14560456_k141_388288_1_439558263	42	96	55	0	15	376	304
SRR8351382_k141_2057329_1_203600593	197	110	47	0	5	381	313
SRR19238496_k141_446424_3_115158915	185	145	55	0	1	416	373
SRR12964613_k141_432456_5_115013438	438	196	60	0	8	539	268
ERR1076074_k141_33138_2_436009	399	112	72	0	1	312	372
SRR14932654_k141_822195_1_734141957	344	111	59	0	40	346	228
ERR3281036_k141_170614_16_10689612	429	224	128	0	15	547	447
ERR2592264_k141_5912_1_3652239	218	102	84	0	11	217	414
SRR22752045_k141_67688_3_289043483	547	300	149	0	28	615	506
SRR9852200_k141_265852_2_322677311	389	134	78	0	2	488	445
SRR3098779_k141_190031_44_52239248	312	144	85	0	3	354	355
SRR14932485_k141_1263530_2_455283169	387	134	82	0	6	359	349
SRR15085116_k141_462109_2_51242794	300	238	68	0	41	268	136
SRR10761721_k141_1445159_2_73734117	288	105	56	0	161	286	223
SRR14932522_k141_962910_4_508003516	221	117	59	0	0	336	245
SRR22372573_k141_211594_71_226368272	337	175	94	0	4	476	413
SRR12404959_k141_253993_3_140470771	217	104	59	0	0	373	362
SRR15669519_k141_928521_2_139282001	280	146	72	0	5	464	413
ERR12084959_k141_480170_8_33601217	396	153	53	0	2	357	182
SRR18331985_k141_67075_8_173387261	188	110	46	0	1	262	196
SRR6747755_k141_144443_1_104824950	451	128	66	0	7	248	346
SRR12113394_k141_576043_1_56105938	388	134	62	0	1	419	434
ERR4678585_k141_422355_2_14255080	100	93	66	0	2	232	447
ERR11269302_k141_235353_2_198191205	316	202	100	0	3	491	465
SRR3501885_k141_814602_1_50370179	324	104	63	0	2	302	185
ERR3281030_k141_261864_1_8506666	165	91	73	0	1	182	454
ERR4678562_k141_992658_6_153003260	277	113	47	0	15	281	190
SRR14932485_k141_515411_1_454605950	397	146	45	0	1	189	273
ERR4869764_k141_819595_1_105642551	297	146	78	0	6	509	398
ERR1713390_k141_1076488_7_144793319	260	99	92	0	1	171	487
ERR2592255_k141_265272_1_48583072	372	176	101	0	7	511	464
ERR4678563_k141_1701765_1_156357092	205	101	56	0	0	292	390
SRR13727517_k141_401255_35_116344295	211	109	84	0	1	308	256
SRR14932552_k141_353901_1_564460191	504	199	120	0	10	510	402
ERR4869837_k141_469880_1_258204687	42	95	75	0	18	232	224
SRR1763384_k119_11492_12_14232276	489	194	110	0	23	288	510
SRR14932579_k141_512004_4_612416074	364	179	80	0	3	461	450
SRR19238502_k141_460570_3_121273919	21	96	61	0	22	234	186
ERR4678619_k141_703894_1_94622471	103	114	45	0	33	442	239
SRR13727519_k141_356024_117_118442008	316	110	96	0	34	314	353
SRR6747748_k141_467873_1_97991251	321	116	60	0	9	339	272
SRR13608700_k141_2040089_1_385862278	78	94	80	0	7	200	203
ERR3281037_k141_8064_1_11148616	255	183	66	0	18	196	250
ERR4869798_k141_732307_1_122452495	275	158	69	0	6	483	424
SRR9852204_k141_1191299_1_330090543	296	153	79	0	1	372	281
SRR14751609_k141_457320_1_490484878	293	124	76	0	2	172	489
ERR1713355_k141_2306_1_109494796	303	157	94	0	3	305	481
SRR14932592_k141_1437652_2_635305853	447	217	46	0	7	219	517
SRR19786826_k141_40931_1_549669874	203	135	74	0	3	424	306
SRR18749947_k141_116477_1_99897948	300	180	113	0	10	447	211
ERR11269306_k141_1484294_2_204327246	288	153	81	0	5	482	431
SRR22372584_k141_39529_4_184754784	269	156	91	0	3	470	457
SRR11088483_k141_1568538_2_405072937	328	120	52	0	20	269	178
SRR2107218_k141_158279_2_24494079	237	96	51	0	0	231	171
SRR21427515_k141_223401_16_47223162	112	102	58	0	0	283	144
SRR12404956_k141_2057743_2_152990148	198	116	71	0	0	390	120
SRR11088485_k141_382864_2_408787127	293	109	60	0	8	330	255
ERR11181245_k141_24078_1_4251262	55	107	93	0	34	215	322
SRR13608725_k141_1967313_1_359000074	351	126	80	0	5	405	277
SRR11088437_k141_3661594_1_114125419	412	211	68	0	9	492	122
SRR18331981_k141_33524_3_179216531	458	248	139	0	21	577	494
ERR4678602_k141_157533_2_67076105	31	107	74	0	29	238	187
ERR4869845_k141_744766_3_166842247	391	127	84	0	315	362	304
ERR11181239_k141_57615_25_2499491	347	173	82	0	12	541	440
SRR19238511_k141_918109_1_133102049	101	111	60	0	5	374	177
SRR13225449_k141_656565_1_337887092	284	109	73	0	1	307	444
SRR14751619_k141_1595837_1_514095197	92	123	86	0	16	278	178
SRR6337694_k141_240913_1_507495385	307	141	61	0	4	388	395
SRR13171211_k141_34117_4_45783635	326	144	49	0	51	194	157
SRR18331993_k141_20404_2_174636160	372	102	77	0	12	191	474
SRR4754862_k141_27960_2_118120847	482	284	140	0	67	620	471
ERR4678618_k141_278087_2_92908927	28	88	87	0	7	172	292
SRR15085118_k141_151058_1_52468174	258	128	68	0	0	208	114
SRR6986826_k141_54515_2_34756994	187	105	106	0	0	272	276
SRR14932538_k141_1004156_1_536930626	232	132	60	0	0	384	347
SRR7369915_k141_951564_2_12817381	180	120	69	0	0	406	321
SRR18331982_k141_105769_3_179385197	337	202	128	0	2	415	494
SRR15669518_k141_40874_2_137337104	188	89	47	0	0	332	224
SRR9261018_k141_258562_1_232996650	516	369	135	0	699	568	351
SRR12404958_k141_1227879_3_49559814	177	88	51	0	3	275	154
ERR1713356_k141_479687_1_112040832	501	90	73	0	2	341	468
ERR1713357_k141_66846_1_112224332	27	97	75	0	11	175	313
ERR4869824_k141_700395_1_258091336	176	134	94	0	1	380	243
SRR9261004_k141_72185_2_226507223	177	129	58	0	0	262	230
SRR14932656_k141_945783_1_737328827	361	104	58	0	53	339	249
SRR14932674_k141_174181_1_771800411	561	306	152	0	53	383	540
SRR20309469_k141_1287632_10_177940618	144	94	82	0	12	179	300
SRR14143317_k141_66013_1_49344044	190	114	52	0	0	310	425
ERR472738_k141_89037_1_63293057	142	99	52	0	1	370	349
SRR6439731_k141_708487_1_200281198	82	95	76	0	30	168	354
SRR10598217_k119_102301_17_51132457	255	114	100	0	2	226	474
SRR9261025_k141_242404_1_237161031	256	90	45	0	4	221	182
ERR4678602_k141_296384_5_66435867	247	171	88	0	4	463	474
SRR18331980_k141_40193_1_179077375	357	122	104	0	2	258	465
SRR9030454_k119_102060_2_230361193	378	201	107	0	3	506	479
ERR12084959_k141_1638749_1_34525987	249	112	78	0	9	415	233
SRR12964611_k141_395057_7_112971007	184	164	95	0	19	305	313
SRR22752013_k141_567658_1_257818476	420	98	58	0	2	308	413
ERR4678684_k141_332404_1_177558805	293	161	53	0	3	464	303
SRR13727517_k141_186295_49_116622865	177	135	62	0	6	456	425
SRR13727517_k141_170360_8_116743589	213	129	67	0	37	170	128
SRR5877432_k119_583959_2_58616779	295	273	105	0	593	390	157
ERR9855086_k141_1001904_1_43751022	79	96	68	0	15	226	228
SRR8831205_k141_256498_3_217233271	340	125	66	0	121	317	197
SRR14751621_k141_9761_15_518367881	543	274	159	0	8	573	508
SRR22752039_k141_77280_3_267938828	214	120	73	0	3	384	344
SRR9852212_k141_457231_2_345454911	351	104	50	0	1	347	340
SRR10598216_k119_146402_2_50865098	22	101	88	0	15	167	283
SRR13727523_k141_40681_155_120324546	356	117	72	0	300	360	240
SRR10132659_k141_116691_1_290915222	372	239	119	0	9	542	492
ERR4678604_k141_373067_2_68532521	149	97	64	0	8	327	371
SRR14560448_k141_109839_2_433813426	29	99	77	0	14	213	167
SRR14932675_k141_422452_4_772849016	493	143	109	0	17	168	495
SRR18749955_k141_247615_4_108363843	270	218	58	0	27	304	178
SRR12404959_k141_1506689_4_138942155	423	296	92	0	45	415	277
ERR4678659_k141_1206292_1_135217533	327	88	92	0	3	283	467
SRR18331983_k141_60594_1_179593310	303	156	99	0	1	338	465
SRR7369914_k141_507523_3_11406144	37	90	69	0	10	164	295
ERR3281025_k141_59703_1_4601562	396	215	107	0	11	546	471
SRR5278608_k141_506095_1_74923189	215	101	53	0	4	355	416
SRR3501861_k141_222189_1_44423265	144	103	93	0	138	246	306
SRR14751588_k141_283261_1_452683172	146	92	45	0	0	201	124
ERR1726009_k141_273635_2_73428867	66	145	47	0	3	256	248
SRR14751604_k141_1959226_2_460082551	337	139	87	0	4	397	327
SRR10598221_k119_288073_1_52576084	29	109	69	0	4	206	168
ERR11269306_k141_1412649_11_204592672	153	111	83	0	2	271	356
SRR13727541_k141_82561_3_135631551	120	98	53	0	3	180	121
SRR6797129_k119_98565_9_13353660	214	193	55	0	24	254	144
ERR3281023_k141_152665_1_2252165	156	105	57	0	5	273	267
SRR14751606_k141_2047828_1_466926764	37	93	91	0	14	190	301
SRR26726064_k141_232655_7_158696611	342	176	105	0	5	482	446
SRR13727517_k141_170529_180_116760541	30	108	77	0	12	236	215
ERR11269307_k141_1115732_3_206250754	275	112	47	0	28	230	233
ERR1713334_k141_480123_1_86770045	38	90	89	0	7	176	279
ERR4678640_k141_141304_1_142766809	199	104	47	0	3	385	373
ERR3858123_k141_259496_1_37501636	352	308	95	0	44	345	183
SRR6439735_k141_938527_1_1271012	476	109	105	0	24	297	381
SRR12404963_k141_1955825_9_78802553	194	134	49	0	3	382	260
ERR5954425_k141_508228_2_210721883	452	211	60	0	12	472	141
SRR13994250_k141_692139_1_439564681	476	106	88	0	2	278	294
ERR4678581_k141_363560_14_48330704	493	227	100	0	9	429	374
SRR7369922_k141_1128106_2_21039648	102	123	80	0	5	437	213
SRR14143308_k141_138128_1_73107433	430	179	51	0	11	157	358
ERR1726006_k141_194083_3_80837989	272	164	69	0	8	484	386
ERR12084963_k141_771504_2_37512484	185	134	45	0	6	415	344
ERR9855099_k141_553222_1_65922197	102	100	68	0	0	231	398
SRR19786825_k141_311906_2_549400981	50	119	85	0	14	245	214
ERR11269298_k141_971561_1_55010322	20	93	70	0	15	229	181
ERR1726033_k141_594359_2_9803575	517	284	151	0	17	595	515
ERR3761240_k141_1110644_2_47773579	157	137	90	0	5	446	155
ERR1713365_k141_135107_2_119827417	294	93	76	0	0	161	448
ERR4678591_k141_117302_1_55709706	37	90	81	0	7	163	287
ERR4222572_k141_351307_5_55885926	28	92	68	0	14	216	152
SRR9261046_k141_369741_2_247746586	292	93	63	0	58	211	168
ERR4869757_k141_491119_1_100721101	299	180	84	0	5	489	444
ERR1414226_k119_177593_20_4976627	504	100	48	0	0	234	437
ERR5954390_k141_57083_10_187815793	283	217	106	0	50	347	257
SRR13225455_k141_1310_1_341952730	423	172	113	0	13	472	477
ERR1713375_k141_158095_6_129359484	449	238	129	0	8	537	498
SRR18749948_k141_130060_1_100449323	81	142	51	0	3	429	139
SRR21694248_k141_213743_1_169485072	188	129	48	0	6	449	284
ERR2592343_k141_966756_2_11723172	343	200	110	0	6	457	500
SRR15237818_k141_620739_1_249432765	294	131	67	0	4	469	450
ERR4678648_k141_206838_5_121025843	386	200	110	0	5	520	501
SRR14554403_k141_17781_1_399282498	328	183	89	0	4	521	410
ERR11269307_k141_33366_1_206776677	187	131	47	0	11	425	332
ERR2592277_k141_236825_1_63758089	135	104	61	0	1	247	418
ERR4678592_k141_372494_2_56205873	349	186	123	0	3	369	493
SRR11088398_k141_147323_1_104183033	229	96	50	0	1	238	163
ERR4678582_k141_812949_2_49468461	366	165	117	0	1	344	490
SRR9261031_k141_284470_2_239539348	358	116	75	0	0	168	460
SRR14751606_k141_1206955_1_466233864	347	147	83	0	13	507	382
SRR26726066_k141_439858_1_160395714	340	245	96	0	263	357	259
SRR14932486_k141_889558_1_459329559	401	138	71	0	12	324	275
ERR4222567_k141_148418_19_47752943	274	147	65	0	2	418	280
ERR1725986_k141_148795_1_74423649	344	187	140	0	13	460	449
SRR9852194_k141_2245393_1_307250856	393	266	77	0	83	300	176
SRR13225451_k141_204756_1_339262187	139	104	102	0	61	240	334
SRR2107173_k141_168890_1_16186572	471	176	122	0	3	439	420
SRR14932573_k141_1260659_1_599922254	356	166	81	0	7	520	480
SRR14932513_k141_237266_1_487878039	247	96	49	0	15	264	178
SRR14932533_k141_2110150_4_528944500	459	250	148	0	138	540	334
ERR11269302_k141_437607_4_199422301	30	93	93	0	16	175	316
ERR4678612_k141_163448_1_83176691	205	124	64	0	28	293	147
SRR14932499_k141_1051941_2_477994761	447	169	86	0	491	428	143
SRR14932615_k141_412883_8_659425180	214	91	50	0	3	269	376
ERR4678574_k141_932913_1_24395609	205	105	81	0	5	345	433
SRR9261031_k141_328805_7_239823117	323	130	47	0	14	292	237
SRR22184781_k141_283693_2_613162179	87	152	59	0	2	427	136
SRR15237806_k141_443044_11_224454582	379	127	68	0	53	293	327
ERR3281039_k141_66387_84_12540349	161	104	97	0	123	234	361
SRR25018387_k141_519830_3_619890058	231	115	70	0	0	382	360
SRR21427518_k141_120482_1_146231740	298	190	71	0	11	271	138
SRR11088462_k141_51611_3_394726898	495	234	136	0	6	529	497
SRR14932623_k141_102542_3_672969763	362	271	94	0	35	235	480
SRR9852214_k141_565705_1_348229196	386	109	91	0	1	221	275
SRR14751620_k141_1365029_3_515679208	202	90	60	0	3	295	409
SRR5007141_k141_2651588_27_47428257	529	296	94	0	52	411	456
ERR11269306_k141_27097_2_204155547	331	153	104	0	3	341	483
SRR12964611_k141_103139_3_112957866	359	228	141	0	2	524	486
ERR5954384_k141_46926_7_181992646	325	164	85	0	8	502	427
ERR11269299_k141_445881_4_22845095	129	133	110	0	56	234	437
SRR15669522_k141_855554_1_143799469	386	321	105	0	145	408	233
SRR22372544_k141_199005_1_215607429	217	171	78	0	7	490	393
SRR8351382_k141_449424_4_202011334	433	156	155	0	2	218	198
ERR12084966_k141_256953_2_43060510	424	186	93	0	2	455	287
SRR18331977_k141_107979_1_178518554	424	180	103	0	4	409	467
SRR13107662_k141_395871_1_310130434	85	94	65	0	24	237	180
ERR1713395_k141_392293_2_152544339	25	101	90	0	21	192	327
ERR9903371_k141_121241_2_273368077	380	129	79	0	12	301	272
SRR25018387_k141_123757_1_619949347	235	150	58	0	5	453	335
SRR13727535_k141_153463_32_132152824	138	103	70	0	0	206	245
ERR3281034_k141_290956_14_9829603	218	142	82	0	26	221	206
SRR13225447_k141_496935_1_384038720	292	95	59	0	1	274	194
ERR4678575_k141_472927_9_36429098	345	99	62	0	2	247	391
ERR4678650_k141_739098_2_126317325	333	104	88	0	0	213	462
ERR4869764_k141_164239_5_106588113	118	90	88	0	1	272	189
SRR6747735_k141_27609_1_84995711	353	204	60	0	36	365	298
ERR9855092_k141_666236_1_54439862	238	193	104	0	5	482	452
SRR15669522_k141_309235_12_144077655	428	264	144	0	16	565	493
SRR21427519_k141_279908_1_147488015	46	91	96	0	22	192	337
SRR12404952_k141_3127007_1_96693362	229	158	87	0	1	308	435
ERR1076078_k141_29961_1_127190818	496	233	80	0	12	560	366
SRR13727540_k141_11980_4_135264986	87	89	88	0	0	231	202
ERR4678682_k141_13688_11_175262705	244	131	67	0	7	437	458
ERR9903368_k141_212875_38_493072546	192	119	52	0	3	433	336
ERR4869826_k141_617233_2_155636610	166	105	57	0	4	365	222
SRR14751601_k141_243885_1_487180898	49	93	96	0	22	202	305
SRR7369918_k141_1140171_1_17578094	403	190	103	0	4	539	425
SRR19238512_k141_451878_2_133955478	375	211	122	0	8	545	489
SRR21427519_k141_127709_6_147171552	353	193	137	0	2	412	487
ERR5954481_k141_258703_14_243419350	389	189	93	0	9	523	324
SRR15237817_k141_378378_1_248787441	479	112	82	0	13	202	468
SRR9852198_k141_1501170_1_318243515	55	89	83	0	18	190	275
SRR20309467_k141_101813_2_175842108	114	106	67	0	2	205	429
SRR19238498_k141_766768_6_116972184	391	192	93	0	8	533	476
SRR3098772_k141_130374_1_146833924	149	258	78	0	9	526	147
ERR4678660_k141_1059167_2_272281973	447	218	95	0	12	242	522
SRR9852192_k141_1390147_1_301484845	378	91	99	0	100	369	239
SRR19238496_k141_111914_3_115177498	217	149	50	0	5	462	404
SRR10131203_k141_24182_1_279803443	337	172	109	0	4	480	484
SRR13171211_k141_76842_4_45226800	253	301	65	0	73	248	173
SRR8797413_k141_823452_36_62239125	371	129	112	0	5	237	125
ERR1713369_k141_473601_2_123388035	493	230	56	0	14	269	531
SRR13225456_k141_605100_1_343259827	359	190	104	0	7	487	477
SRR12404958_k141_735623_3_48928340	321	244	65	0	18	239	141
SRR10132668_k141_429853_4_297498566	202	149	54	0	1	438	316
ERR4678604_k141_200234_2_69487787	193	110	68	0	1	348	422
SRR3501852_k141_365479_1_31010256	380	176	84	0	5	487	292
ERR4869760_k141_29970_2_103980692	440	204	162	0	17	516	517
SRR3098756_k141_93481_4_27321794	202	126	57	0	644	446	301
SRR8512220_k141_141085_1_61264312	146	233	63	0	30	160	142
SRR14932625_k141_298915_1_675542596	90	91	50	0	0	283	121
SRR10132662_k141_36331_2_294038143	462	203	111	0	9	550	493
ERR11181247_k141_74860_1_4792366	244	136	60	0	3	330	323
